record_index,pc1,pc2,dataset_source
34380,11.045611,-8.207152,instagram_data2
8893,1.0323042,13.734858,instagram_data
30069,-7.5231667,-2.0223954,instagram_data2
4063,12.085989,-12.722912,instagram_data
27532,2.8345842,-4.715773,instagram_data2
18185,-4.1579227,7.107824,instagram_data
7712,-7.601493,6.384637,instagram_data
536,-6.57575,-6.1122684,instagram_data
11139,-11.390818,-0.6567594,instagram_data
23965,-13.192638,-2.8836722,instagram_data2
8876,-4.727796,0.12688929,instagram_data
9640,0.06494675,13.604442,instagram_data
3491,-9.759158,2.4374523,instagram_data
12245,-8.064034,4.546977,instagram_data
28858,1.1959099,4.440011,instagram_data2
15614,-3.6557372,-10.721427,instagram_data
8647,-5.58658,1.2138395,instagram_data
12250,-0.6862453,1.4972456,instagram_data
7277,1.3228748,7.549788,instagram_data
9905,10.324798,2.8225894,instagram_data
8353,19.641888,2.049942,instagram_data
13926,7.1889453,2.8591225,instagram_data
26797,7.2340474,-2.0850816,instagram_data2
29445,-5.3465557,-4.8804083,instagram_data2
20316,-5.808662,-2.7369072,instagram_data
30913,-10.524269,-0.869801,instagram_data2
27832,3.3648176,-13.103505,instagram_data2
25557,6.2777934,-3.1103544,instagram_data2
23930,-12.5391445,0.77624214,instagram_data2
18841,6.596704,-4.0698433,instagram_data
15163,16.390316,16.209745,instagram_data
24659,-8.296426,0.11882506,instagram_data2
14935,12.615626,-12.5979,instagram_data
9206,-7.747154,-2.6457593,instagram_data
24612,0.48359603,-7.997515,instagram_data2
25535,6.9416413,-2.476046,instagram_data2
297,8.392001,0.23041701,instagram_data
17178,8.324001,-11.5151205,instagram_data
25447,1.3639976,0.13014953,instagram_data2
10448,-5.6263437,-5.9633875,instagram_data
30501,8.710343,-3.2892637,instagram_data2
19745,3.1215029,-0.7762957,instagram_data
2628,-0.7509117,5.2065153,instagram_data
1616,5.9941883,-8.933115,instagram_data
26093,-6.7628636,5.299756,instagram_data2
8715,-7.610101,-1.4614266,instagram_data
17718,0.424489,-9.948765,instagram_data
32512,-12.639449,0.11826042,instagram_data2
2765,-0.26971453,-2.8156915,instagram_data
23205,-12.298054,-0.8959266,instagram_data2
30938,5.7584834,5.5546465,instagram_data2
30176,2.1557782,-3.0530438,instagram_data2
8410,-2.6856172,-1.4306653,instagram_data
31457,3.183726,1.5760645,instagram_data2
33451,-3.7741919,-3.7005327,instagram_data2
21934,9.856707,5.3583465,instagram_data2
2349,2.8420064,-8.6767845,instagram_data
27581,-1.3939905,8.971685,instagram_data2
18058,10.228259,-12.84928,instagram_data
21705,4.8674355,-4.9050593,instagram_data2
13322,-5.4986334,-5.2700477,instagram_data
4789,-12.55433,-1.6073301,instagram_data
4489,2.1302297,-5.579105,instagram_data
19766,-0.06137743,10.571879,instagram_data
15503,-3.196032,-1.6560638,instagram_data
16406,-2.2037911,10.312871,instagram_data
9333,-3.766355,-4.2653046,instagram_data
32894,0.22205652,3.1585548,instagram_data2
251,3.2409053,6.228636,instagram_data
14126,2.9251676,-9.079862,instagram_data
387,-2.5052695,-2.7523093,instagram_data
15498,2.469458,-4.737146,instagram_data
24411,-8.125257,1.6731912,instagram_data2
2826,4.9792876,10.967742,instagram_data
26014,-11.834051,-5.0482097,instagram_data2
13928,8.051616,13.127248,instagram_data
11263,-15.99092,-2.9837046,instagram_data
19443,8.64673,-14.148042,instagram_data
11493,-13.162624,-3.6656613,instagram_data
6046,4.225762,0.023649087,instagram_data
34787,-4.815164,-8.1993265,instagram_data2
3003,2.54858,3.9166758,instagram_data
11162,-3.7799828,-9.070891,instagram_data
32525,-3.377781,-4.529766,instagram_data2
33486,5.407025,9.066714,instagram_data2
5287,-4.106936,6.429919,instagram_data
26420,-3.3529859,-3.701844,instagram_data2
30481,-4.8040643,7.9348345,instagram_data2
27076,0.902165,1.5766953,instagram_data2
15496,-1.3862759,-12.923006,instagram_data
17020,2.1189592,10.404347,instagram_data
7677,13.573624,5.7370915,instagram_data
34405,-3.1746986,1.4353836,instagram_data2
28246,-9.40377,-0.097541444,instagram_data2
26074,-5.3951325,-0.62569165,instagram_data2
8364,-4.934957,-3.2438498,instagram_data
34114,6.1078,-3.112828,instagram_data2
32484,-5.786196,-1.4760449,instagram_data2
111,19.74185,-7.653483,instagram_data
24280,-4.91421,-3.54251,instagram_data2
13736,4.933481,7.1268444,instagram_data
5003,5.674579,-1.4448642,instagram_data
15811,8.2621,13.936781,instagram_data
471,0.3570283,-2.9871912,instagram_data
28575,11.645881,-0.23356946,instagram_data2
29606,-5.2225914,2.54863,instagram_data2
20500,-5.5032344,2.0659635,instagram_data
31450,-2.2196965,-2.6000807,instagram_data2
887,1.5742725,-7.7695074,instagram_data
4990,2.0835106,7.5774846,instagram_data
7728,-11.51891,1.2217157,instagram_data
31142,-1.8555294,14.689127,instagram_data2
14348,-1.4648659,-3.8305407,instagram_data
27322,-8.380189,2.4813755,instagram_data2
19691,-13.424156,-0.35539293,instagram_data
14740,18.43021,-11.456267,instagram_data
30410,10.35579,8.098914,instagram_data2
20151,-4.4158874,3.514998,instagram_data
22619,-9.8667555,-0.059313193,instagram_data2
15495,-5.6921234,-1.5651941,instagram_data
27746,-4.2267604,2.5713296,instagram_data2
9502,1.1404402,-2.2299109,instagram_data
19223,-8.557838,-3.6900141,instagram_data
18129,-1.1617761,10.930166,instagram_data
6833,5.4062014,8.723154,instagram_data
26934,-8.615644,1.8022892,instagram_data2
7128,-9.896311,1.6326073,instagram_data
3300,-5.7710333,-3.0072868,instagram_data
7300,-1.6026112,12.519209,instagram_data
2823,0.8362742,5.59958,instagram_data
33909,9.720551,-4.035237,instagram_data2
6173,-3.33895,-1.0274124,instagram_data
25751,5.3914,-2.3011284,instagram_data2
27898,-13.163719,-2.2450738,instagram_data2
29604,-4.363523,2.866055,instagram_data2
10115,-8.832961,-5.4545717,instagram_data
33210,20.765818,5.9898233,instagram_data2
20017,-0.5991653,-9.596384,instagram_data
33032,-14.781491,-3.8190572,instagram_data2
18805,-5.913619,0.66013914,instagram_data
12747,5.9799495,7.825189,instagram_data
25377,-9.1992855,1.3034464,instagram_data2
25929,7.627725,-13.819819,instagram_data2
5347,9.89494,-17.135536,instagram_data
28283,-13.766772,-3.8915884,instagram_data2
17521,1.5778711,-2.5298016,instagram_data
16661,-4.809695,4.5526304,instagram_data
18304,26.129372,-21.138788,instagram_data
32784,-5.665132,-0.45267442,instagram_data2
26534,14.91751,-5.951124,instagram_data2
2400,5.4529133,9.918374,instagram_data
2493,-9.505106,-0.6490053,instagram_data
1022,1.6372108,-13.659849,instagram_data
28355,-2.1827636,0.7883578,instagram_data2
14918,-6.1427364,-0.9663056,instagram_data
13825,-0.5697881,5.3109784,instagram_data
13396,8.977313,1.3823453,instagram_data
16130,-10.838736,-2.390368,instagram_data
5134,-8.367892,0.63634163,instagram_data
12342,-6.458449,-1.7997496,instagram_data
22359,-2.8693914,7.8446484,instagram_data2
34181,5.911379,9.674642,instagram_data2
2708,-3.510812,8.163692,instagram_data
8847,2.9560623,-4.6706696,instagram_data
10359,-3.1195002,5.037768,instagram_data
7338,3.6853075,9.827276,instagram_data
32062,8.470596,15.942305,instagram_data2
27530,-4.2551875,7.9935446,instagram_data2
7665,-7.2005553,5.779078,instagram_data
11503,-7.692831,-4.9347863,instagram_data
8202,-6.720174,0.5296552,instagram_data
25022,-7.5687876,-1.0498865,instagram_data2
6342,-1.6354738,12.201674,instagram_data
29513,-3.080876,-7.3822527,instagram_data2
22343,8.397601,0.24593455,instagram_data2
23447,2.8220003,-5.305356,instagram_data2
32350,-11.6235895,-2.5802472,instagram_data2
14616,-0.5688631,9.119147,instagram_data
2703,-11.093305,-0.7659832,instagram_data
26239,-8.814511,2.9059548,instagram_data2
21566,-2.262075,3.9701195,instagram_data2
26681,12.02831,-18.642567,instagram_data2
8006,-0.090843745,9.697381,instagram_data
32984,0.027698025,11.806759,instagram_data2
19779,1.0325638,3.209177,instagram_data
26431,-8.315425,2.6033132,instagram_data2
13747,0.058626343,-6.9757824,instagram_data
584,9.427787,3.274321,instagram_data
17795,15.73892,-16.279547,instagram_data
85,2.2119029,7.036356,instagram_data
33022,8.707713,5.5655828,instagram_data2
15607,-8.94562,2.6554816,instagram_data
12594,-10.0303545,1.4623501,instagram_data
22367,-5.188898,3.4042995,instagram_data2
28100,-1.3958391,-0.43049023,instagram_data2
14949,-3.4690208,0.833226,instagram_data
5077,-9.257794,-6.245456,instagram_data
8693,3.0073464,0.636485,instagram_data
33645,-2.27321,5.432757,instagram_data2
28651,5.3256803,3.47895,instagram_data2
27689,-5.864958,-2.2399209,instagram_data2
8264,-4.574966,-0.013671339,instagram_data
17412,-7.5172787,-5.686361,instagram_data
10450,-0.639053,1.656073,instagram_data
20021,4.6584773,2.8004966,instagram_data
26484,-3.4664705,4.5742536,instagram_data2
16474,-2.9590328,5.5468426,instagram_data
13585,-11.034838,-1.156746,instagram_data
29285,-9.3128805,-9.517119,instagram_data2
23471,8.872242,14.881916,instagram_data2
13671,-13.591032,-1.7281766,instagram_data
31145,-9.677937,5.288392,instagram_data2
22566,4.4657283,-7.1350036,instagram_data2
16832,-2.2605443,10.879565,instagram_data
31438,-12.413973,-2.154435,instagram_data2
154,-6.516233,-1.3486923,instagram_data
34182,-3.6626525,3.5200033,instagram_data2
18935,-10.038179,0.54888064,instagram_data
14451,5.824931,13.982358,instagram_data
3908,-0.92349845,3.9012153,instagram_data
23012,1.1639266,7.8144255,instagram_data2
533,-8.020887,-0.20795868,instagram_data
985,-2.7610438,3.2170537,instagram_data
19359,0.7534186,3.3314438,instagram_data
26704,8.175498,7.1096945,instagram_data2
14240,-7.7214646,-0.522139,instagram_data
31444,13.40498,-7.4440007,instagram_data2
6067,4.1641517,14.233166,instagram_data
21784,-13.482406,-2.679944,instagram_data2
15088,-6.299917,3.2954698,instagram_data
5669,35.757397,0.58067095,instagram_data
8919,-5.721806,-2.2683032,instagram_data
8701,-0.17545956,-5.1130915,instagram_data
10835,-6.6716356,-1.5557103,instagram_data
16265,-10.113928,-2.6972778,instagram_data
24054,-3.429134,7.533223,instagram_data2
3086,16.017334,7.5215683,instagram_data
17440,-1.6047018,-1.1803917,instagram_data
5976,14.5397005,-9.861181,instagram_data
23705,4.9091444,11.255913,instagram_data2
8895,-0.93347985,-4.929927,instagram_data
7034,-11.259064,1.5519633,instagram_data
33623,-7.1277666,-0.58991474,instagram_data2
26801,1.027345,1.4257233,instagram_data2
34792,-1.9559562,-0.5562318,instagram_data2
16961,-4.6981273,5.686589,instagram_data
20853,9.065928,3.0010102,instagram_data2
3782,0.4803203,-6.69805,instagram_data
34328,-5.773381,-9.595863,instagram_data2
8941,-1.1724857,-0.35561556,instagram_data
5096,-1.4064522,-1.7973516,instagram_data
17989,-9.050005,1.9927627,instagram_data
6288,6.048016,16.124714,instagram_data
27366,-11.963977,-2.8382227,instagram_data2
16534,-7.1020236,0.99745387,instagram_data
9063,11.714682,18.16374,instagram_data
20669,8.839489,12.803715,instagram_data2
34174,-3.1316924,8.240476,instagram_data2
1107,14.518285,6.939013,instagram_data
20472,-4.2616377,-9.293265,instagram_data
23295,-1.4366008,2.1552238,instagram_data2
2283,2.126214,1.3223277,instagram_data
4185,-4.6751194,-1.5992672,instagram_data
8329,-10.585879,0.31586897,instagram_data
32390,-2.7653148,-12.08939,instagram_data2
7811,0.7578313,13.641939,instagram_data
14,-5.958448,0.60242385,instagram_data
31219,-10.4714985,-5.286129,instagram_data2
10670,-12.641398,-2.8290403,instagram_data
23630,-5.6486425,5.0576525,instagram_data2
1462,14.077806,-9.617824,instagram_data
17841,-6.7626166,-5.4078026,instagram_data
23330,1.3469852,6.3136325,instagram_data2
10672,0.7849488,-9.015817,instagram_data
1510,26.09301,-2.5001898,instagram_data
7398,-10.277689,0.23540975,instagram_data
26675,-2.8668056,-1.0019606,instagram_data2
14719,-6.0408792,-0.6994243,instagram_data
3859,-12.053117,-3.127329,instagram_data
2691,-13.733775,-0.2973089,instagram_data
12611,-6.1081395,4.375281,instagram_data
4218,15.391514,-16.487942,instagram_data
13071,-12.366371,-1.4966149,instagram_data
8823,-8.616143,-3.0654755,instagram_data
25836,-0.6682502,-10.370528,instagram_data2
6188,-13.736813,-1.1777219,instagram_data
29815,-3.372238,0.93376565,instagram_data2
23740,10.512372,-11.916813,instagram_data2
2396,11.533453,13.307145,instagram_data
13405,10.720856,1.7786975,instagram_data
2667,-7.0630584,1.486276,instagram_data
11919,-7.292499,-7.1832056,instagram_data
3992,-10.77252,1.8407042,instagram_data
18976,-9.431007,-6.153339,instagram_data
9089,-4.905663,6.581296,instagram_data
33001,-9.819543,1.5420655,instagram_data2
17610,12.286294,10.183546,instagram_data
10374,-4.0090795,-2.8629336,instagram_data
6409,9.136859,-2.6422675,instagram_data
18955,9.12975,5.54667,instagram_data
32779,-1.6850146,11.412968,instagram_data2
342,1.2900493,-2.7565339,instagram_data
9548,1.8942059,-1.3667996,instagram_data
33721,-1.9208905,-9.705485,instagram_data2
9835,-6.355635,-9.807914,instagram_data
12184,-4.8781476,7.418872,instagram_data
21064,7.0573845,-9.09213,instagram_data2
24823,-1.4812179,-3.5535786,instagram_data2
13957,1.0286908,-3.004482,instagram_data
25383,-0.7471924,-4.6485095,instagram_data2
26078,-9.519092,-2.0230322,instagram_data2
29425,18.217302,-8.630419,instagram_data2
16138,-2.2705812,-1.2971278,instagram_data
25137,-0.5506457,9.210115,instagram_data2
4659,-7.3324227,-3.3071802,instagram_data
22943,-13.767863,-0.15645269,instagram_data2
5354,27.147608,11.580284,instagram_data
33317,-9.498218,-1.1960361,instagram_data2
31161,-9.011443,2.5657265,instagram_data2
11735,-6.7435827,-2.4146676,instagram_data
25668,2.4748418,-2.3287544,instagram_data2
12885,-7.4463997,4.9316144,instagram_data
21475,-9.301546,-5.607086,instagram_data2
1874,-3.2954767,-2.3561087,instagram_data
11894,-15.767539,-1.6320671,instagram_data
10504,11.524243,6.3125367,instagram_data
4302,2.7466025,1.1404419,instagram_data
27988,-9.581579,4.835507,instagram_data2
28455,-3.3337977,-15.855643,instagram_data2
10453,-3.9359639,7.698851,instagram_data
21457,-6.579743,-10.530661,instagram_data2
26868,14.666202,21.043886,instagram_data2
17953,-3.9012222,5.4244504,instagram_data
24109,-8.413091,-3.058418,instagram_data2
17932,3.2944567,4.7127004,instagram_data
17465,-1.2735081,-8.850917,instagram_data
5670,7.502762,-3.8149118,instagram_data
4868,-1.2370764,-6.1913004,instagram_data
27439,-7.949146,1.7863852,instagram_data2
6850,7.6681705,9.677808,instagram_data
13016,-13.605029,-2.5071177,instagram_data
17387,-14.453724,-1.4102101,instagram_data
11499,-11.108249,-4.852826,instagram_data
21251,-5.7279673,1.5489708,instagram_data2
12538,20.330019,6.49314,instagram_data
10613,4.8330665,-10.348137,instagram_data
22986,3.7829113,-5.791892,instagram_data2
21418,-4.358213,-7.7930565,instagram_data2
1173,0.5126795,2.1525722,instagram_data
11801,-2.6144435,8.41236,instagram_data
9753,3.228149,-6.8756137,instagram_data
4583,17.093298,-5.8027225,instagram_data
26564,-4.295445,0.4450828,instagram_data2
25729,-13.392971,-3.129867,instagram_data2
13494,1.7062634,-8.821216,instagram_data
17713,-2.2191026,3.8006752,instagram_data
23059,-10.257717,5.1489253,instagram_data2
23682,4.5394535,-10.79203,instagram_data2
20727,-3.5082726,2.5730057,instagram_data2
18761,10.841418,-11.405786,instagram_data
30473,2.8530827,-5.2042966,instagram_data2
33658,-5.2791815,2.895509,instagram_data2
10104,-0.8510903,-3.3417609,instagram_data
34448,0.8823583,5.0455465,instagram_data2
134,9.24338,1.3745269,instagram_data
19748,0.2545851,9.742786,instagram_data
674,-10.648622,-3.8745272,instagram_data
34623,-11.062064,-3.93612,instagram_data2
4413,0.650553,-3.3081443,instagram_data
8646,-5.6908937,-4.6432643,instagram_data
24460,-3.5044415,-4.1277666,instagram_data2
27294,-7.4347315,0.048500076,instagram_data2
1403,4.620115,0.5291491,instagram_data
16472,-9.268918,1.5135127,instagram_data
31540,-9.139992,4.1298404,instagram_data2
17080,-1.264999,2.3902457,instagram_data
30227,-2.9673066,-0.40724814,instagram_data2
32628,-2.5729604,8.982595,instagram_data2
27644,-6.3079476,-3.753853,instagram_data2
19951,8.49684,-7.174026,instagram_data
19429,6.3326297,9.095579,instagram_data
30649,-8.07843,-1.0394714,instagram_data2
31907,3.8824854,-4.0105505,instagram_data2
966,-0.3475222,9.997917,instagram_data
1433,23.711664,-21.96621,instagram_data
5162,14.782511,10.563075,instagram_data
17473,-6.2761283,-6.8863883,instagram_data
12710,17.922611,27.218506,instagram_data
31044,-11.034018,-1.2298042,instagram_data2
4971,17.756557,-3.7337985,instagram_data
33339,2.873115,7.59859,instagram_data2
6561,14.033055,6.294605,instagram_data
18516,5.000508,-5.401606,instagram_data
29171,2.7528088,-8.958655,instagram_data2
17431,-7.6303988,0.5623539,instagram_data
4481,-9.227186,-2.9101734,instagram_data
33826,4.3497386,5.6667852,instagram_data2
13679,-12.496139,-0.43810868,instagram_data
33424,5.63102,1.5102879,instagram_data2
8246,-8.527424,-3.2082512,instagram_data
34510,6.6649714,-1.0523067,instagram_data2
28904,-2.3603542,0.62633294,instagram_data2
1473,12.062473,-11.513301,instagram_data
23900,1.428837,4.4037814,instagram_data2
7263,-8.56688,-1.6899332,instagram_data
4018,-12.789641,-1.0651963,instagram_data
447,4.3727803,4.122398,instagram_data
26297,-6.5697327,3.056142,instagram_data2
15408,2.8029373,3.7048976,instagram_data
5376,-7.421758,4.0508413,instagram_data
27324,-12.442579,-1.5354757,instagram_data2
13840,23.566442,17.273417,instagram_data
1139,3.7934613,0.5027913,instagram_data
21498,-6.4949718,-8.089279,instagram_data2
34866,-4.298948,0.058675334,instagram_data2
7343,1.3387334,-12.253187,instagram_data
3062,-6.4094505,2.6871948,instagram_data
21121,8.352609,-2.9996989,instagram_data2
6001,-0.50013125,2.6496496,instagram_data
15681,-4.2889404,4.7910166,instagram_data
22886,-8.082504,0.7820955,instagram_data2
31557,-12.479233,-2.322451,instagram_data2
5483,-9.940856,-2.084348,instagram_data
9846,-10.75952,-0.97836155,instagram_data
9520,-3.889373,-13.85394,instagram_data
15175,12.896889,-13.036062,instagram_data
5436,-8.574672,1.1265475,instagram_data
11151,-4.4709244,3.4153159,instagram_data
30128,1.9468158,12.73864,instagram_data2
27273,-9.356853,-2.792869,instagram_data2
13107,-10.415219,-0.2839581,instagram_data
2973,-0.73194057,10.181171,instagram_data
27637,10.724778,7.226307,instagram_data2
18379,18.305487,13.72438,instagram_data
16759,-1.4007783,-14.768725,instagram_data
30627,12.952926,10.055438,instagram_data2
13106,-10.415219,-0.2839581,instagram_data
19181,6.8733554,-7.0948133,instagram_data
25450,-8.567176,-2.516016,instagram_data2
10300,-10.491885,-2.2655098,instagram_data
20662,-5.985821,-3.1743152,instagram_data2
30211,-6.4092703,-1.9216763,instagram_data2
34465,3.3431878,-1.2903119,instagram_data2
29137,-1.0978596,-13.531792,instagram_data2
34082,1.7304763,11.218103,instagram_data2
6158,3.2521384,6.5982475,instagram_data
2999,-8.563648,-0.34031823,instagram_data
29125,23.089453,0.2182714,instagram_data2
2731,4.383848,-2.6973498,instagram_data
4759,3.269782,-2.0499206,instagram_data
30683,-9.658371,-4.0541787,instagram_data2
11600,23.449017,12.831546,instagram_data
13821,-3.5977964,-3.2841291,instagram_data
9269,-10.39878,-1.6181132,instagram_data
33101,-13.944719,-3.9113493,instagram_data2
2104,-12.181618,-0.36410958,instagram_data
18894,-10.586002,-6.573115,instagram_data
14361,15.463494,-1.6224587,instagram_data
9492,0.57246,1.7085398,instagram_data
32032,0.69674146,2.5841806,instagram_data2
2159,-11.818596,-2.5992665,instagram_data
32419,12.06814,3.0991545,instagram_data2
17605,-6.192961,-2.802057,instagram_data
30207,7.4722466,-6.817806,instagram_data2
16553,6.507593,4.6230855,instagram_data
24392,-3.38477,3.692294,instagram_data2
26632,3.336533,-7.7005296,instagram_data2
24726,-3.0822964,4.8747683,instagram_data2
30328,9.254513,-3.0172029,instagram_data2
1491,10.377621,-4.884605,instagram_data
11495,-15.7189665,-1.8211497,instagram_data
23757,-5.1036153,5.2098517,instagram_data2
7415,10.851815,3.549098,instagram_data
32002,-3.2472353,-11.025621,instagram_data2
18712,-4.1759796,12.081958,instagram_data
31684,12.058668,5.9069552,instagram_data2
957,-1.8911734,9.513512,instagram_data
12507,-2.7736263,-11.994042,instagram_data
22420,3.6934574,15.591387,instagram_data2
31063,-1.314078,12.567159,instagram_data2
6216,-12.741949,2.6559212,instagram_data
18722,-6.217132,4.4972024,instagram_data
1943,-9.17281,0.6722134,instagram_data
21842,-10.038314,2.099798,instagram_data2
13330,14.324974,-16.15651,instagram_data
1368,12.538339,3.1481984,instagram_data
19048,-9.270993,4.62459,instagram_data
24888,-8.25132,0.5426326,instagram_data2
11142,-7.993659,3.2122707,instagram_data
16080,-5.5326138,1.4940307,instagram_data
15351,7.0839686,4.086602,instagram_data
31033,-9.934433,0.30221337,instagram_data2
30209,-4.5901017,0.45281142,instagram_data2
20488,14.847761,-0.69801736,instagram_data
8158,-8.405779,-0.18207921,instagram_data
9767,-3.4315736,-3.5880456,instagram_data
22670,18.065348,-3.2169747,instagram_data2
23268,-7.8667693,-1.545571,instagram_data2
24323,-5.7411456,-2.4628453,instagram_data2
6100,-4.453235,-6.445084,instagram_data
26774,10.509111,-2.2786374,instagram_data2
15729,-5.5511403,-0.16079262,instagram_data
21310,-3.9415388,2.1221678,instagram_data2
10538,11.02018,-9.520152,instagram_data
22741,-7.1639686,4.4131465,instagram_data2
25021,8.490814,9.912939,instagram_data2
16907,-0.005381725,0.22123067,instagram_data
30285,-8.066217,-3.8891466,instagram_data2
20163,-10.990055,0.30713302,instagram_data
971,-1.4901495,2.6173756,instagram_data
20438,11.84076,-7.4785385,instagram_data
29430,-12.888497,-1.1136565,instagram_data2
16367,14.908451,-0.053728048,instagram_data
25187,6.5721993,2.5438633,instagram_data2
14659,-1.3759936,-16.574532,instagram_data
3206,-7.5283036,-2.7515125,instagram_data
9763,11.376506,19.999134,instagram_data
11681,5.344685,1.299615,instagram_data
34883,4.092986,-14.321686,instagram_data2
27600,-0.9495589,6.224927,instagram_data2
16782,-5.2192483,-10.3493595,instagram_data
33753,-11.124873,0.46288005,instagram_data2
15834,7.469926,-2.2089183,instagram_data
8564,5.2870398,1.3899841,instagram_data
4592,-13.039206,-0.13424836,instagram_data
33259,8.425786,-7.3148136,instagram_data2
617,-6.674564,-3.7599776,instagram_data
16375,11.95422,6.989013,instagram_data
15012,4.4325724,-1.6377312,instagram_data
16212,-1.3114736,0.51347935,instagram_data
34813,-2.1726394,2.413882,instagram_data2
126,25.585878,21.31833,instagram_data
4486,7.0315013,-0.738969,instagram_data
9987,6.1572924,-3.4772992,instagram_data
25291,-8.1522045,6.323177,instagram_data2
20360,3.6262026,-9.152274,instagram_data
34255,7.164231,0.45669794,instagram_data2
4688,6.622673,-1.4010712,instagram_data
32334,11.868276,11.017901,instagram_data2
17900,-3.205857,-4.2086525,instagram_data
23935,7.098843,6.9663544,instagram_data2
18835,5.5020213,-5.0075874,instagram_data
15464,-4.109269,2.7854114,instagram_data
31094,3.6651437,0.08038739,instagram_data2
6385,-6.0472684,-1.3648171,instagram_data
7002,19.70602,5.141821,instagram_data
6119,-12.587909,1.4689404,instagram_data
34578,-10.189013,-2.1334414,instagram_data2
20499,0.181385,-2.7195263,instagram_data
23157,-13.766164,1.1033424,instagram_data2
15434,4.118612,12.602838,instagram_data
32047,4.8054204,4.509217,instagram_data2
9458,-6.131788,0.89539987,instagram_data
32148,-7.6298885,-4.582395,instagram_data2
12282,-4.9729185,2.8103976,instagram_data
734,15.534186,1.3583091,instagram_data
26271,-5.6273003,5.82786,instagram_data2
32493,0.11136073,9.854643,instagram_data2
18608,-7.6277747,-3.7177448,instagram_data
1544,7.787096,-3.721018,instagram_data
202,18.342827,5.449616,instagram_data
2213,-12.228983,-1.3596282,instagram_data
31576,1.503251,5.1969905,instagram_data2
15454,1.1031805,7.968635,instagram_data
2198,2.5898743,-3.3690276,instagram_data
27305,-4.788243,-0.9865972,instagram_data2
6745,-3.7566135,-2.4152567,instagram_data
6112,2.5058618,-6.95378,instagram_data
12436,0.9584626,18.3301,instagram_data
33363,-6.562971,1.480898,instagram_data2
43,-0.7283366,0.94604385,instagram_data
17290,-5.6668735,-2.63691,instagram_data
20361,4.3037453,4.859408,instagram_data
11106,4.573983,8.7519045,instagram_data
30743,-7.0207524,3.6298654,instagram_data2
1786,9.371763,-1.2188916,instagram_data
10309,-0.12057535,0.47511998,instagram_data
27189,15.496489,-21.192299,instagram_data2
20741,2.9595628,4.3526435,instagram_data2
14746,-12.033515,-2.666683,instagram_data
27361,-6.472161,-5.6680064,instagram_data2
11011,-13.0910225,-3.2035277,instagram_data
20145,1.7310191,7.6447678,instagram_data
17849,13.310324,2.3646042,instagram_data
23575,27.296606,11.691485,instagram_data2
32893,-14.32639,-4.863296,instagram_data2
19266,-5.288029,-5.11378,instagram_data
10802,9.182702,-1.9791381,instagram_data
3243,9.730216,-2.1295917,instagram_data
8178,5.836641,-5.708511,instagram_data
7834,-4.538718,3.043908,instagram_data
12763,5.499602,6.3557243,instagram_data
7139,1.9143069,-9.8119955,instagram_data
29429,0.57304424,-3.3622417,instagram_data2
24956,-4.171411,-5.391312,instagram_data2
5537,-4.3461547,6.8561296,instagram_data
2942,14.673824,13.121365,instagram_data
15571,8.090333,7.207193,instagram_data
1654,8.778279,-8.575525,instagram_data
8916,-14.052525,-2.5937307,instagram_data
28601,14.860595,2.6693952,instagram_data2
8030,-7.5231533,2.9691803,instagram_data
3910,-2.050449,4.153787,instagram_data
31252,-3.7687664,-2.110082,instagram_data2
10844,-9.358531,1.4136002,instagram_data
6276,-10.229029,0.8087712,instagram_data
11871,-0.81275344,0.09381761,instagram_data
21663,-6.015365,-6.509851,instagram_data2
9774,19.541222,19.145365,instagram_data
8908,-7.0511026,-2.2731822,instagram_data
27834,-13.718753,-3.4645133,instagram_data2
23068,-9.924857,-3.8766134,instagram_data2
29090,1.0030057,-9.211348,instagram_data2
26960,-8.172857,-9.4325285,instagram_data2
18793,1.3168721,3.9596367,instagram_data
32432,-12.135514,-1.8096198,instagram_data2
4743,1.6965494,-1.7365375,instagram_data
1291,10.800663,-12.507435,instagram_data
11441,-6.80191,-6.3111486,instagram_data
1469,-2.8504043,-1.8202238,instagram_data
27752,-4.21754,5.2088666,instagram_data2
34139,16.281548,12.913826,instagram_data2
2434,-1.8320909,-9.270234,instagram_data
30047,5.5022774,-10.163466,instagram_data2
27110,-3.258031,1.735999,instagram_data2
18539,7.5377293,-0.27489763,instagram_data
21896,3.8240592,8.493388,instagram_data2
32708,9.37061,8.43653,instagram_data2
26479,-2.7928746,1.751258,instagram_data2
23142,-7.467596,-1.2198128,instagram_data2
26072,2.087576,0.7032208,instagram_data2
15401,-6.165393,-4.1769986,instagram_data
29278,-12.412094,1.1666265,instagram_data2
23109,1.6157384,1.5264997,instagram_data2
24484,13.962645,-14.984761,instagram_data2
23895,-6.661191,6.434647,instagram_data2
710,16.459452,8.654036,instagram_data
34854,-6.218076,6.6073723,instagram_data2
14656,22.001106,-23.891047,instagram_data
32576,-2.884018,4.9543962,instagram_data2
10380,-0.82276475,-6.4396796,instagram_data
29161,-0.45166257,-6.67868,instagram_data2
10329,11.484234,6.4669247,instagram_data
11772,12.119388,-5.3582454,instagram_data
29088,5.5312476,-10.265286,instagram_data2
29616,-4.114069,-0.035479944,instagram_data2
15104,1.1668305,0.7541077,instagram_data
28995,4.6487226,-10.422738,instagram_data2
2794,-10.241806,-0.062277667,instagram_data
14224,-4.289219,-7.126043,instagram_data
10283,-8.381277,1.527343,instagram_data
1873,6.7208047,2.0907686,instagram_data
32367,3.22805,3.2539482,instagram_data2
30587,-3.5980468,4.9081144,instagram_data2
23736,1.6260657,8.855963,instagram_data2
12853,-0.600918,6.3517265,instagram_data
24729,-0.77392066,3.5603895,instagram_data2
5802,-11.58861,0.36152938,instagram_data
7135,-0.10155738,10.894175,instagram_data
13997,10.508174,7.1336546,instagram_data
22280,-9.74261,-2.8999007,instagram_data2
20633,5.338963,2.5646477,instagram_data2
30738,-1.2792666,6.100686,instagram_data2
9667,1.458993,1.7578667,instagram_data
25482,-14.98046,-3.108092,instagram_data2
24359,-0.5764811,4.1442313,instagram_data2
24717,-9.121084,-0.4399008,instagram_data2
6830,-7.1678543,6.962871,instagram_data
18958,-6.4884973,-0.7434019,instagram_data
21936,-3.3050625,4.041182,instagram_data2
1946,-5.110295,6.7907796,instagram_data
13534,5.4871,-18.078924,instagram_data
21368,-11.906134,-4.8542066,instagram_data2
10430,2.4388468,2.896473,instagram_data
6757,-9.40534,-1.2493021,instagram_data
15128,6.984282,-4.9278235,instagram_data
19445,7.894955,3.2280848,instagram_data
9211,-2.9340987,1.5206509,instagram_data
9242,-0.9149326,3.003589,instagram_data
16286,15.352036,0.06220546,instagram_data
10137,-9.376257,2.6320744,instagram_data
13843,-4.846521,1.592575,instagram_data
23846,-12.722845,-3.6761763,instagram_data2
27594,-4.6445117,7.5679827,instagram_data2
33036,-13.472048,-3.017293,instagram_data2
33388,6.5324907,4.454552,instagram_data2
10901,9.645748,-4.23374,instagram_data
1997,8.539457,-1.9876577,instagram_data
20998,-11.009074,1.7688867,instagram_data2
11234,21.042538,-21.990108,instagram_data
31794,-3.8716602,4.1031876,instagram_data2
527,-2.429782,-0.057912547,instagram_data
29534,3.80604,-3.9171224,instagram_data2
12929,3.6469374,-6.9771385,instagram_data
4177,10.189909,-8.577469,instagram_data
7711,2.8714497,3.0726202,instagram_data
20522,8.263324,-0.19773462,instagram_data2
22792,2.0361168,0.43402597,instagram_data2
33472,2.201768,-1.4699615,instagram_data2
1226,1.9382504,8.908637,instagram_data
11729,0.020143226,1.7837081,instagram_data
28226,-2.841314,3.7815151,instagram_data2
5131,0.7354639,8.585326,instagram_data
6078,7.148539,-9.864104,instagram_data
12832,7.4883757,5.49145,instagram_data
27887,1.7709949,-7.107173,instagram_data2
10987,-10.007341,-3.1536276,instagram_data
13035,-12.855177,-0.60550416,instagram_data
27971,-13.292116,-2.7314837,instagram_data2
19678,-7.830802,-0.73814684,instagram_data
22137,2.6438768,19.783459,instagram_data2
22961,-4.5564933,1.9479499,instagram_data2
2587,-9.344729,1.602937,instagram_data
25475,-10.644062,-1.3696986,instagram_data2
22942,-0.9418401,-0.048279945,instagram_data2
25843,-2.0650446,-8.726783,instagram_data2
3744,2.8556273,8.371165,instagram_data
28491,3.949313,3.7342584,instagram_data2
33709,-13.120126,1.0050961,instagram_data2
21246,2.845856,3.9350147,instagram_data2
7575,-1.1029377,9.069274,instagram_data
28914,3.9093785,4.9436026,instagram_data2
26658,7.4708295,-10.5988455,instagram_data2
16275,7.4739165,-1.454805,instagram_data
20743,-5.436201,-2.3080602,instagram_data2
32562,5.156103,-1.46155,instagram_data2
14653,-7.9779277,-12.984852,instagram_data
25983,-5.9842496,-3.1585104,instagram_data2
26259,3.001132,3.380021,instagram_data2
28644,5.2487197,0.29890436,instagram_data2
16543,10.649505,2.9054575,instagram_data
8490,0.94219345,7.8731413,instagram_data
26836,0.74719477,2.732417,instagram_data2
25744,-4.5227423,-0.43131623,instagram_data2
34018,-3.6771345,1.3877227,instagram_data2
17677,3.56861,-8.947633,instagram_data
24859,12.615636,3.0117,instagram_data2
26090,-1.7383437,-1.069901,instagram_data2
20250,7.4080954,1.6786815,instagram_data
25202,-3.2310665,2.0600762,instagram_data2
16971,-4.471156,0.6082056,instagram_data
11444,-7.744896,-0.20732625,instagram_data
26057,3.9391775,-5.1626906,instagram_data2
6921,0.2778133,-5.790809,instagram_data
9264,1.9800893,-0.44656375,instagram_data
376,1.0533116,-6.0475345,instagram_data
5769,-12.401765,-2.659279,instagram_data
24131,10.874372,5.755272,instagram_data2
17990,-2.1111748,8.493512,instagram_data
3811,-5.1623373,1.3645185,instagram_data
31115,-2.628484,4.82063,instagram_data2
19212,-2.041652,-3.4798095,instagram_data
19084,-3.7286887,6.7810144,instagram_data
22815,18.51478,1.3186871,instagram_data2
32134,16.11892,-14.2486515,instagram_data2
32181,-3.7057333,-1.412855,instagram_data2
18812,-0.56310385,0.790932,instagram_data
28448,6.308839,3.7051015,instagram_data2
4313,-9.584574,0.60389256,instagram_data
29770,6.242111,-0.49514067,instagram_data2
18609,11.408872,-0.68266386,instagram_data
23679,7.9515553,8.677077,instagram_data2
15293,0.0045201546,8.502271,instagram_data
3625,4.5245566,11.114965,instagram_data
27375,-6.92704,-4.731491,instagram_data2
17796,-10.2807,-2.6051428,instagram_data
261,10.895247,-8.968707,instagram_data
32506,4.918086,-10.710526,instagram_data2
11248,-2.9861271,-4.236489,instagram_data
3906,-4.213656,5.266175,instagram_data
29545,-4.278909,-3.9251983,instagram_data2
7402,14.285254,-6.21494,instagram_data
31873,-2.8144746,2.112233,instagram_data2
10968,3.8847833,-5.935494,instagram_data
30424,-0.21822399,-1.8427832,instagram_data2
28976,5.2942157,-2.7418108,instagram_data2
27715,3.829339,14.921506,instagram_data2
6114,-1.5032444,1.8293412,instagram_data
24240,-8.65436,2.4902477,instagram_data2
27682,-3.8146403,0.21849246,instagram_data2
9419,15.14667,-13.006692,instagram_data
5166,4.3903117,-10.064141,instagram_data
25230,2.2287762,-1.758054,instagram_data2
15056,-8.292071,3.4991114,instagram_data
13576,3.493553,-6.75322,instagram_data
3987,11.642693,-2.8048453,instagram_data
13031,7.276551,5.0140705,instagram_data
26746,4.822806,4.90049,instagram_data2
24269,-10.529136,-3.7677765,instagram_data2
14650,-10.060989,-2.8758004,instagram_data
4699,6.4356003,6.9785905,instagram_data
21302,14.110872,7.563802,instagram_data2
10082,-5.7263885,-5.385462,instagram_data
27046,16.004913,-7.942806,instagram_data2
17756,-9.149314,2.565298,instagram_data
30127,-2.9826787,1.6844276,instagram_data2
5022,8.07222,2.2584755,instagram_data
19332,4.779614,0.4386466,instagram_data
13616,-0.72458386,0.4775931,instagram_data
33871,4.684358,0.31572872,instagram_data2
30771,7.1586466,-15.3563,instagram_data2
14135,4.2943964,-5.296165,instagram_data
18708,5.2788043,4.363141,instagram_data
17620,3.3552086,9.106964,instagram_data
8900,3.1768713,-5.9615345,instagram_data
27868,1.8054645,-1.5592276,instagram_data2
4666,12.160133,7.872241,instagram_data
5905,-13.040768,-0.122148,instagram_data
12474,1.0420016,3.9585173,instagram_data
5402,-5.51451,0.48224905,instagram_data
26825,-0.13036047,-1.0139494,instagram_data2
24336,-2.0688627,1.5740575,instagram_data2
16403,1.0572376,-7.1780553,instagram_data
7599,-0.43127266,11.236287,instagram_data
29477,-5.972819,-2.9383793,instagram_data2
2689,7.5876937,-4.0602665,instagram_data
2509,2.7570202,14.584872,instagram_data
11751,10.113064,3.0213077,instagram_data
18649,-4.4621525,-2.478408,instagram_data
27889,-12.030459,-4.23161,instagram_data2
3526,3.613619,4.5703263,instagram_data
25704,-9.25228,5.602709,instagram_data2
19912,-1.5167183,10.579232,instagram_data
22958,-3.9412127,4.800509,instagram_data2
30805,-2.0906835,-4.8944263,instagram_data2
33002,-8.156749,-5.7750635,instagram_data2
8398,14.537749,13.232622,instagram_data
328,11.553635,-7.4487705,instagram_data
21998,7.7197328,-1.8366076,instagram_data2
8748,-13.381593,0.93905675,instagram_data
20855,0.62612385,-0.3312246,instagram_data2
25498,-4.3551416,-4.352782,instagram_data2
21244,10.942598,-5.2565374,instagram_data2
13263,5.2380214,6.594509,instagram_data
5784,17.019232,6.58956,instagram_data
24731,8.571776,6.2356453,instagram_data2
1636,-11.405325,-3.076398,instagram_data
5729,18.595915,4.030728,instagram_data
18373,3.7805138,0.83470523,instagram_data
5942,-4.7530136,1.3221465,instagram_data
1896,2.328031,9.914308,instagram_data
15706,13.092696,-16.475311,instagram_data
31456,2.4467223,1.4062194,instagram_data2
11717,-12.619069,0.3743237,instagram_data
33563,1.9043005,-2.738595,instagram_data2
4074,-0.9769845,4.3063583,instagram_data
32095,-7.540239,2.0524507,instagram_data2
15545,-6.0985,0.8929033,instagram_data
14307,0.33038825,-3.196784,instagram_data
2297,9.229928,1.7636907,instagram_data
29415,2.4623857,5.5744076,instagram_data2
19195,16.977152,-5.988734,instagram_data
30920,15.922428,-1.9879687,instagram_data2
34151,-8.990271,-2.4911685,instagram_data2
10769,4.7707767,2.3869638,instagram_data
10254,-8.786412,-0.3869254,instagram_data
16873,3.1860454,11.107801,instagram_data
582,3.7615905,4.9229083,instagram_data
3104,-10.531396,-2.7960632,instagram_data
17097,5.3956013,8.306803,instagram_data
16305,-5.0376415,1.644248,instagram_data
27895,-7.6214223,9.035584,instagram_data2
1951,-11.565835,0.46610123,instagram_data
8277,20.392586,-23.832413,instagram_data
25898,-1.5665292,-10.554215,instagram_data2
30653,-5.3472447,3.0792356,instagram_data2
6338,-11.689128,-0.9619169,instagram_data
29734,-7.685288,3.354285,instagram_data2
14360,-1.3216898,3.7068765,instagram_data
25658,-7.792575,-0.4803173,instagram_data2
16851,8.0561695,11.664616,instagram_data
33519,9.613017,9.914222,instagram_data2
16133,-13.1017885,-2.4223168,instagram_data
11720,14.952313,6.014668,instagram_data
1479,4.6942573,4.7355065,instagram_data
13773,-6.6842976,-6.699553,instagram_data
28788,7.815953,14.643343,instagram_data2
5499,-8.800762,-0.33660525,instagram_data
17418,-7.4360647,-5.715218,instagram_data
16100,0.30133227,-17.39725,instagram_data
31334,2.0608847,1.5370429,instagram_data2
29416,-7.513083,-0.5712945,instagram_data2
26154,-9.833241,-2.872614,instagram_data2
4401,-5.7128267,-6.0855646,instagram_data
33275,4.3346305,10.325553,instagram_data2
7342,-8.071946,1.9332776,instagram_data
28088,-14.052731,-0.47059083,instagram_data2
18219,9.574263,-7.0093307,instagram_data
530,2.67004,3.3717008,instagram_data
33877,-4.1250515,-0.024275584,instagram_data2
3771,8.503167,12.782912,instagram_data
34630,-4.0206294,2.6138601,instagram_data2
2661,-3.609659,-9.744905,instagram_data
760,-4.2519894,7.694894,instagram_data
30071,-5.8449454,8.537196,instagram_data2
4261,14.9701,-0.2687835,instagram_data
26497,1.5418807,2.5247269,instagram_data2
6198,24.461096,-24.41885,instagram_data
23737,-2.1866202,2.5351915,instagram_data2
24723,6.0207133,0.7171721,instagram_data2
3815,-5.1961455,7.7417026,instagram_data
13234,6.796372,-11.791812,instagram_data
13562,9.350169,6.093944,instagram_data
11247,-7.172241,-9.688976,instagram_data
18044,6.325022,2.9763818,instagram_data
23158,-9.801933,3.6053977,instagram_data2
17423,4.562639,4.585246,instagram_data
7552,3.0831163,-8.880256,instagram_data
26832,-0.26045674,3.1233232,instagram_data2
1001,-1.3401603,10.629255,instagram_data
15444,0.14587027,-0.16309689,instagram_data
27311,-11.016677,-1.8673545,instagram_data2
31507,-1.207689,-10.072317,instagram_data2
12681,13.013062,5.200717,instagram_data
32456,-2.8597002,-0.6379105,instagram_data2
32382,1.9883066,-10.447347,instagram_data2
24652,6.547466,6.5858617,instagram_data2
22557,49.163853,-15.764536,instagram_data2
25484,-13.80179,-3.551076,instagram_data2
4276,5.355664,-12.358778,instagram_data
2290,-0.22382611,1.3081355,instagram_data
5455,-6.2581067,3.1062868,instagram_data
34028,6.4072347,1.4342067,instagram_data2
6254,14.809116,0.406247,instagram_data
33647,-1.4045478,5.7027116,instagram_data2
7636,5.166401,-12.155556,instagram_data
22167,-2.8949716,5.7347174,instagram_data2
31667,-9.452846,-1.6817117,instagram_data2
9174,-11.567213,0.7816445,instagram_data
33325,-6.714058,-2.05086,instagram_data2
25884,-8.928492,-2.630953,instagram_data2
2110,5.0879083,-8.4982,instagram_data
12769,-0.65363914,3.2450123,instagram_data
7792,5.545505,8.600017,instagram_data
24886,0.2461916,8.040526,instagram_data2
27021,-9.5917,0.12142391,instagram_data2
16527,-0.78725153,7.5780487,instagram_data
18,1.1011105,5.859187,instagram_data
14005,10.750807,18.81779,instagram_data
10122,-4.8754272,10.575559,instagram_data
27556,1.3855891,2.8844004,instagram_data2
2798,-13.601979,-0.8779754,instagram_data
21105,2.617917,4.9771504,instagram_data2
13755,9.466437,-19.252188,instagram_data
2143,0.57195264,-3.9499424,instagram_data
28005,-9.824012,0.009919576,instagram_data2
28857,24.254179,18.07896,instagram_data2
2687,14.959993,-10.932148,instagram_data
14845,-8.256387,1.4870348,instagram_data
33444,0.4107879,-7.9272094,instagram_data2
2220,0.13719514,5.5525556,instagram_data
24802,-1.1670337,8.88631,instagram_data2
32802,12.978881,20.80231,instagram_data2
21150,3.1073844,3.978114,instagram_data2
28785,10.147529,20.0845,instagram_data2
22145,-8.476531,-3.4885113,instagram_data2
16242,7.2346897,-4.931928,instagram_data
21847,4.268442,5.566614,instagram_data2
23719,-7.973327,1.0285976,instagram_data2
22040,4.072467,0.053347155,instagram_data2
3559,4.597594,-7.701593,instagram_data
34252,8.951997,-0.26743722,instagram_data2
7900,11.105409,12.542127,instagram_data
27327,11.232031,4.2560444,instagram_data2
9335,10.473413,9.288076,instagram_data
29882,-10.216724,-0.24412733,instagram_data2
22904,-12.80378,-2.0968404,instagram_data2
21357,-7.7978015,0.89964324,instagram_data2
24159,-7.66126,2.4235096,instagram_data2
13627,-10.644119,-4.106529,instagram_data
33979,-0.47455847,1.7138464,instagram_data2
12082,-2.3519986,5.740575,instagram_data
20910,2.1524003,-3.249402,instagram_data2
460,-10.877282,1.0006561,instagram_data
27974,-13.092612,-3.5383098,instagram_data2
3465,-11.551205,-1.3400265,instagram_data
29565,0.6510999,-1.5878023,instagram_data2
6176,-5.398738,0.58003473,instagram_data
15315,12.3175955,-3.5581157,instagram_data
4147,9.195708,5.543896,instagram_data
28655,13.69257,12.787594,instagram_data2
2255,-10.7171135,-6.763542,instagram_data
18733,11.185321,4.6324844,instagram_data
11973,-2.0459821,-3.1372232,instagram_data
4823,10.066554,8.776093,instagram_data
17923,7.4915686,-2.9356148,instagram_data
14780,14.082284,-2.0213382,instagram_data
28550,10.044674,3.1541474,instagram_data2
16210,5.90933,14.764575,instagram_data
28671,4.507869,17.190933,instagram_data2
15014,1.5441139,5.4815,instagram_data
31293,17.434736,-10.68303,instagram_data2
5357,-6.074841,2.1543214,instagram_data
29074,-3.9453104,-1.935517,instagram_data2
16359,-9.733492,-2.198281,instagram_data
34062,5.486655,11.077027,instagram_data2
34424,6.490669,1.876564,instagram_data2
29819,16.983446,2.0706024,instagram_data2
17910,6.174612,-9.328735,instagram_data
26936,-12.36396,1.7432714,instagram_data2
5500,-2.8283403,2.6424696,instagram_data
10734,16.307539,-21.646559,instagram_data
25331,13.839065,0.8174522,instagram_data2
30882,8.26002,6.6549916,instagram_data2
2800,-9.883779,1.7103256,instagram_data
15841,4.9560747,-2.595243,instagram_data
1993,7.309943,6.1937494,instagram_data
20194,-1.4890885,3.7237628,instagram_data
4170,-8.462378,0.7962624,instagram_data
3856,0.79122853,-1.8351443,instagram_data
31363,-2.4184184,-3.0287032,instagram_data2
17300,-9.054744,-2.8796144,instagram_data
15313,-0.24195985,-2.085629,instagram_data
10946,-3.6647666,-3.5910938,instagram_data
22952,4.241696,7.224276,instagram_data2
3931,-3.5794802,-1.5925795,instagram_data
24564,-4.9871287,-2.8338623,instagram_data2
11113,-2.4966621,-4.3271704,instagram_data
27335,-3.831092,-2.0577564,instagram_data2
32149,0.005294636,8.478271,instagram_data2
23473,-13.164679,0.5777997,instagram_data2
19803,8.982802,-12.3689785,instagram_data
24817,5.9131303,-11.295088,instagram_data2
3463,-6.2772574,-4.127324,instagram_data
29229,11.82749,-5.1343465,instagram_data2
25978,-12.749651,0.94156885,instagram_data2
16690,-3.882325,8.582533,instagram_data
28304,-5.2728543,1.8496118,instagram_data2
6545,0.4572663,-4.835283,instagram_data
25318,-1.1897405,-3.0495737,instagram_data2
19431,10.567938,5.4326897,instagram_data
15638,10.5333185,2.4975405,instagram_data
16572,-7.3613133,1.2248055,instagram_data
3166,-5.7357965,0.6883871,instagram_data
31203,-6.854753,7.3967786,instagram_data2
26465,-12.297732,0.31818956,instagram_data2
34157,13.106177,5.9658284,instagram_data2
14261,13.0454235,-6.251911,instagram_data
25086,3.4287906,0.35403123,instagram_data2
24554,2.6437175,-3.0152483,instagram_data2
18679,0.24141018,5.0434127,instagram_data
25607,0.85181266,8.7026415,instagram_data2
8348,-4.2558837,-1.3792449,instagram_data
32476,2.6237037,-0.2280621,instagram_data2
31788,-0.85648686,-0.79451835,instagram_data2
23088,17.199133,1.7458018,instagram_data2
14213,1.8201269,5.408247,instagram_data
18710,-3.7976508,-1.8401625,instagram_data
25326,13.086782,-19.466955,instagram_data2
7490,6.6350107,4.139551,instagram_data
31631,-1.9251635,-14.463943,instagram_data2
23782,-6.660496,-0.5437521,instagram_data2
30179,7.1437593,19.279655,instagram_data2
26503,0.5496002,0.87347186,instagram_data2
27245,-5.9156837,-3.3581457,instagram_data2
4072,-5.961203,-1.3736324,instagram_data
29047,3.8423364,-0.056684338,instagram_data2
25642,-9.99824,0.7485151,instagram_data2
26447,5.2547526,-4.2403703,instagram_data2
14940,-5.0366545,-1.5019649,instagram_data
5869,-8.855785,-0.12662369,instagram_data
15423,31.340961,-14.794776,instagram_data
14454,1.5573978,-6.3663907,instagram_data
24110,1.4088125,7.5117335,instagram_data2
16137,-10.306203,-6.128611,instagram_data
21578,11.771192,-14.192812,instagram_data2
5232,-1.5275968,0.9226171,instagram_data
25869,-4.201731,-11.80973,instagram_data2
28665,-2.9928155,-1.5350688,instagram_data2
5212,-11.403701,4.0264726,instagram_data
26993,-8.411453,1.0575405,instagram_data2
9966,-10.501858,-3.2722394,instagram_data
4088,4.9729085,-7.8564625,instagram_data
4850,-4.181706,-2.5470796,instagram_data
7117,9.028803,-8.786265,instagram_data
2866,17.138792,-18.911201,instagram_data
31948,3.5779793,11.631042,instagram_data2
8970,22.824833,-13.763835,instagram_data
22812,1.3638847,6.2781916,instagram_data2
10031,-12.195188,-1.8107094,instagram_data
25314,7.248457,10.901334,instagram_data2
9929,-0.27316186,-5.4574428,instagram_data
34886,-7.6576796,-7.12673,instagram_data2
27574,0.5659871,-1.1580795,instagram_data2
4655,-2.4232557,-6.5658073,instagram_data
951,-6.6584277,0.9798943,instagram_data
5321,9.513207,1.2433146,instagram_data
15400,5.527349,-5.4173203,instagram_data
3577,0.6009475,0.4113889,instagram_data
1732,-2.5571551,-0.6591552,instagram_data
33261,3.209557,5.8815885,instagram_data2
2471,-1.473609,15.530717,instagram_data
17364,-8.254887,2.5284045,instagram_data
12091,-2.7020094,-1.1034995,instagram_data
20843,19.53946,-15.350613,instagram_data2
15786,-2.310172,-9.738351,instagram_data
31640,9.529421,1.2620614,instagram_data2
28889,-6.3716073,1.3054028,instagram_data2
24520,-10.635934,2.2999175,instagram_data2
5303,1.8988413,3.5068572,instagram_data
9054,-8.413084,1.2354583,instagram_data
9814,-6.642574,5.241389,instagram_data
26100,-4.238592,-0.102271244,instagram_data2
6634,-0.2620256,-1.1956278,instagram_data
13707,10.208591,3.2772586,instagram_data
17693,-2.9603627,5.2892137,instagram_data
14127,-6.2905936,-3.7966504,instagram_data
3748,-6.237171,2.9715953,instagram_data
31103,-1.237182,1.4220924,instagram_data2
10350,-2.282141,-9.55385,instagram_data
18509,-5.9080644,-0.7097855,instagram_data
32070,2.2365642,11.15631,instagram_data2
7780,20.741295,26.823833,instagram_data
29404,6.2904387,10.655888,instagram_data2
18372,2.5400248,-2.7230628,instagram_data
13640,-0.60696125,-4.441686,instagram_data
24697,5.1408286,6.427716,instagram_data2
4656,7.045345,13.687988,instagram_data
14665,6.113188,-10.453804,instagram_data
4626,-11.670714,-2.7812963,instagram_data
4624,-6.080379,-4.5047626,instagram_data
14403,5.6456847,5.4479847,instagram_data
26269,-1.6734339,-7.5842767,instagram_data2
7119,-12.882312,-3.4495313,instagram_data
19652,-0.56484956,-11.47398,instagram_data
13975,8.760447,-10.774072,instagram_data
7279,-3.837887,10.853188,instagram_data
23534,-2.948936,-6.821637,instagram_data2
14475,1.6741213,5.5819407,instagram_data
5004,-10.91966,-1.45641,instagram_data
20114,-4.1277995,6.0276346,instagram_data
24366,-2.5309734,0.27745742,instagram_data2
11844,-7.199443,-1.8255441,instagram_data
16877,-6.074984,-2.3483737,instagram_data
15266,3.3409948,-8.702396,instagram_data
34372,-3.57616,1.6116428,instagram_data2
5372,-8.267861,1.2500949,instagram_data
18621,22.299145,-2.7033372,instagram_data
12937,9.116331,3.5265574,instagram_data
7012,3.6351736,10.41413,instagram_data
27427,-11.561412,-0.05683176,instagram_data2
9546,2.5857456,-3.9185407,instagram_data
17952,3.4529603,6.198792,instagram_data
6431,-12.2040205,-4.420094,instagram_data
11487,-9.747403,-5.136228,instagram_data
6326,-13.986611,0.9912878,instagram_data
3600,21.843212,-3.93917,instagram_data
14272,3.4026136,-9.503104,instagram_data
20375,-1.6614805,6.8011093,instagram_data
24808,3.7064025,1.718151,instagram_data2
33273,-8.300462,2.7695212,instagram_data2
7424,-12.848546,0.46233544,instagram_data
5301,8.95593,3.340004,instagram_data
30353,-0.78632,-5.239313,instagram_data2
14829,-7.16677,-12.038648,instagram_data
8891,-9.204338,-5.060515,instagram_data
31421,1.5885719,6.704531,instagram_data2
12494,-5.3758783,5.013538,instagram_data
30284,9.451469,-3.8015633,instagram_data2
1713,3.1237,-6.666576,instagram_data
25457,2.256332,6.5880947,instagram_data2
11301,-8.843815,-5.4068246,instagram_data
13767,3.4564955,-7.97279,instagram_data
27865,-4.0723996,-1.0914412,instagram_data2
33736,4.3120403,6.857674,instagram_data2
11551,-2.8523028,0.7888731,instagram_data
10480,-10.122241,-1.3323593,instagram_data
20987,-3.273407,-3.990277,instagram_data2
14640,5.9348364,-4.361935,instagram_data
20303,18.041246,10.7921295,instagram_data
32680,10.098034,-0.403123,instagram_data2
12939,7.0562024,1.2226361,instagram_data
32769,-6.1468287,6.351012,instagram_data2
15952,-1.76481,0.15561765,instagram_data
6439,-10.122021,2.9722762,instagram_data
1358,-11.169318,2.8087533,instagram_data
9301,-7.1983814,-3.6305456,instagram_data
18297,-1.9387261,-6.9358454,instagram_data
8934,0.21056345,-4.58637,instagram_data
28123,-13.228543,-4.6409287,instagram_data2
16865,-10.399319,0.063744746,instagram_data
23369,0.7885768,-5.585331,instagram_data2
18326,6.1352015,-10.641625,instagram_data
10084,-7.1564937,5.0536513,instagram_data
3307,-9.411281,-3.814365,instagram_data
18670,-1.9650259,2.4786804,instagram_data
34517,-0.9357682,-3.2263138,instagram_data2
29733,-6.385846,4.9865675,instagram_data2
15943,-0.72154355,-2.557545,instagram_data
31607,2.3301172,-4.464928,instagram_data2
18532,9.637291,15.9463825,instagram_data
34415,8.995122,-4.9584374,instagram_data2
12117,-9.288283,2.4558928,instagram_data
17026,3.6382735,-10.925838,instagram_data
13717,13.306142,-11.377097,instagram_data
11201,-12.647231,0.3251115,instagram_data
17298,-7.071953,3.3032384,instagram_data
16618,-1.973353,5.431783,instagram_data
17366,-8.536961,-0.87651676,instagram_data
4891,-8.742101,-1.6797063,instagram_data
17451,5.6982036,3.8187513,instagram_data
24969,1.3283917,10.05907,instagram_data2
20491,-10.61281,0.47629893,instagram_data
293,-1.1613353,-5.0150933,instagram_data
29614,-1.2800087,2.7325966,instagram_data2
22836,4.918196,5.326,instagram_data2
14765,10.652702,-1.4392445,instagram_data
9032,-8.716333,-3.1543326,instagram_data
17498,-1.4981862,5.508259,instagram_data
30508,-3.7562673,9.358114,instagram_data2
33728,1.6298978,-4.9165044,instagram_data2
4536,-8.022603,-7.6133137,instagram_data
5519,-11.06082,0.8907662,instagram_data
3272,8.847345,-9.416545,instagram_data
14452,-14.457986,-4.4668584,instagram_data
6576,5.7062197,5.099063,instagram_data
22086,2.265697,4.311595,instagram_data2
10810,-8.068722,-1.6457434,instagram_data
16458,-1.9845043,-0.5011741,instagram_data
9233,-0.6452119,-7.5836883,instagram_data
337,-1.7967782,1.4011261,instagram_data
25558,-9.236263,-1.5794601,instagram_data2
6268,6.579082,-12.383194,instagram_data
6379,-9.164073,1.0951723,instagram_data
27431,-4.471794,0.39135066,instagram_data2
8794,-4.5398183,0.7952406,instagram_data
23189,-9.838194,-3.6157246,instagram_data2
22707,1.2013289,-0.09163652,instagram_data2
13460,-8.083859,-1.9722967,instagram_data
19570,3.71107,-15.045635,instagram_data
12511,-9.383917,7.8387504,instagram_data
27508,-1.5167934,7.4443007,instagram_data2
24275,4.6264043,0.92577744,instagram_data2
12267,-5.1282625,1.8209227,instagram_data
12851,-7.7789063,-1.267497,instagram_data
25393,-1.75702,-6.41037,instagram_data2
10959,-10.866725,-3.929981,instagram_data
31825,3.832582,-4.7816825,instagram_data2
12153,-2.3624806,5.1837535,instagram_data
22311,4.5969405,-2.1043468,instagram_data2
4502,1.3979526,-14.361586,instagram_data
3399,3.326093,9.121006,instagram_data
8781,6.7069974,-0.2737373,instagram_data
30858,3.6694024,12.550515,instagram_data2
4571,11.378748,13.674545,instagram_data
577,-2.6806474,2.8992426,instagram_data
26140,9.868478,-7.4803324,instagram_data2
14547,11.090888,-20.385479,instagram_data
5688,2.37928,-9.148091,instagram_data
26932,-6.4161587,-4.477792,instagram_data2
15016,2.1299036,4.2666054,instagram_data
14143,3.7608314,-6.9692793,instagram_data
25359,-2.6055713,-9.790869,instagram_data2
3751,-10.050839,-0.32569218,instagram_data
28055,-10.412961,3.8788757,instagram_data2
2582,-5.514565,-6.300207,instagram_data
28078,-6.2604766,-12.517227,instagram_data2
25624,2.5506115,-2.0443218,instagram_data2
23265,-6.6438365,-4.0043516,instagram_data2
5399,-9.372918,1.4875692,instagram_data
20186,2.481277,13.961444,instagram_data
33202,-3.437187,3.811668,instagram_data2
20035,6.3253384,5.435089,instagram_data
24471,4.297237,-4.7617054,instagram_data2
21387,-2.4132657,4.1368947,instagram_data2
10679,18.31388,-16.114422,instagram_data
18391,-6.4554563,-7.693159,instagram_data
10370,-12.362115,-4.522457,instagram_data
29874,11.406036,14.943392,instagram_data2
921,2.8368645,16.749067,instagram_data
19989,-7.092024,0.6990316,instagram_data
800,-5.894697,-3.044337,instagram_data
13433,9.288061,8.662066,instagram_data
14808,-4.6844754,-2.3713205,instagram_data
27064,-14.079576,-4.015873,instagram_data2
708,8.013671,7.40209,instagram_data
11712,5.145451,-13.099896,instagram_data
4043,3.958726,-0.9555791,instagram_data
7319,-5.0698805,2.0082588,instagram_data
19372,-11.875077,-2.156991,instagram_data
28363,0.45024613,-11.126743,instagram_data2
29871,-7.02286,3.9249175,instagram_data2
31619,-3.0601442,-10.039178,instagram_data2
14933,-3.4610758,-2.172337,instagram_data
17003,7.701771,6.4649777,instagram_data
1694,9.211355,-5.0285516,instagram_data
25768,-8.16157,-1.1171354,instagram_data2
20450,-5.9392333,3.4980643,instagram_data
8142,16.262774,-6.4421525,instagram_data
4441,-10.486484,-2.7273676,instagram_data
17986,-2.795219,-4.0994344,instagram_data
31228,-5.8539295,1.7734116,instagram_data2
34350,15.146881,8.606019,instagram_data2
17878,-1.289402,-2.2690804,instagram_data
9099,-2.8450882,0.6110201,instagram_data
18145,0.31032935,3.210207,instagram_data
13295,10.531497,-10.139115,instagram_data
29754,-1.15091,-4.386192,instagram_data2
20368,-1.9146944,2.44047,instagram_data
1678,2.095998,6.460393,instagram_data
28915,-2.147682,1.9101596,instagram_data2
19262,-13.981835,-4.850374,instagram_data
18318,15.336197,3.1019163,instagram_data
25633,-6.977536,1.6237868,instagram_data2
21863,9.724507,-10.054961,instagram_data2
27024,4.263624,-5.000227,instagram_data2
10483,2.3142247,-4.136556,instagram_data
33962,13.282244,-0.78051907,instagram_data2
15138,-4.413972,0.62908894,instagram_data
390,3.6637938,8.284042,instagram_data
16535,-0.5087308,5.8031034,instagram_data
33927,14.31831,-9.341197,instagram_data2
30804,1.7755721,2.8386447,instagram_data2
9239,-4.9515133,-0.8657607,instagram_data
21940,3.0989404,4.893685,instagram_data2
15311,0.49586517,-0.44097495,instagram_data
29433,5.5888677,1.6033238,instagram_data2
22208,10.361577,10.020732,instagram_data2
32709,-5.241584,0.091358356,instagram_data2
34689,5.1435394,-4.161744,instagram_data2
8190,-6.374303,-8.971393,instagram_data
16954,-6.8722143,2.8196383,instagram_data
31579,4.686319,8.332368,instagram_data2
33846,1.4213412,0.66867876,instagram_data2
31804,-7.075019,3.0396428,instagram_data2
21100,-5.4248385,-0.07195266,instagram_data2
33079,6.8235154,9.708744,instagram_data2
11026,-1.4125084,-6.7366905,instagram_data
21746,4.538177,-6.204426,instagram_data2
4262,-10.21489,1.9982401,instagram_data
17242,5.2529345,4.8820214,instagram_data
9854,8.393089,-8.869193,instagram_data
16092,-4.500007,3.3936157,instagram_data
624,12.213247,-4.7704096,instagram_data
9938,-5.9202952,-5.68525,instagram_data
25691,-9.664685,0.5196629,instagram_data2
1238,-3.376846,1.3912302,instagram_data
11443,-9.601394,-4.845573,instagram_data
16385,-4.6086283,2.9937496,instagram_data
28986,8.360254,13.334371,instagram_data2
15790,-8.741007,4.2578297,instagram_data
22985,9.018813,10.577875,instagram_data2
1349,7.9850183,-0.5126589,instagram_data
13486,-0.08724213,4.2578325,instagram_data
1561,16.25106,-1.1745566,instagram_data
25182,-4.284442,-5.1931143,instagram_data2
13675,-11.619604,3.3873258,instagram_data
12251,1.5508882,14.662571,instagram_data
13929,16.157381,9.34995,instagram_data
19620,-12.894446,-0.35024914,instagram_data
12345,-11.552376,-4.0624323,instagram_data
25545,-8.498111,6.140611,instagram_data2
17822,-2.377592,-7.5241084,instagram_data
28459,-13.897695,-4.5608425,instagram_data2
3564,-2.4222715,-2.4744828,instagram_data
32748,12.088872,-0.6152916,instagram_data2
7423,9.422404,7.723639,instagram_data
34002,8.355315,4.808368,instagram_data2
19460,-6.3626328,6.412462,instagram_data
3328,-12.3781,-0.9333809,instagram_data
33247,-7.3923697,-5.3082757,instagram_data2
3356,-5.2489376,3.9287574,instagram_data
20417,-0.15992284,-9.877789,instagram_data
30213,0.9574449,8.64073,instagram_data2
8857,4.731219,-0.71989805,instagram_data
21252,-3.4455962,0.16392362,instagram_data2
23319,10.373253,3.696128,instagram_data2
11047,-7.8117085,-3.098556,instagram_data
24749,-8.009651,-3.1659386,instagram_data2
5728,7.698193,12.278195,instagram_data
4515,-1.3503321,0.13696872,instagram_data
20362,-4.3058033,3.514048,instagram_data
15026,-7.545071,4.2251463,instagram_data
23976,-8.258999,-6.867959,instagram_data2
30782,-0.6191271,10.553295,instagram_data2
2766,-7.946763,2.2425928,instagram_data
29652,5.169193,-2.4399695,instagram_data2
30947,13.797811,-17.927355,instagram_data2
33892,-4.6783504,-5.1621666,instagram_data2
30322,4.162302,4.608132,instagram_data2
16900,6.1842947,4.8000836,instagram_data
29714,-6.3302155,-1.3617016,instagram_data2
9012,5.8341417,8.125273,instagram_data
14721,5.68503,-6.3802824,instagram_data
24418,-10.148352,-0.3723927,instagram_data2
14797,-2.1585307,-14.989321,instagram_data
22203,-1.718967,-4.6333914,instagram_data2
14347,-1.9478927,-9.460293,instagram_data
12246,1.629894,-6.2225604,instagram_data
20597,-7.730919,0.5331158,instagram_data2
351,-2.515485,-5.3015027,instagram_data
11329,7.267134,4.6191535,instagram_data
26532,-2.000781,7.5581303,instagram_data2
22199,-8.914965,4.584588,instagram_data2
6445,-15.523321,-2.7400525,instagram_data
32358,-8.7995405,3.8777983,instagram_data2
29640,-0.45899013,-0.59437305,instagram_data2
22875,0.6058072,6.869756,instagram_data2
20745,3.8118672,18.672937,instagram_data2
7709,-8.123191,-0.7924114,instagram_data
26664,0.9374485,-6.628112,instagram_data2
34421,-9.796532,-2.7196145,instagram_data2
27671,19.290876,-11.453924,instagram_data2
3438,-2.7271483,12.24337,instagram_data
24594,-9.621787,0.31187,instagram_data2
19168,-2.1252384,2.7673206,instagram_data
2669,0.4555957,-8.504675,instagram_data
30279,14.694841,-4.1205873,instagram_data2
10331,-7.2260895,2.213125,instagram_data
14006,10.970973,-4.4194574,instagram_data
31613,-3.7435796,1.2536497,instagram_data2
5764,-10.862517,0.62578565,instagram_data
2171,2.5433676,1.6496352,instagram_data
31097,-4.9800944,3.65537,instagram_data2
18528,-3.9972613,6.668981,instagram_data
30541,0.04473143,-13.802912,instagram_data2
30985,1.7205981,2.9889803,instagram_data2
2770,-6.3821034,-2.9626234,instagram_data
34435,-1.9128164,-1.9566143,instagram_data2
24668,14.448478,5.229197,instagram_data2
2095,7.3153963,1.6575925,instagram_data
4820,-8.4165125,-2.8940568,instagram_data
10658,-1.6599545,8.273921,instagram_data
25303,13.497968,-14.269513,instagram_data2
30250,8.528302,-0.47013184,instagram_data2
1843,13.199324,-11.513039,instagram_data
22993,-9.110406,2.849563,instagram_data2
15947,2.851786,-6.6637044,instagram_data
2696,-0.7837961,7.345984,instagram_data
5002,-10.836153,-0.42201424,instagram_data
12860,-7.3723006,5.6795497,instagram_data
5124,-1.7461587,-4.064492,instagram_data
4676,3.0902944,5.919321,instagram_data
34643,-7.386704,3.1425784,instagram_data2
12558,10.826374,17.215124,instagram_data
11783,2.7476492,2.0983336,instagram_data
31980,-7.4685583,-1.9411799,instagram_data2
6032,-9.160068,5.7344966,instagram_data
25040,-6.8308454,-0.02010808,instagram_data2
14715,4.8675327,2.722993,instagram_data
28193,-1.9470457,-0.43472463,instagram_data2
25917,-5.573097,-0.656896,instagram_data2
8266,-9.100271,-4.3436675,instagram_data
10653,-12.884605,0.33341628,instagram_data
1223,-5.5288405,-0.50693417,instagram_data
29524,-3.5502822,1.6145787,instagram_data2
22576,-9.549261,-2.854673,instagram_data2
17685,-7.426701,-8.779588,instagram_data
1187,-1.8906513,-0.65888923,instagram_data
493,7.4365115,1.019859,instagram_data
15849,1.4483343,7.879203,instagram_data
18581,2.37665,8.362106,instagram_data
28845,-3.6281412,2.3432598,instagram_data2
29844,1.2336456,6.9564924,instagram_data2
24310,-7.6670823,-3.0974178,instagram_data2
24438,3.4886143,-5.0315714,instagram_data2
19968,2.0027885,-6.1258492,instagram_data
19137,-2.6199374,0.897898,instagram_data
29018,5.3565936,-4.5383353,instagram_data2
6604,-7.4758396,6.4208713,instagram_data
23022,1.573962,4.4123306,instagram_data2
31237,-4.8166203,2.6994383,instagram_data2
28731,-1.1798553,8.250903,instagram_data2
12921,3.8955686,-6.8719,instagram_data
22508,1.4368756,-7.150286,instagram_data2
19374,-11.912748,0.13191094,instagram_data
12397,-3.4307342,1.1057998,instagram_data
5702,-4.9684205,6.179687,instagram_data
18857,5.8663306,3.794212,instagram_data
27410,-5.9630146,-1.3147262,instagram_data2
3980,-13.035094,-2.0277793,instagram_data
10346,1.7821853,1.7680888,instagram_data
22444,2.8611288,7.3439336,instagram_data2
5780,12.432009,9.625368,instagram_data
18628,-2.181078,9.729658,instagram_data
19280,-3.2179532,-1.4718523,instagram_data
2984,-10.2628,0.6765523,instagram_data
11508,2.9514651,10.969438,instagram_data
26004,-13.541085,-4.127549,instagram_data2
10665,-6.435889,-0.28009027,instagram_data
28967,5.49035,-1.998375,instagram_data2
15976,-12.305604,-2.1700432,instagram_data
10351,-1.8280339,4.722034,instagram_data
7137,6.162106,-10.286083,instagram_data
31348,8.672164,-5.605854,instagram_data2
5365,-0.99998945,4.904244,instagram_data
14243,2.7467084,-13.747883,instagram_data
31991,-8.814117,4.6808805,instagram_data2
5529,-8.778646,-0.208078,instagram_data
5139,-8.311944,-2.1759307,instagram_data
21804,-10.287762,-3.4101596,instagram_data2
32017,7.1498594,0.95184225,instagram_data2
29226,-9.366196,-4.4019537,instagram_data2
23739,1.3800774,4.6858726,instagram_data2
28664,10.67812,-10.040325,instagram_data2
15396,-4.994461,9.957344,instagram_data
9059,-11.506029,-3.6565337,instagram_data
283,0.86784995,-8.327549,instagram_data
6386,-14.523995,-1.5102153,instagram_data
6075,-9.452974,-4.774192,instagram_data
21897,-0.7283259,-3.2983208,instagram_data2
4503,9.214786,-7.453797,instagram_data
16493,-1.7356522,1.7454236,instagram_data
34800,-4.68551,-2.9719565,instagram_data2
9633,-0.29119164,-4.956071,instagram_data
25106,11.379562,1.7820517,instagram_data2
12445,-1.2052827,12.580704,instagram_data
12620,-3.331881,4.750322,instagram_data
15697,-2.972032,4.924944,instagram_data
32872,1.2430701,5.703781,instagram_data2
9887,-8.271531,-3.8082745,instagram_data
25463,8.4584875,-3.915135,instagram_data2
6688,-0.10430794,8.323272,instagram_data
20150,6.393291,-12.866049,instagram_data
765,5.694575,4.444376,instagram_data
14831,7.9397197,-4.624248,instagram_data
13053,-3.7788332,-3.491928,instagram_data
23755,-3.3151627,5.6359525,instagram_data2
7812,-5.1206017,1.6834569,instagram_data
30520,-3.3066623,-5.261351,instagram_data2
28377,-1.6585765,7.9790835,instagram_data2
17419,-1.7003533,6.9545813,instagram_data
20835,25.273523,-2.8599732,instagram_data2
30463,14.677181,12.374213,instagram_data2
18073,6.2398486,-8.06478,instagram_data
5815,4.3378634,-16.319912,instagram_data
33201,4.6913857,6.405773,instagram_data2
9076,8.434583,-8.019558,instagram_data
29496,8.606758,-3.9222097,instagram_data2
6469,0.86680555,6.5788903,instagram_data
3068,-6.8646307,-2.4071317,instagram_data
20263,1.2807636,9.112028,instagram_data
28373,18.38301,-16.352732,instagram_data2
20291,4.056439,-11.189402,instagram_data
15801,-3.2778344,4.2841077,instagram_data
21117,0.24461663,4.1590204,instagram_data2
20976,1.6707126,4.8471165,instagram_data2
16965,10.069374,17.326206,instagram_data
1744,13.620808,-3.7615464,instagram_data
24590,-2.7236788,-2.5961676,instagram_data2
30317,-0.4076091,-8.503779,instagram_data2
29584,-2.085025,-4.491773,instagram_data2
20690,1.5621696,1.7995667,instagram_data2
20845,-6.6224837,-0.8159757,instagram_data2
20516,-4.4598856,-7.0617113,instagram_data2
375,-7.552672,1.1501908,instagram_data
26401,-2.1419134,10.601868,instagram_data2
23951,-8.674776,-4.7867756,instagram_data2
21862,-4.897697,-4.463242,instagram_data2
28350,20.458452,-15.696075,instagram_data2
1298,-7.8917484,-1.472891,instagram_data
10065,-5.6302648,-1.7813537,instagram_data
18199,7.0529513,10.789926,instagram_data
140,12.250937,-12.760089,instagram_data
32719,6.825587,4.356524,instagram_data2
1979,6.402465,-0.81218547,instagram_data
28653,4.647742,0.09899344,instagram_data2
23373,-7.649168,1.892316,instagram_data2
25894,-10.706444,-4.8304167,instagram_data2
3623,0.95566356,4.285176,instagram_data
4295,-2.8295188,1.319033,instagram_data
19156,-7.7987976,3.9807985,instagram_data
28873,-3.1194992,-2.9206376,instagram_data2
34316,-2.5186157,5.3949347,instagram_data2
26300,-4.1953864,4.9532156,instagram_data2
25559,9.22111,13.201101,instagram_data2
26000,-1.4177486,0.06666118,instagram_data2
31846,2.5837677,7.2356505,instagram_data2
33754,2.6360593,5.1492333,instagram_data2
30560,15.614403,0.55051184,instagram_data2
168,10.13071,6.457371,instagram_data
2970,-2.450209,-3.835787,instagram_data
2893,0.6641079,0.3583676,instagram_data
11431,14.401884,6.2849636,instagram_data
3574,14.557346,7.2287183,instagram_data
18600,6.755634,15.132466,instagram_data
34746,-2.8017843,1.5594414,instagram_data2
20535,2.6826487,7.9459486,instagram_data2
25059,-7.4274206,-2.5620883,instagram_data2
263,-4.6693025,8.668062,instagram_data
19751,-11.691874,-1.6605614,instagram_data
6272,-1.6188415,-5.054007,instagram_data
6508,16.4522,-20.203274,instagram_data
6735,4.587101,-7.5508747,instagram_data
29744,3.6014416,1.1036618,instagram_data2
24634,6.5464153,5.941202,instagram_data2
30512,-4.933445,-2.3838003,instagram_data2
25680,3.1240494,1.2768624,instagram_data2
22358,12.987878,-5.3916974,instagram_data2
29599,-7.1476445,-2.1813931,instagram_data2
774,-4.82046,-0.13320099,instagram_data
712,3.569475,2.765936,instagram_data
33683,-7.9919186,1.4192489,instagram_data2
8140,-3.2279377,-1.1576092,instagram_data
11853,2.3973098,-3.036803,instagram_data
19772,-7.601779,-8.134591,instagram_data
25525,-1.154325,0.9709009,instagram_data2
14443,9.520696,-7.6142974,instagram_data
4311,-5.8563986,-1.5347685,instagram_data
12443,2.384168,13.350645,instagram_data
13237,3.129994,-0.341129,instagram_data
19604,-8.249846,-3.9060442,instagram_data
7789,4.480114,12.844872,instagram_data
7152,23.322369,-14.706923,instagram_data
28380,-1.593813,7.827382,instagram_data2
7433,2.9973404,6.9395704,instagram_data
34312,-7.6794386,2.0425184,instagram_data2
10481,-14.127554,-2.4935112,instagram_data
33343,9.724631,16.672068,instagram_data2
28180,-4.9738874,-1.1826473,instagram_data2
12914,-6.800251,3.8995697,instagram_data
18729,-7.4829636,2.7599235,instagram_data
26672,3.5678523,13.49272,instagram_data2
16881,-9.831613,-4.6697097,instagram_data
13806,-5.34845,4.6902833,instagram_data
24891,2.22098,-7.408196,instagram_data2
7765,-13.097255,-0.9838512,instagram_data
27526,-10.709466,1.2267869,instagram_data2
12318,5.104141,13.431818,instagram_data
28603,2.4029863,-10.204633,instagram_data2
31050,-3.4005592,-4.0726423,instagram_data2
12644,-8.591432,1.1820896,instagram_data
28519,10.697353,-6.489233,instagram_data2
10205,-3.3439033,6.0696406,instagram_data
31192,4.054992,-4.1538544,instagram_data2
20644,2.304212,-2.3860977,instagram_data2
30096,-0.45561907,-8.876766,instagram_data2
12771,9.391648,12.905528,instagram_data
26157,-8.128115,-1.2610332,instagram_data2
3391,-8.411451,7.7062316,instagram_data
20014,-2.2665844,7.838576,instagram_data
6045,-4.878226,-4.805972,instagram_data
26129,8.60013,6.059961,instagram_data2
31379,-4.5181546,-0.74244064,instagram_data2
32630,5.8473525,-3.7445211,instagram_data2
16287,4.6096554,-0.546022,instagram_data
2651,20.084389,-14.888228,instagram_data
16581,20.468933,-5.678983,instagram_data
11343,5.708719,-6.887443,instagram_data
12065,-1.9712464,-8.412416,instagram_data
961,4.1081176,7.999586,instagram_data
31012,-3.182447,-0.24103296,instagram_data2
20548,6.374228,13.862442,instagram_data2
15322,16.221292,-6.498778,instagram_data
13162,-7.5229015,-4.5749393,instagram_data
1211,6.7620635,0.1593052,instagram_data
12956,-11.961349,-0.96761036,instagram_data
33515,14.340522,18.099981,instagram_data2
26509,-1.9247605,12.205751,instagram_data2
25585,4.901728,8.335918,instagram_data2
23988,-5.9750676,0.98112035,instagram_data2
10677,-3.1115522,1.5202603,instagram_data
4257,-11.9678955,1.8025006,instagram_data
7017,-8.917421,1.6102383,instagram_data
658,11.545186,1.6728811,instagram_data
30389,-7.3906293,-7.4072843,instagram_data2
17999,3.1778297,-4.275765,instagram_data
9971,32.138817,-3.9092085,instagram_data
33994,-6.3652225,1.6009722,instagram_data2
34605,-11.165574,-8.653715,instagram_data2
8058,-12.456363,-4.242141,instagram_data
19186,0.56205857,-5.940536,instagram_data
4321,-4.9840236,-4.3702593,instagram_data
24096,-2.6742249,1.733654,instagram_data2
3313,-3.598237,-6.6094337,instagram_data
11457,-11.967781,1.9789134,instagram_data
16280,-11.65999,-1.114038,instagram_data
24916,5.8292713,-5.9792185,instagram_data2
10565,-0.6514698,2.2086096,instagram_data
5671,0.5681613,7.930136,instagram_data
13065,-7.275379,5.827821,instagram_data
10382,-10.451677,-4.74534,instagram_data
15382,3.5877402,0.044668477,instagram_data
32986,-13.5191,-5.2698307,instagram_data2
18052,-15.23979,-5.2626224,instagram_data
223,5.9105525,7.267988,instagram_data
23033,-5.0506134,3.0973558,instagram_data2
23172,-2.3893542,2.6203182,instagram_data2
8656,-0.8557211,-8.189183,instagram_data
1239,4.894765,5.8419175,instagram_data
10842,-13.371675,-0.58091617,instagram_data
30748,15.868375,-23.976463,instagram_data2
29615,3.2210383,-5.7189946,instagram_data2
32283,4.9875345,7.067555,instagram_data2
2861,3.5173447,11.804799,instagram_data
4304,-2.7099905,-2.1044807,instagram_data
12283,2.6767035,-2.01002,instagram_data
19814,3.282089,-0.5227312,instagram_data
24337,-6.770312,4.2222385,instagram_data2
27171,4.8182316,3.5825953,instagram_data2
12510,2.777065,5.6649456,instagram_data
30252,-5.260762,-0.6972722,instagram_data2
30669,-1.4717053,-0.38535377,instagram_data2
5130,16.577755,-3.9248216,instagram_data
32159,4.911781,-1.9090996,instagram_data2
18368,4.668101,11.717302,instagram_data
9321,1.0951701,-13.71674,instagram_data
10186,-0.8228236,-6.782737,instagram_data
31617,-12.691315,-6.4794874,instagram_data2
3352,-7.5149565,1.0406446,instagram_data
3004,7.016374,-3.1638346,instagram_data
33278,-3.1929977,2.7141428,instagram_data2
28436,9.418851,-12.611825,instagram_data2
1521,-6.2203636,-8.855159,instagram_data
28672,2.561482,8.745987,instagram_data2
7218,2.2380526,4.4079795,instagram_data
6350,0.71721303,8.224813,instagram_data
12322,-8.400053,-5.6313615,instagram_data
19126,-11.143585,-5.2770247,instagram_data
26265,-4.9706893,2.2684717,instagram_data2
1327,11.13886,5.386515,instagram_data
14520,-3.755387,-14.278858,instagram_data
18003,-10.71208,-3.8450491,instagram_data
1394,15.957147,-6.8087277,instagram_data
6068,16.623732,-11.163159,instagram_data
18709,1.2186912,7.5682936,instagram_data
30340,-5.515633,-3.8616486,instagram_data2
845,1.8601134,8.076825,instagram_data
11602,1.283992,10.338408,instagram_data
16129,21.12822,-6.937635,instagram_data
3885,4.8236284,-8.2436695,instagram_data
25103,-11.574873,-2.4586923,instagram_data2
8412,-10.838272,-9.333268,instagram_data
29349,-6.941219,-4.6358557,instagram_data2
16663,0.08721823,9.522801,instagram_data
21596,-10.107459,-5.375396,instagram_data2
13219,3.9370532,-0.120978504,instagram_data
28899,-4.455587,-1.6803017,instagram_data2
18536,9.441041,5.715073,instagram_data
10955,-0.15283588,4.0344367,instagram_data
32129,9.148936,-3.919651,instagram_data2
917,-10.084355,3.6065989,instagram_data
15657,-0.44277698,-12.886581,instagram_data
3234,-9.011497,2.6311517,instagram_data
28051,1.760593,-7.180311,instagram_data2
781,-6.128674,4.361496,instagram_data
34849,2.9646485,1.1120143,instagram_data2
1134,8.436815,2.2067127,instagram_data
2496,6.169875,-6.01333,instagram_data
938,18.243404,0.11766158,instagram_data
33576,9.005335,-5.5781627,instagram_data2
5595,14.355809,7.4240303,instagram_data
32685,-6.4378014,6.4845796,instagram_data2
30793,-8.647774,-3.8208635,instagram_data2
16274,5.686267,5.0407596,instagram_data
9463,-6.035088,-1.2634677,instagram_data
6860,-8.228193,-8.404265,instagram_data
18524,13.858009,3.0967097,instagram_data
25567,-2.4527943,6.4548373,instagram_data2
28666,8.797087,6.24068,instagram_data2
22939,-7.884181,-1.9017401,instagram_data2
32089,-7.407653,-0.9361805,instagram_data2
9304,11.164561,-10.427088,instagram_data
26245,-2.472483,-2.3238244,instagram_data2
33587,3.8531404,0.031068718,instagram_data2
21020,10.091721,6.1431866,instagram_data2
25616,-8.762838,2.5996258,instagram_data2
6485,-12.477919,-0.009349571,instagram_data
27234,-2.9068866,8.012139,instagram_data2
30927,18.26681,-5.7384934,instagram_data2
22716,-12.05594,-5.592619,instagram_data2
21785,-0.80365247,2.1196108,instagram_data2
34771,-6.3416862,-0.19591849,instagram_data2
28329,18.40904,-1.8697333,instagram_data2
15151,4.1652822,1.7068076,instagram_data
3776,-7.7646666,-1.4065623,instagram_data
4144,-1.111106,7.4807987,instagram_data
28422,-9.927414,-0.4609816,instagram_data2
22574,-1.5484836,1.4357421,instagram_data2
10798,12.748994,16.935463,instagram_data
28595,6.689985,-6.20989,instagram_data2
1719,3.401587,9.2897625,instagram_data
12669,2.144336,22.380287,instagram_data
21143,11.039866,4.6557713,instagram_data2
13288,3.47515,5.4842005,instagram_data
19701,-10.249883,-2.486159,instagram_data
9740,33.537952,-8.479989,instagram_data
317,13.549325,-2.2714372,instagram_data
26284,-2.5076025,3.5967977,instagram_data2
18183,-0.26009992,6.730519,instagram_data
10189,-3.3012877,2.0187368,instagram_data
32805,-8.66299,1.7537197,instagram_data2
21665,4.182396,3.9402783,instagram_data2
8361,-6.208022,3.2962027,instagram_data
11995,-11.737679,-5.1928782,instagram_data
14140,-2.8611662,-10.503001,instagram_data
5383,-2.125725,11.496637,instagram_data
29247,9.198569,-12.847212,instagram_data2
30062,-2.0290444,4.330672,instagram_data2
25116,-4.665616,-2.9443479,instagram_data2
29563,6.523169,6.731616,instagram_data2
15328,20.954952,-4.940944,instagram_data
19147,13.156788,-15.011865,instagram_data
6805,-1.0286853,1.0834286,instagram_data
12835,-2.7071543,0.47471774,instagram_data
4555,7.468104,-1.8680499,instagram_data
13901,20.12107,8.388242,instagram_data
26309,17.473534,-9.214924,instagram_data2
8396,-4.9177475,0.3700887,instagram_data
10081,-3.22891,0.6333452,instagram_data
25928,3.30183,-10.66518,instagram_data2
7201,-1.8349607,9.236623,instagram_data
14878,5.0625305,12.201237,instagram_data
5339,-0.38669756,12.183977,instagram_data
33874,3.6838253,2.0047762,instagram_data2
34054,4.519516,10.738852,instagram_data2
12340,7.5387506,-0.8467919,instagram_data
21921,0.8928971,7.771364,instagram_data2
33711,-4.384896,-0.79863113,instagram_data2
29914,0.90351635,5.090447,instagram_data2
5949,4.639022,11.9442835,instagram_data
2229,-12.592937,-2.081747,instagram_data
5952,10.328747,6.477646,instagram_data
25413,-0.56680006,14.841612,instagram_data2
33379,1.0935811,6.959079,instagram_data2
10267,-8.002781,1.4474726,instagram_data
14481,17.637157,-9.372267,instagram_data
29907,-8.364686,1.2034291,instagram_data2
17709,-7.467947,-4.0344543,instagram_data
24741,1.1756155,-0.19152194,instagram_data2
11354,-5.7997274,3.9572961,instagram_data
19774,-0.6293055,-2.5941186,instagram_data
14087,7.848045,7.2620926,instagram_data
726,3.8939958,7.2537465,instagram_data
21935,1.356472,-2.0270097,instagram_data2
15994,1.6053637,3.3582604,instagram_data
7124,-1.4872657,6.789214,instagram_data
14657,8.254385,-2.2665982,instagram_data
2490,11.505883,-9.447068,instagram_data
368,12.12697,9.645374,instagram_data
657,-1.572292,5.4051337,instagram_data
33989,2.7371511,2.2562332,instagram_data2
33033,-4.7931867,6.424194,instagram_data2
23980,-0.5885549,7.3273787,instagram_data2
3142,-3.9621642,1.888805,instagram_data
22833,-11.236723,1.5032351,instagram_data2
9651,7.327287,3.7606504,instagram_data
15441,-6.099857,2.4934797,instagram_data
12491,-8.160229,-0.2914966,instagram_data
21236,9.924694,-14.224443,instagram_data2
27348,-11.12271,-7.5583215,instagram_data2
24933,5.833049,-7.5837097,instagram_data2
816,-11.432261,-3.420131,instagram_data
31286,-2.0441241,1.0063745,instagram_data2
18422,20.212872,2.5065825,instagram_data
11584,-11.763752,-2.5067225,instagram_data
21914,-8.60419,-5.352958,instagram_data2
9375,-9.593839,-0.71729636,instagram_data
31166,-6.0840263,-2.5383158,instagram_data2
15169,3.1946614,-10.078869,instagram_data
19850,25.576006,-4.555638,instagram_data
5206,9.023661,-12.586493,instagram_data
18126,7.7983503,10.290508,instagram_data
3475,-11.971426,-2.5659754,instagram_data
17781,4.434411,1.03078,instagram_data
18177,-7.5587626,-0.66453606,instagram_data
29309,-1.1642737,0.33449546,instagram_data2
1860,4.079733,11.791926,instagram_data
5791,-1.8321337,8.628282,instagram_data
17370,2.9743304,8.412006,instagram_data
9296,-5.753193,0.45877612,instagram_data
3781,-6.868514,4.79146,instagram_data
18097,-11.070794,-8.855802,instagram_data
19130,-6.7339125,9.208392,instagram_data
15972,-7.500264,-2.6808596,instagram_data
8844,-6.5607195,-2.774874,instagram_data
30413,10.26633,3.532256,instagram_data2
33330,-7.478271,4.1458654,instagram_data2
16160,-1.5642043,6.844593,instagram_data
9902,-6.1716213,-2.0956893,instagram_data
5227,12.276882,-2.925089,instagram_data
29428,-1.064395,-2.84125,instagram_data2
21111,-0.116354376,-0.22340365,instagram_data2
4844,-2.6402712,3.8420677,instagram_data
28791,6.219407,4.9296374,instagram_data2
13187,20.524382,8.038434,instagram_data
24570,23.015213,13.213581,instagram_data2
29360,0.9099102,3.0458968,instagram_data2
22972,-2.3241503,8.445561,instagram_data2
24693,9.143237,-0.8200537,instagram_data2
22379,-3.4005797,-3.5443306,instagram_data2
11790,-4.878801,-6.872439,instagram_data
892,-7.2650347,-3.543865,instagram_data
5164,12.13153,3.346411,instagram_data
26674,10.011925,-4.023388,instagram_data2
5464,-5.4849343,-10.313211,instagram_data
17067,12.118835,1.4970548,instagram_data
33857,9.44509,10.893849,instagram_data2
30764,11.283665,-5.1434927,instagram_data2
9837,-2.7606525,-3.7671323,instagram_data
22424,-0.5291836,3.50574,instagram_data2
7390,7.5769486,4.2252874,instagram_data
21098,-5.3691926,0.42634022,instagram_data2
28947,3.5203707,1.6783503,instagram_data2
24665,13.9716015,11.349558,instagram_data2
562,-6.0208616,-1.8912395,instagram_data
15587,1.6464891,-4.5711427,instagram_data
10371,-12.125456,4.8120527,instagram_data
2392,14.46583,14.000188,instagram_data
12696,-8.725013,1.3959724,instagram_data
10542,-10.664692,0.41732368,instagram_data
17748,-2.2027757,-5.5946107,instagram_data
26621,9.477352,13.667738,instagram_data2
12124,1.9152476,7.018433,instagram_data
10965,-3.600878,-3.5784261,instagram_data
2391,-6.9147353,-2.1483214,instagram_data
7105,-10.274095,-2.718365,instagram_data
12692,1.661616,-12.49542,instagram_data
1758,-2.1238341,-9.161764,instagram_data
109,-1.0507182,-6.83058,instagram_data
8254,-3.1829545,-3.76759,instagram_data
404,-5.0492835,-7.078371,instagram_data
16300,-0.9919763,7.6354246,instagram_data
27246,6.1282887,9.088589,instagram_data2
9792,-3.4102745,2.5820434,instagram_data
18991,7.661363,0.3355347,instagram_data
3739,-2.6363215,0.5407242,instagram_data
28526,12.114406,8.573293,instagram_data2
2977,-10.09538,1.3859026,instagram_data
24375,-0.3648081,-0.5805109,instagram_data2
1192,1.3124398,13.588454,instagram_data
7915,11.914307,4.1399755,instagram_data
30120,-12.783607,0.97121716,instagram_data2
23511,15.310911,3.6176376,instagram_data2
15054,-2.699588,-0.16671348,instagram_data
8831,3.6922638,-7.383697,instagram_data
24185,-6.701614,7.2728205,instagram_data2
14859,10.44518,-4.7428193,instagram_data
7757,3.3993244,4.171677,instagram_data
2478,-1.0562339,5.574117,instagram_data
12419,-0.11457081,0.12551731,instagram_data
8452,-9.506054,-5.079015,instagram_data
32227,-4.8076696,-0.5215421,instagram_data2
2492,-13.020374,-1.5045427,instagram_data
29778,4.3470373,9.484352,instagram_data2
12399,0.4599868,2.250574,instagram_data
24649,-8.943467,-3.9724267,instagram_data2
13961,-0.98260707,-3.6667664,instagram_data
9039,-9.529089,-2.657885,instagram_data
9676,-10.042352,-2.254627,instagram_data
2126,-2.7104647,-9.677268,instagram_data
16937,-10.239299,2.500785,instagram_data
623,20.087914,23.825382,instagram_data
24963,-8.659347,-6.94917,instagram_data2
22221,2.2795444,6.816224,instagram_data2
804,19.598776,3.4534547,instagram_data
20448,0.34693122,3.9847853,instagram_data
5736,2.2820094,3.779877,instagram_data
32466,-4.5952373,-5.789204,instagram_data2
5396,-8.087067,-4.5053554,instagram_data
19427,-1.5368034,2.7724676,instagram_data
22194,7.354098,2.7707815,instagram_data2
27332,-6.299533,-0.123231776,instagram_data2
11659,-3.361656,-1.1093652,instagram_data
24424,-8.259816,0.9514012,instagram_data2
16352,23.279469,12.996802,instagram_data
26690,1.2985544,-7.7475243,instagram_data2
7023,-8.352506,-11.011435,instagram_data
8154,-12.011616,1.7745568,instagram_data
33291,5.5947657,3.1177578,instagram_data2
33956,11.727418,-4.458951,instagram_data2
28118,5.5639725,1.182939,instagram_data2
34812,3.3455844,14.622358,instagram_data2
28157,-11.746039,-4.4804344,instagram_data2
32797,15.306497,14.028484,instagram_data2
2429,-10.594997,-2.027015,instagram_data
17497,5.405054,-12.571039,instagram_data
5974,-0.3982107,13.301237,instagram_data
22713,15.0136175,-1.255654,instagram_data2
4120,14.290968,2.2207952,instagram_data
26203,-7.550457,4.444203,instagram_data2
5831,-4.084366,8.3749695,instagram_data
31260,-7.4728804,0.94374144,instagram_data2
1692,2.7193065,-13.686927,instagram_data
23934,3.0569937,-9.619998,instagram_data2
2000,-9.203386,-1.0427383,instagram_data
34825,-0.58633643,-7.58616,instagram_data2
22847,-11.995807,1.7257096,instagram_data2
12073,10.380275,-10.553045,instagram_data
18618,13.47488,-5.4026113,instagram_data
867,3.6525433,1.1859028,instagram_data
33130,-4.178419,-5.3684387,instagram_data2
18728,1.1624541,-2.5090022,instagram_data
23232,-7.0865283,-6.54186,instagram_data2
14742,-7.665312,-3.0418465,instagram_data
23423,-6.111307,-1.4873304,instagram_data2
3183,-5.7244496,-5.367526,instagram_data
21938,-11.479128,-3.471972,instagram_data2
18987,-14.423999,-4.5890956,instagram_data
21340,16.470457,-9.65557,instagram_data2
239,-6.1434317,0.18276808,instagram_data
17807,-5.216427,-10.3494425,instagram_data
799,-8.798748,1.8955137,instagram_data
28003,-4.9599986,-0.1540203,instagram_data2
13163,27.683418,-6.3985147,instagram_data
1005,-6.386585,-1.3061002,instagram_data
6624,0.23845625,5.0434775,instagram_data
3861,-0.33953482,11.574058,instagram_data
23523,8.525086,9.357731,instagram_data2
19576,-7.619913,7.049604,instagram_data
17294,-11.012608,-0.17472064,instagram_data
21279,-0.7470793,-10.7389145,instagram_data2
27018,-13.4084215,-3.7087193,instagram_data2
32007,-9.361495,1.1597716,instagram_data2
32909,-1.2640332,10.947047,instagram_data2
7897,15.236807,-6.8765316,instagram_data
22519,-8.962367,-0.44473544,instagram_data2
3262,7.3434763,-1.446793,instagram_data
25140,-6.9512596,2.5020227,instagram_data2
27921,-13.521051,-3.2048593,instagram_data2
11534,-6.8562593,-6.6385407,instagram_data
30735,-5.1593504,-2.114601,instagram_data2
9844,-9.138114,-3.2149682,instagram_data
21210,2.697682,2.550366,instagram_data2
3807,-13.353157,0.17063352,instagram_data
22336,12.573128,8.848207,instagram_data2
4863,-3.0089557,-0.001079031,instagram_data
24632,11.159259,19.190445,instagram_data2
23766,1.7186809,14.238991,instagram_data2
4308,15.328961,-22.525719,instagram_data
32829,-11.416259,1.0591663,instagram_data2
30876,2.796802,3.1021938,instagram_data2
34695,0.45565835,-1.4087727,instagram_data2
1906,5.0780973,5.853485,instagram_data
26324,-4.7045116,4.6723247,instagram_data2
24415,-6.164358,1.283747,instagram_data2
7573,-9.881194,-0.078779496,instagram_data
13544,9.081129,-7.501294,instagram_data
32740,-9.642579,-2.9977846,instagram_data2
26308,-8.505748,6.284528,instagram_data2
16090,-9.181964,-0.72904664,instagram_data
13437,9.752233,3.7789237,instagram_data
22283,4.81009,4.713289,instagram_data2
28561,7.4695835,13.114343,instagram_data2
17219,25.646036,7.588028,instagram_data
31454,6.5665092,-5.592301,instagram_data2
15356,14.921444,-16.94219,instagram_data
23084,5.4448113,7.8626146,instagram_data2
14358,8.6841955,12.159905,instagram_data
21006,8.876062,15.42653,instagram_data2
16857,5.5283623,-6.1592927,instagram_data
7889,-0.85564476,-11.78444,instagram_data
31262,2.491436,5.706151,instagram_data2
19450,-6.3338904,7.269835,instagram_data
24782,1.1842742,-7.6907926,instagram_data2
5176,-8.132061,-6.347718,instagram_data
31553,-3.0723505,-0.29654095,instagram_data2
2235,1.9486873,4.498328,instagram_data
2108,-9.3265085,-5.507289,instagram_data
33850,0.88668156,0.107428014,instagram_data2
8042,-9.553977,-7.7499614,instagram_data
3507,-5.552342,-4.2013865,instagram_data
1525,-1.0743701,0.93444717,instagram_data
22831,-8.88972,-4.3047705,instagram_data2
27815,0.58367264,1.4028063,instagram_data2
27058,-0.41722777,4.438571,instagram_data2
10528,4.8981233,10.727414,instagram_data
23107,0.842752,11.295466,instagram_data2
23368,-9.988621,-5.6284866,instagram_data2
12830,-5.2166877,5.406802,instagram_data
14420,2.8247073,-7.3172593,instagram_data
20752,-7.506591,1.8195497,instagram_data2
24639,7.051079,-9.448723,instagram_data2
30954,-8.332703,0.36566684,instagram_data2
30242,7.409969,13.081763,instagram_data2
33810,-1.4167429,-2.738521,instagram_data2
13644,2.4783394,1.0135375,instagram_data
30182,13.38881,-16.045914,instagram_data2
34075,-3.2551956,5.8292937,instagram_data2
28353,-10.1699,1.5651705,instagram_data2
9952,-7.076361,0.96235794,instagram_data
17502,-2.6913264,-6.8238974,instagram_data
30147,-10.186524,-4.7054787,instagram_data2
13013,-1.0648813,10.116546,instagram_data
34563,-9.594689,5.574963,instagram_data2
7345,-0.6601222,-12.169503,instagram_data
27927,-3.010143,-0.78470486,instagram_data2
26439,2.8785782,-2.476864,instagram_data2
6582,-4.6296787,-0.3929911,instagram_data
11138,-14.860216,-1.6452214,instagram_data
16703,-13.601591,-3.3939116,instagram_data
17227,-3.032548,8.308486,instagram_data
28896,-3.594073,-1.3098785,instagram_data2
15298,-1.5853482,8.156851,instagram_data
17571,-9.218863,-2.682559,instagram_data
20815,14.8245945,-1.1700133,instagram_data2
18184,-11.691086,-3.3171778,instagram_data
5822,18.268106,-12.878848,instagram_data
10053,0.61984956,-1.552993,instagram_data
19523,5.144128,5.4829874,instagram_data
12826,2.1377006,-2.344238,instagram_data
18331,12.643155,-28.842178,instagram_data
29096,9.509233,-20.170744,instagram_data2
4767,-9.711476,-4.62887,instagram_data
8907,-4.9146814,-4.0279684,instagram_data
12876,0.18265605,5.982811,instagram_data
13542,0.40118036,-4.565969,instagram_data
157,-2.7398355,-2.097432,instagram_data
7975,-13.565644,-4.899619,instagram_data
6224,4.635507,3.3143504,instagram_data
30210,-7.7820287,2.8588848,instagram_data2
11852,-5.8906107,-5.4983573,instagram_data
12125,-6.717489,-3.3331363,instagram_data
28898,3.4274414,7.2208767,instagram_data2
19551,-5.565114,9.573376,instagram_data
28333,5.392249,2.6474214,instagram_data2
1440,9.002718,-13.426857,instagram_data
32641,-10.449385,-2.3227718,instagram_data2
31641,-6.7579684,-0.9683278,instagram_data2
34382,25.931599,1.3668835,instagram_data2
21249,-0.97508544,10.095503,instagram_data2
27998,-9.208773,-1.165429,instagram_data2
20685,8.180975,-11.1970415,instagram_data2
7143,-5.78102,2.9615867,instagram_data
1864,1.75766,14.091002,instagram_data
8221,-2.2249207,-4.3472495,instagram_data
3169,-2.1980019,-4.680573,instagram_data
3766,0.9344169,-2.8591728,instagram_data
30301,8.960414,-1.548675,instagram_data2
17913,-12.297722,-0.523758,instagram_data
25251,-12.743484,-0.6686676,instagram_data2
8149,-5.0042453,6.225609,instagram_data
11827,0.46775022,-10.732394,instagram_data
16029,-1.6732253,-1.9451271,instagram_data
481,-12.502727,-5.831692,instagram_data
23323,-1.8943688,3.9242716,instagram_data2
5893,-9.155261,3.4797952,instagram_data
25456,0.13591121,-7.211819,instagram_data2
25932,-8.810682,1.6865878,instagram_data2
12695,13.189056,15.837935,instagram_data
21903,-4.1970177,8.548829,instagram_data2
16966,-11.675836,-0.6680983,instagram_data
30894,-4.587162,9.9527445,instagram_data2
14378,-4.306765,-0.9683825,instagram_data
3825,-8.649439,-3.547085,instagram_data
403,-6.6173034,-1.0292195,instagram_data
7611,0.2888969,1.7762975,instagram_data
22588,6.041335,12.829536,instagram_data2
16523,-4.6968064,1.776252,instagram_data
23624,-1.8441994,0.26497537,instagram_data2
9489,-8.163003,-3.0806565,instagram_data
19075,-6.013557,4.303515,instagram_data
10286,1.7316726,-5.2715683,instagram_data
22351,-6.574338,-2.5201948,instagram_data2
26064,-7.8466277,3.6986132,instagram_data2
28312,-1.1833997,-9.647348,instagram_data2
20270,1.8098693,11.547359,instagram_data
6813,0.8227102,-3.684098,instagram_data
12719,5.9183908,8.197105,instagram_data
16743,-9.066145,1.7857634,instagram_data
11922,-7.250335,3.7931266,instagram_data
18459,-5.293926,-2.6233528,instagram_data
9328,-6.3517346,-1.0340854,instagram_data
1991,2.7393348,-5.0663104,instagram_data
189,6.0038204,3.8071215,instagram_data
7473,9.155035,11.631062,instagram_data
20237,3.3418164,-4.0648284,instagram_data
18053,-6.413275,1.9398513,instagram_data
11112,-10.532482,-1.5581264,instagram_data
27194,18.292978,-9.375926,instagram_data2
20243,7.3866553,-10.400728,instagram_data
24408,-7.0463347,-5.117149,instagram_data2
23500,-1.5332345,0.0861723,instagram_data2
5329,0.0001061882,2.6204991,instagram_data
5945,-7.9457316,3.6163683,instagram_data
33484,2.1217048,-1.0337367,instagram_data2
14504,-4.2948365,-1.1754321,instagram_data
19094,-13.105032,-1.7366221,instagram_data
33187,-2.9134898,4.637062,instagram_data2
26288,-9.313809,-4.958157,instagram_data2
11687,-8.99659,3.0858715,instagram_data
21229,-2.030702,-0.25173417,instagram_data2
10991,-0.604672,1.3044121,instagram_data
29186,17.110144,1.3286813,instagram_data2
16820,13.038212,-2.1771452,instagram_data
7242,-6.736316,-0.6479592,instagram_data
13571,14.46195,-7.023412,instagram_data
7245,3.657244,20.057768,instagram_data
9989,2.845957,1.7925606,instagram_data
23049,-4.1540737,3.619445,instagram_data2
6359,-3.5408885,5.3702025,instagram_data
19082,-3.027818,-3.50609,instagram_data
29547,18.406649,13.710269,instagram_data2
23551,-4.9796276,-5.8502884,instagram_data2
22055,-13.2954,0.5406541,instagram_data2
34006,11.6649065,17.6366,instagram_data2
11030,-11.905482,3.3942146,instagram_data
24724,3.6682467,3.9578934,instagram_data2
30860,6.471399,-7.102081,instagram_data2
19377,6.332197,-6.0522885,instagram_data
25697,13.192333,-9.967983,instagram_data2
9122,18.464941,-2.249848,instagram_data
30666,-7.8600473,-5.599158,instagram_data2
18900,-11.673783,-2.657264,instagram_data
21259,4.291228,0.55010974,instagram_data2
4780,16.53688,-18.461927,instagram_data
24450,-6.3153677,-2.9455924,instagram_data2
29580,-2.6323438,2.0697937,instagram_data2
5118,9.332163,11.975164,instagram_data
2303,-4.790243,-7.7729244,instagram_data
4748,-0.76536846,-2.4714818,instagram_data
23636,-12.984256,-0.16652687,instagram_data2
8665,18.587286,-11.461883,instagram_data
25899,-4.2134347,0.026618253,instagram_data2
27949,-14.598124,-0.7375656,instagram_data2
15252,-2.4301414,6.7790923,instagram_data
6481,-10.794477,-0.39407426,instagram_data
27958,-8.878766,-1.8310239,instagram_data2
3249,-1.735865,-1.8993604,instagram_data
14217,0.66605794,-18.790596,instagram_data
10680,0.9548505,2.0806665,instagram_data
5386,5.180132,-13.200809,instagram_data
33494,14.290778,14.852637,instagram_data2
5895,-5.9260054,0.68529797,instagram_data
20409,-3.8767266,-8.965572,instagram_data
19105,-3.5279996,5.0104265,instagram_data
19173,3.197589,10.382673,instagram_data
32309,-0.036502916,0.034940068,instagram_data2
29769,1.2538816,-0.78441596,instagram_data2
7964,-10.904175,2.4129937,instagram_data
978,-11.049642,-2.5355206,instagram_data
14460,9.768164,-22.967646,instagram_data
21092,7.762053,-12.064431,instagram_data2
30580,11.951292,-7.310825,instagram_data2
16250,4.228138,12.195352,instagram_data
7211,-8.006894,-0.38166583,instagram_data
1297,-5.033298,1.3316805,instagram_data
19207,-8.870642,-5.97437,instagram_data
28861,5.488125,3.3304558,instagram_data2
21215,-9.657089,-2.2835796,instagram_data2
13570,1.276634,1.4179715,instagram_data
33180,-14.964746,-4.316178,instagram_data2
670,5.3722277,2.9244022,instagram_data
28540,9.49048,-7.6286135,instagram_data2
17228,4.1588593,-3.984936,instagram_data
21775,4.4112964,5.721533,instagram_data2
30721,9.245847,-2.8047435,instagram_data2
7532,-7.929911,3.2849207,instagram_data
19610,-5.2020564,3.632735,instagram_data
3969,3.1518786,8.963529,instagram_data
13333,15.523484,-7.582417,instagram_data
33166,-14.105508,-5.932659,instagram_data2
30395,33.438293,-4.1598883,instagram_data2
16389,14.774394,-0.72239983,instagram_data
18759,5.4172173,-9.125611,instagram_data
1308,6.200027,8.642714,instagram_data
23903,9.741003,2.9373298,instagram_data2
26574,-7.9429398,-5.343762,instagram_data2
8269,-13.830883,-0.4677708,instagram_data
33008,0.31656235,-6.612846,instagram_data2
615,3.9913032,-11.765898,instagram_data
10516,8.863932,-4.1255636,instagram_data
21036,-3.187811,-8.586036,instagram_data2
1061,2.0413742,15.232661,instagram_data
442,-2.8606763,6.073806,instagram_data
32427,-1.8592652,8.898593,instagram_data2
23778,0.60806656,10.610652,instagram_data2
4511,3.6341712,-3.7687893,instagram_data
31390,5.8260407,-1.4478405,instagram_data2
20769,-6.4704175,-0.71355844,instagram_data2
17626,3.1771533,-12.533349,instagram_data
32534,-3.5556943,5.819451,instagram_data2
10971,-10.267796,-1.6503735,instagram_data
28528,-0.8341035,2.438365,instagram_data2
11045,-7.3731,3.1572266,instagram_data
22837,-1.2234234,9.20374,instagram_data2
31301,2.9761646,-0.5861178,instagram_data2
10831,-1.7800591,2.3646333,instagram_data
12862,-6.4530315,-3.210435,instagram_data
13761,-2.5817993,-8.203864,instagram_data
1837,-3.7014253,-9.145731,instagram_data
663,1.4088627,13.952848,instagram_data
16209,11.426775,7.5319076,instagram_data
31876,26.508673,-20.075653,instagram_data2
23208,10.154985,-9.5757265,instagram_data2
26316,-0.19555266,10.94715,instagram_data2
10539,6.9159884,-12.344789,instagram_data
21509,-3.6042802,-0.4287396,instagram_data2
5819,-12.025326,-0.15419635,instagram_data
15253,-1.9475707,10.069011,instagram_data
5628,8.487392,0.5007606,instagram_data
8725,0.90310514,-5.0501404,instagram_data
6889,-3.8648942,10.545412,instagram_data
26238,6.037573,3.2544632,instagram_data2
27942,-8.305891,-0.1063659,instagram_data2
329,8.988286,-2.221362,instagram_data
27906,-14.068581,-4.5521793,instagram_data2
8081,1.323991,0.756256,instagram_data
5013,-12.739794,-0.17173314,instagram_data
16443,-1.2633555,3.3846376,instagram_data
14890,6.3659506,10.401197,instagram_data
10615,-7.7883215,1.3687489,instagram_data
16262,-9.911567,-5.412188,instagram_data
19945,9.156332,-1.249372,instagram_data
3685,18.884056,1.1002522,instagram_data
6954,6.7443933,-0.44758537,instagram_data
4081,-6.7034144,-0.24031113,instagram_data
5228,-13.722581,-2.5161183,instagram_data
10643,-8.865194,-1.3644134,instagram_data
7458,-14.677026,-2.93481,instagram_data
34846,4.779524,-8.729127,instagram_data2
4782,-10.347949,-1.7583699,instagram_data
21710,7.0949736,7.1032176,instagram_data2
20903,16.335426,-3.8296015,instagram_data2
31580,-5.1632056,4.9005046,instagram_data2
6052,8.939947,-7.831554,instagram_data
22041,-5.1050634,1.7370912,instagram_data2
18612,-8.3486395,-11.643452,instagram_data
16256,-14.3461895,-3.9325185,instagram_data
501,-4.1891255,-6.3181257,instagram_data
21211,4.812036,1.9008466,instagram_data2
28905,4.187343,15.467307,instagram_data2
16318,2.0424688,5.8815355,instagram_data
29740,-7.597698,-7.4670544,instagram_data2
4014,-7.7133727,1.5965753,instagram_data
9684,-3.616006,-12.2514105,instagram_data
3743,9.645715,-12.168566,instagram_data
10778,-6.8625045,5.611538,instagram_data
4878,11.963782,5.1793957,instagram_data
503,-4.084583,-5.84089,instagram_data
18921,-3.7650046,4.970639,instagram_data
15604,-0.87319404,-3.3596516,instagram_data
4746,-2.6609266,-0.4892702,instagram_data
25561,6.838305,5.376119,instagram_data2
29399,-7.194055,1.7372593,instagram_data2
7650,-4.4871545,-8.9020605,instagram_data
17663,6.96878,-15.921318,instagram_data
34036,8.341312,3.6534655,instagram_data2
31479,3.012781,10.541697,instagram_data2
9482,13.018564,-2.6614556,instagram_data
10633,-6.5905657,-4.5236473,instagram_data
23149,-1.2782474,6.2727375,instagram_data2
15483,-4.5511,1.1895158,instagram_data
29522,16.293383,-0.11525235,instagram_data2
2458,-13.262889,-0.48715857,instagram_data
14956,12.442915,-9.929451,instagram_data
15147,10.073715,11.73578,instagram_data
18029,-6.3219967,-1.4770428,instagram_data
1750,24.42669,-6.425393,instagram_data
31951,9.975991,-4.6315627,instagram_data2
25912,-4.8903537,-9.401626,instagram_data2
19744,5.2266135,-5.797249,instagram_data
4871,7.295347,10.017431,instagram_data
13737,1.2080638,0.9880057,instagram_data
26095,-3.401262,2.904001,instagram_data2
14236,7.9279695,-6.486259,instagram_data
19673,-2.1287358,3.3884327,instagram_data
34490,10.017837,-2.005717,instagram_data2
23888,12.722738,0.70842797,instagram_data2
15990,-12.198977,-0.8517386,instagram_data
23996,-9.216493,7.0067196,instagram_data2
27066,12.56815,-2.151898,instagram_data2
20126,-8.172583,-0.72523624,instagram_data
20541,1.5289475,1.5732123,instagram_data2
31274,-14.629588,-4.883104,instagram_data2
20704,6.703779,13.351062,instagram_data2
31757,-1.7426628,10.814879,instagram_data2
2420,-3.7527125,-6.052732,instagram_data
10482,-7.0717554,-3.2686148,instagram_data
1572,3.5913327,-8.076768,instagram_data
24456,-0.08951065,9.902931,instagram_data2
19987,0.6937085,-5.4367995,instagram_data
21170,8.347875,2.9653013,instagram_data2
5852,-3.0843818,-6.055757,instagram_data
21627,-5.3463535,-0.5942112,instagram_data2
14980,2.6552522,1.6023347,instagram_data
23565,-11.366957,-1.8391014,instagram_data2
14258,-0.8490986,0.044353828,instagram_data
8549,7.750031,1.6646245,instagram_data
9630,0.6586767,0.6521889,instagram_data
25900,-6.7830744,-9.099534,instagram_data2
16156,23.920883,-5.5174117,instagram_data
26277,-8.242666,-3.0177345,instagram_data2
155,-6.005824,-1.6475265,instagram_data
16009,-2.7327302,-13.258607,instagram_data
9442,7.3221064,-10.922777,instagram_data
27090,9.531092,2.6999362,instagram_data2
10470,-2.4603882,-2.8133023,instagram_data
22472,-11.367598,-2.7488594,instagram_data2
27218,-12.213238,-1.7369988,instagram_data2
34427,1.6988548,6.0253158,instagram_data2
33568,-4.298655,3.3705895,instagram_data2
24836,2.311773,-13.696592,instagram_data2
7175,-5.460382,-1.5541296,instagram_data
33026,-4.8278885,8.12919,instagram_data2
33169,-3.3831747,-4.4860888,instagram_data2
645,-10.827577,-0.42443776,instagram_data
21455,1.92968,-0.22631772,instagram_data2
15018,18.534061,9.041265,instagram_data
5502,-11.2362995,6.59353,instagram_data
21359,6.8906612,15.1162405,instagram_data2
10759,0.8295128,8.137602,instagram_data
5805,-0.56844807,-3.0401149,instagram_data
26563,1.7830412,15.183974,instagram_data2
3492,18.650902,0.54010004,instagram_data
20190,3.3696866,3.959497,instagram_data
33634,18.186945,1.6969154,instagram_data2
25984,-1.3714085,0.28146917,instagram_data2
4854,2.6695757,8.246004,instagram_data
34044,-10.370482,-1.5010875,instagram_data2
29136,-1.00096,-4.2559423,instagram_data2
8186,-5.5600824,-8.150873,instagram_data
3707,1.9453039,-6.734029,instagram_data
9017,0.3687344,-2.6912355,instagram_data
16405,-4.1737194,3.461919,instagram_data
16008,7.5616035,-2.2293737,instagram_data
13049,22.297663,0.66980124,instagram_data
12986,5.6588826,-7.82845,instagram_data
16199,0.026048053,-5.1720033,instagram_data
10291,-1.2787949,0.769434,instagram_data
15294,-2.2360466,0.43583426,instagram_data
15792,-6.8681874,5.3302946,instagram_data
20349,-5.0531635,0.0321269,instagram_data
15187,7.36518,-3.5437622,instagram_data
9044,1.0037394,5.533136,instagram_data
31505,-5.0877624,-2.3637056,instagram_data2
28305,-5.0892386,7.4901767,instagram_data2
6396,-14.795445,-1.8962005,instagram_data
32445,-1.3030134,4.068124,instagram_data2
21957,-5.578973,2.213006,instagram_data2
22392,15.920036,-6.2200637,instagram_data2
23578,27.579077,-8.289142,instagram_data2
8982,18.651241,-9.655079,instagram_data
11636,-8.196727,-2.274832,instagram_data
18031,-3.5645196,-2.3931422,instagram_data
2254,5.6300726,3.3524368,instagram_data
32118,4.6901402,8.977336,instagram_data2
6433,11.557583,-9.6539545,instagram_data
6322,-1.2348726,1.7378579,instagram_data
3737,-5.818291,4.319791,instagram_data
27438,19.109596,10.915432,instagram_data2
13090,14.021483,-19.691404,instagram_data
31255,-6.3418274,-1.6522424,instagram_data2
3657,2.799541,-11.403281,instagram_data
26219,-10.894455,-0.8191718,instagram_data2
15625,7.4170413,-12.2961035,instagram_data
4298,-7.40506,-0.9448272,instagram_data
10973,-8.376832,-6.1682525,instagram_data
30931,16.668457,1.6577127,instagram_data2
8123,1.4345951,1.6288713,instagram_data
6495,-0.9280057,3.9004586,instagram_data
31869,8.879243,14.093263,instagram_data2
23711,-4.28612,9.560864,instagram_data2
8262,-2.3995016,-11.064394,instagram_data
30642,-5.0216312,-6.1759553,instagram_data2
27399,-4.5226398,-1.4324352,instagram_data2
12273,2.3903713,-0.4350218,instagram_data
13857,-7.7592235,5.428052,instagram_data
4917,-8.443862,-2.07787,instagram_data
1824,0.03504278,-0.8034825,instagram_data
18500,-4.055752,-2.514856,instagram_data
2230,-10.684002,-2.8200002,instagram_data
20601,-1.3155721,-6.473545,instagram_data2
28245,-7.335818,-3.1431587,instagram_data2
32598,-3.8066597,1.2787853,instagram_data2
15227,-2.7553766,-2.3266022,instagram_data
34040,23.468935,-5.8577104,instagram_data2
7358,-4.9526095,0.6220657,instagram_data
2817,-0.60660857,2.1614876,instagram_data
26061,-9.029461,4.6685996,instagram_data2
2165,-10.126363,-6.865784,instagram_data
31462,-10.579973,-1.8415384,instagram_data2
15476,2.1748822,12.892418,instagram_data
2740,-8.231337,0.44095206,instagram_data
32839,-9.632405,1.1756464,instagram_data2
25171,6.871567,-5.3122964,instagram_data2
21857,-1.32985,-4.3465614,instagram_data2
2980,1.0311121,13.855458,instagram_data
11545,-7.6748743,-2.3254614,instagram_data
20351,2.4507499,6.271022,instagram_data
10918,-6.8189545,-3.4690244,instagram_data
30405,2.96464,-8.242866,instagram_data2
34611,15.334452,-0.78944856,instagram_data2
4175,-0.8979361,-3.7765687,instagram_data
7396,-6.284507,-6.365624,instagram_data
22303,-10.923931,3.4818006,instagram_data2
2784,2.7457035,-5.9381557,instagram_data
378,-8.007364,-5.5304666,instagram_data
16320,12.0794525,-4.232335,instagram_data
24998,8.392507,-4.690595,instagram_data2
30601,-0.8493967,-1.3899151,instagram_data2
5973,-0.42739075,12.529319,instagram_data
31683,3.3001277,6.6242013,instagram_data2
4373,-0.6729009,-1.7871287,instagram_data
4552,-4.570291,7.691507,instagram_data
13474,15.247512,7.7617216,instagram_data
7401,11.384748,-9.943106,instagram_data
5564,-9.830408,2.1914322,instagram_data
6525,12.787447,12.453012,instagram_data
24082,-7.633527,-2.3949041,instagram_data2
3764,0.8979517,-0.64824736,instagram_data
30681,-0.41183832,-1.6938161,instagram_data2
22731,-4.570194,3.0733824,instagram_data2
5674,8.814485,6.4356914,instagram_data
32811,13.087255,-4.6833296,instagram_data2
22029,2.9975193,-2.996508,instagram_data2
11350,-9.117987,9.0109215,instagram_data
12485,-9.846083,-2.3125257,instagram_data
19819,3.9890506,-11.361835,instagram_data
14251,-5.4460297,3.8156478,instagram_data
33622,3.2060244,-4.018464,instagram_data2
21736,-9.470201,0.8985366,instagram_data2
21360,-11.875843,-3.1266801,instagram_data2
29235,5.4198985,-5.853096,instagram_data2
23497,-2.6484215,-4.133393,instagram_data2
29392,4.371885,-3.3428938,instagram_data2
19040,-4.161337,4.8761973,instagram_data
19112,-5.485055,-1.0737228,instagram_data
11014,17.126787,14.0256815,instagram_data
20070,12.125741,6.7621813,instagram_data
27608,3.5822506,3.1976597,instagram_data2
23527,-0.55573773,3.0646958,instagram_data2
19878,7.5496764,-7.8931165,instagram_data
34893,-7.9240823,-4.7316127,instagram_data2
4669,-11.615286,-1.6377878,instagram_data
18321,14.093101,-1.1650394,instagram_data
18113,-5.0936737,-1.8724493,instagram_data
34709,0.67237073,13.325164,instagram_data2
233,-7.1640716,-3.4762847,instagram_data
11098,2.550472,-2.606548,instagram_data
17553,-14.0424185,-2.8826315,instagram_data
21547,14.246416,13.624707,instagram_data2
21546,-9.75131,-4.166608,instagram_data2
1046,3.783283,-4.8740997,instagram_data
9200,-7.388864,-1.0148267,instagram_data
20677,6.31093,-1.5503249,instagram_data2
30382,15.109867,-26.97197,instagram_data2
20706,20.636322,22.334904,instagram_data2
27604,-7.3965673,0.7282437,instagram_data2
2067,-3.2388058,6.7772784,instagram_data
20954,-4.3592463,-7.2538013,instagram_data2
26358,9.066694,-0.43355995,instagram_data2
13192,0.5471551,-6.763509,instagram_data
20433,-0.03746422,-15.639738,instagram_data
10390,-11.605424,-0.3705056,instagram_data
16228,-5.1509333,2.783009,instagram_data
14583,11.174664,-5.6130276,instagram_data
573,-2.5156202,-3.2473662,instagram_data
27737,8.124095,-10.594906,instagram_data2
33814,-8.867401,-0.22241838,instagram_data2
9977,6.9548283,-9.0581255,instagram_data
34227,1.5208869,-1.7979528,instagram_data2
3457,-11.429673,3.484853,instagram_data
3011,8.868072,6.478211,instagram_data
9867,-1.1305596,15.464121,instagram_data
18554,3.7982404,-2.171096,instagram_data
27204,-7.4452744,-0.9442393,instagram_data2
24019,-3.4164991,-0.4060027,instagram_data2
31114,0.8084251,8.338905,instagram_data2
12120,-12.708016,-1.658887,instagram_data
13924,7.6543636,0.7282571,instagram_data
18568,-6.7613444,4.2884784,instagram_data
20628,24.075298,-8.554536,instagram_data2
8057,1.450518,-4.5853214,instagram_data
20004,-5.0188346,-12.812157,instagram_data
23048,10.325444,-3.519214,instagram_data2
13548,-7.198854,-8.560777,instagram_data
7991,-13.455449,-0.44523537,instagram_data
22060,-0.16096358,-0.8186338,instagram_data2
12664,-13.934315,-4.280145,instagram_data
1089,-14.842674,-3.9216204,instagram_data
27321,-7.8535132,1.8075322,instagram_data2
14606,-0.85157835,1.9954587,instagram_data
2502,-10.136131,3.6778836,instagram_data
1542,3.6150045,-2.8543475,instagram_data
16055,11.874531,4.570082,instagram_data
5362,-2.9536803,-1.1595943,instagram_data
34894,2.262053,-2.5738556,instagram_data2
735,-4.65493,12.456525,instagram_data
19098,1.1766315,-1.0810068,instagram_data
108,-8.833035,-6.6996636,instagram_data
31941,-6.238742,0.07176942,instagram_data2
19680,7.781132,6.334332,instagram_data
30263,6.8005958,-3.4362094,instagram_data2
21642,4.2944627,-0.3767873,instagram_data2
33141,-14.777423,-4.7075534,instagram_data2
29174,-2.5990694,7.319182,instagram_data2
12897,-12.112688,2.2267668,instagram_data
19770,39.46783,8.71803,instagram_data
30186,-8.487368,-2.3495176,instagram_data2
9632,-5.649139,-4.4291267,instagram_data
27799,-6.0812674,3.0027072,instagram_data2
29184,16.490147,4.8823256,instagram_data2
16601,0.78701985,9.968415,instagram_data
29881,8.779209,13.001676,instagram_data2
15541,-5.072115,-1.2751524,instagram_data
31698,-2.2266927,-1.2761542,instagram_data2
16024,-5.4212823,9.901393,instagram_data
11557,-13.435621,-1.1390083,instagram_data
3826,-12.632786,-0.22045757,instagram_data
13151,-3.0897706,-1.3724648,instagram_data
9393,6.806228,14.510031,instagram_data
32024,0.38786933,5.7214136,instagram_data2
19237,2.9163651,-3.4831378,instagram_data
5779,-4.3813033,-0.9370839,instagram_data
13689,7.5617604,2.1937804,instagram_data
15124,11.178013,7.5020723,instagram_data
6150,-2.7355626,9.427582,instagram_data
7605,5.4668617,18.856152,instagram_data
29454,0.18816169,7.0759535,instagram_data2
3107,10.585988,-2.8507473,instagram_data
6371,2.539108,-9.500651,instagram_data
4550,3.3953464,-3.7186885,instagram_data
29665,4.7523074,-2.3279715,instagram_data2
31118,-3.621589,-11.33859,instagram_data2
30829,-0.84907115,-6.2310014,instagram_data2
4122,-10.142003,-2.603391,instagram_data
6013,0.5255478,-2.7369647,instagram_data
13484,-4.0182967,0.10923578,instagram_data
16048,6.7532563,-4.2929163,instagram_data
21826,5.674815,20.672867,instagram_data2
2892,4.197254,-2.8448856,instagram_data
972,-8.651065,4.0405874,instagram_data
33113,-14.099125,-2.8573015,instagram_data2
30726,-8.787397,1.0920823,instagram_data2
5289,-6.6589746,9.57445,instagram_data
8996,16.835962,-3.9579294,instagram_data
15703,-1.4405922,0.8958495,instagram_data
13937,3.5860343,2.687711,instagram_data
21585,-11.177434,-4.1369033,instagram_data2
22732,2.9790058,12.047711,instagram_data2
2462,-5.71599,-3.0952728,instagram_data
28300,-2.735358,2.4143476,instagram_data2
4588,-14.392307,-2.444912,instagram_data
7068,-10.550889,2.2865572,instagram_data
34874,-11.155693,-8.997777,instagram_data2
21521,3.1060965,7.8065305,instagram_data2
11167,-3.480895,-5.869318,instagram_data
33861,6.354467,3.734103,instagram_data2
20265,0.9398315,-11.062454,instagram_data
6785,7.890137,6.6585493,instagram_data
12377,-5.701198,-4.012831,instagram_data
23852,-8.049634,0.78426623,instagram_data2
8502,-8.028597,-3.9826624,instagram_data
21411,-12.106725,-1.956546,instagram_data2
33720,4.60286,-4.9441705,instagram_data2
16764,-0.84038866,-8.044556,instagram_data
10508,6.2059116,3.1185343,instagram_data
3742,-8.837434,5.269871,instagram_data
5171,-6.845526,-0.5802406,instagram_data
32932,-13.062355,0.48904854,instagram_data2
18467,-4.61381,1.3502141,instagram_data
21398,-6.5976357,-0.89819735,instagram_data2
22483,-2.807877,3.138985,instagram_data2
31939,7.675457,-2.9427757,instagram_data2
6301,21.05943,-8.380179,instagram_data
34856,-1.2885523,6.271957,instagram_data2
979,-2.4433682,3.7500408,instagram_data
20101,-4.398787,-12.7114,instagram_data
13015,-8.699792,0.44003996,instagram_data
3511,2.3038685,-1.4503456,instagram_data
10155,-5.9779854,7.7729874,instagram_data
5027,10.963239,13.676008,instagram_data
12539,2.1211066,10.037378,instagram_data
27180,1.5491838,-9.926796,instagram_data2
16721,-0.055504575,2.5907414,instagram_data
9642,-7.359527,7.163767,instagram_data
33957,2.4879098,-3.0853283,instagram_data2
1847,1.7957484,5.396217,instagram_data
2335,11.21772,12.253362,instagram_data
24531,8.855649,11.662519,instagram_data2
6717,-3.361226,5.8699045,instagram_data
31616,-3.4622738,-13.096457,instagram_data2
30342,8.150321,-5.818927,instagram_data2
19005,-2.0432801,-0.36937502,instagram_data
13635,8.693587,-13.120111,instagram_data
32360,19.80728,15.460721,instagram_data2
11648,-8.296062,3.2767038,instagram_data
18117,-7.0292983,-6.3724976,instagram_data
13545,11.464325,-9.015533,instagram_data
2094,11.721931,-22.767727,instagram_data
23557,6.028878,5.0623407,instagram_data2
25492,5.6861944,14.092186,instagram_data2
9474,-6.956839,-1.8466176,instagram_data
27718,10.566476,-2.637217,instagram_data2
25510,-3.590292,-6.18737,instagram_data2
7690,0.719266,14.596959,instagram_data
10473,-12.023351,-2.2017262,instagram_data
29634,-3.1890104,-0.005671586,instagram_data2
29956,-2.1290998,-11.263684,instagram_data2
11750,3.2075481,13.368746,instagram_data
23255,8.191012,-3.518182,instagram_data2
15566,5.5858264,8.997444,instagram_data
1037,-3.089817,6.135195,instagram_data
13556,2.59814,0.25545332,instagram_data
18176,23.47565,14.047816,instagram_data
5157,-7.9187503,5.8657513,instagram_data
4166,18.871414,11.433663,instagram_data
5743,-1.8141524,-1.498225,instagram_data
29073,-14.147351,-3.9898772,instagram_data2
27676,7.8248997,5.7551627,instagram_data2
30486,7.38566,-20.292751,instagram_data2
3305,2.373765,-3.0286794,instagram_data
28178,-2.335826,-2.5749965,instagram_data2
27059,12.509029,17.509447,instagram_data2
23892,-7.6368484,-1.2596425,instagram_data2
26207,-3.171039,1.4884427,instagram_data2
16657,10.33737,15.513244,instagram_data
8904,6.996436,-1.2368822,instagram_data
8306,-4.6001854,1.8785961,instagram_data
17815,-3.6794295,-0.546074,instagram_data
364,-0.19534795,-1.4908292,instagram_data
12716,-8.60972,2.001234,instagram_data
11486,-9.3306055,-0.032361206,instagram_data
6845,-10.247905,-3.2398176,instagram_data
3596,10.268777,-9.018482,instagram_data
18922,-6.9088306,-6.3233967,instagram_data
33490,3.282216,-5.5243907,instagram_data2
30381,6.774667,-6.07512,instagram_data2
32305,-1.9622474,3.7289805,instagram_data2
34524,-8.974051,2.7758381,instagram_data2
5672,2.7349808,14.664236,instagram_data
8827,6.640834,-1.6540018,instagram_data
5286,-10.368392,-4.4484043,instagram_data
1586,2.8432248,-4.8287077,instagram_data
6034,0.5642157,1.4251492,instagram_data
27355,-3.5699968,-3.7610333,instagram_data2
14232,-0.9006714,5.031875,instagram_data
28084,-3.5917728,-7.1338425,instagram_data2
3597,-11.2473,-2.9023273,instagram_data
399,20.991747,-11.6443405,instagram_data
5006,-7.9640207,-5.3970914,instagram_data
14849,17.592175,-2.2821646,instagram_data
28815,2.9184847,-7.4096084,instagram_data2
10849,-4.725994,-2.2065492,instagram_data
32567,1.2815487,6.127525,instagram_data2
7198,-11.515093,-2.6898382,instagram_data
17949,-1.3040832,-4.848124,instagram_data
13239,4.065197,6.1603465,instagram_data
1971,5.4836617,3.7024975,instagram_data
31353,-10.7539215,-4.3888235,instagram_data2
12768,3.1986017,5.441082,instagram_data
17621,-4.3974113,-2.2348886,instagram_data
25572,-1.2709148,-10.479092,instagram_data2
144,-6.0359282,-1.2988532,instagram_data
10488,11.933654,-1.281479,instagram_data
14301,12.85415,5.852608,instagram_data
9221,-2.731976,-6.6263704,instagram_data
14072,16.677183,5.810133,instagram_data
6507,-7.165373,3.2489626,instagram_data
32626,15.980339,24.767906,instagram_data2
22918,6.939496,-1.025566,instagram_data2
11375,8.47698,5.9068127,instagram_data
7069,0.6738358,-5.8794456,instagram_data
25058,-14.770758,-2.7128386,instagram_data2
30002,-6.3104877,0.7837211,instagram_data2
8366,-11.465065,0.7980614,instagram_data
23641,-9.339177,-2.6072242,instagram_data2
1364,-6.1282287,-3.5297499,instagram_data
32164,-0.14550802,1.459108,instagram_data2
29684,19.594727,0.33967856,instagram_data2
27916,-3.0786593,-1.8748589,instagram_data2
29323,-10.2212515,1.9302213,instagram_data2
17798,-2.3004913,4.046786,instagram_data
5429,5.6171365,1.1113232,instagram_data
3587,-4.9912276,1.8585484,instagram_data
16638,22.156986,-7.151304,instagram_data
4989,-10.537028,3.9053733,instagram_data
25915,-9.802192,-2.4973793,instagram_data2
34234,-0.9563205,7.477693,instagram_data2
20117,4.481848,0.9925202,instagram_data
24139,-0.9072441,15.68269,instagram_data2
4929,7.593754,8.5890255,instagram_data
32887,15.294348,6.55168,instagram_data2
18995,-3.3017619,3.7174866,instagram_data
10624,1.7554102,7.238713,instagram_data
15815,9.343035,13.12469,instagram_data
21045,2.6917303,3.3878584,instagram_data2
17554,-14.689719,-3.5144293,instagram_data
26468,4.0900106,12.167476,instagram_data2
3186,1.1668931,-8.736805,instagram_data
17184,5.9153523,0.73555726,instagram_data
1933,-5.2443957,-9.166169,instagram_data
23843,4.5868015,-3.0469906,instagram_data2
17806,-13.868098,-0.77200896,instagram_data
31503,1.6838726,7.3963165,instagram_data2
33331,-2.9885843,5.722752,instagram_data2
5159,8.420683,-5.77589,instagram_data
4280,-6.225459,-0.5782057,instagram_data
6953,-1.3884064,-3.2188146,instagram_data
4498,-7.2340426,2.5203695,instagram_data
24049,3.8118522,6.0899067,instagram_data2
7212,0.76084894,0.67749965,instagram_data
28799,7.332585,0.45421243,instagram_data2
20650,-3.2791443,8.006712,instagram_data2
956,2.6302135,-1.4996134,instagram_data
6162,14.393264,-12.183526,instagram_data
26780,-0.26150653,4.110724,instagram_data2
29976,-8.617968,2.4465306,instagram_data2
17861,-5.750472,-1.9264585,instagram_data
32480,-7.134515,1.3193669,instagram_data2
12803,-5.785285,-2.6034396,instagram_data
27383,-6.5887303,2.8924031,instagram_data2
31396,7.1493783,-3.904022,instagram_data2
34330,5.330125,0.8042284,instagram_data2
5579,0.52806735,8.651315,instagram_data
1402,-0.9586317,-0.42294377,instagram_data
21124,-8.73891,-5.844436,instagram_data2
14869,2.9167492,10.905635,instagram_data
23979,-6.2108493,5.4714155,instagram_data2
11381,-2.0263395,-2.6211336,instagram_data
1697,15.576603,0.039267167,instagram_data
11837,1.6247097,4.618798,instagram_data
18266,-5.180542,0.031785518,instagram_data
31221,-7.8813252,-1.098483,instagram_data2
23042,1.4977642,3.0307043,instagram_data2
18308,-6.005066,-1.4706907,instagram_data
27267,10.189156,2.9798744,instagram_data2
21434,-4.4141583,-0.55454105,instagram_data2
30442,2.5050008,-13.282656,instagram_data2
2135,-5.7078466,-2.3588245,instagram_data
6134,6.815555,-17.249025,instagram_data
12663,-14.836049,-4.1388245,instagram_data
9900,-8.871646,-1.9395115,instagram_data
24176,-6.1745734,6.8123465,instagram_data2
10681,-7.235818,-1.3942775,instagram_data
32440,-2.0672243,1.8080679,instagram_data2
30889,5.1218343,5.4987698,instagram_data2
28560,5.247826,2.3549216,instagram_data2
637,2.7806935,0.9359875,instagram_data
30679,-2.1645594,7.2104597,instagram_data2
30517,10.759756,-1.3764204,instagram_data2
13490,0.7691425,1.8913734,instagram_data
16437,-8.508835,-3.3817317,instagram_data
12152,-6.56084,-2.3450556,instagram_data
6566,3.297024,7.451249,instagram_data
3889,-8.898217,-6.804361,instagram_data
13387,5.702724,-3.5721984,instagram_data
10045,-11.79736,1.8242368,instagram_data
29292,11.0214405,-2.1567056,instagram_data2
23549,0.49603134,9.52205,instagram_data2
33839,4.9572954,-10.100056,instagram_data2
52,18.464691,-3.271476,instagram_data
8344,7.0439115,0.83490497,instagram_data
14835,-8.751717,5.352265,instagram_data
8538,-8.660986,-0.42435583,instagram_data
10039,-3.2020082,1.5772536,instagram_data
3029,-9.726094,-2.1377115,instagram_data
16216,-8.59073,2.5930126,instagram_data
12632,0.6335083,15.5911255,instagram_data
31009,-1.5118165,1.185995,instagram_data2
246,-2.0321803,4.1928315,instagram_data
17264,7.8374267,4.404984,instagram_data
7793,-8.74073,-6.9917226,instagram_data
7220,-6.3513174,3.2791238,instagram_data
17632,-10.099843,-3.7347,instagram_data
627,5.7406287,4.87773,instagram_data
18874,-6.4346814,-1.5396212,instagram_data
14570,14.956165,-4.075539,instagram_data
5694,-9.459432,2.5790899,instagram_data
31418,-10.248774,-6.17901,instagram_data2
12256,-5.974322,0.5683427,instagram_data
11117,4.642695,6.9092607,instagram_data
33381,-3.0365639,12.012544,instagram_data2
22294,-12.48937,2.3733191,instagram_data2
26346,-4.4545245,0.055926807,instagram_data2
26218,-9.776167,4.0728083,instagram_data2
20022,1.3268745,5.851912,instagram_data
17446,-5.508193,-6.0585666,instagram_data
33824,11.175506,1.4834332,instagram_data2
30061,-13.579241,-0.5633356,instagram_data2
5471,-3.8499405,-5.9087586,instagram_data
19294,-5.4599385,11.50212,instagram_data
23007,3.524516,17.05664,instagram_data2
12651,-12.352312,1.4933705,instagram_data
25491,-1.9153618,7.9088364,instagram_data2
31593,-11.657398,-2.1647902,instagram_data2
18731,-6.419608,-3.6524022,instagram_data
30027,5.0913944,7.6745024,instagram_data2
12783,-4.4675055,1.6697875,instagram_data
11549,-0.85953784,5.1287603,instagram_data
33853,-5.158986,-2.0932803,instagram_data2
6866,-5.7972198,0.7320879,instagram_data
4816,3.694357,-4.6928563,instagram_data
24106,-11.99289,-0.7558205,instagram_data2
26538,-11.759467,2.4190097,instagram_data2
6779,1.4459168,5.2684255,instagram_data
12134,7.7715907,-18.250973,instagram_data
8472,-5.8372154,-4.099988,instagram_data
24937,-12.908906,-6.280261,instagram_data2
24319,-1.4520013,8.726123,instagram_data2
25304,-9.487119,-0.6766416,instagram_data2
30208,-5.0541534,-1.006979,instagram_data2
28961,6.865417,0.1440302,instagram_data2
20497,-2.5112119,-9.946193,instagram_data
28109,5.1450253,-2.6279564,instagram_data2
29587,7.795999,7.7573843,instagram_data2
9735,-0.12076936,0.28709266,instagram_data
34696,-7.3296638,3.307582,instagram_data2
22325,-9.753146,0.30556235,instagram_data2
32514,-11.349404,-3.109841,instagram_data2
6169,17.993587,-22.431986,instagram_data
19756,-3.1908214,8.626974,instagram_data
15895,-13.4066105,-1.0115728,instagram_data
31650,-6.738579,-0.51530445,instagram_data2
28410,-12.922613,-0.15881985,instagram_data2
18075,18.324465,3.8550723,instagram_data
9921,-12.130631,-1.5384469,instagram_data
16933,10.49805,4.068486,instagram_data
28480,0.39436936,6.429309,instagram_data2
18411,6.1005015,1.6490119,instagram_data
20560,-5.6119404,-4.6915402,instagram_data2
20693,1.7645239,6.721315,instagram_data2
25581,-1.7206792,-4.4143796,instagram_data2
31042,2.5976198,-5.168984,instagram_data2
25231,-3.7505314,1.553864,instagram_data2
20761,11.869154,-11.23105,instagram_data2
23942,7.458566,9.936493,instagram_data2
14037,-6.0958986,-1.641129,instagram_data
30448,6.3514166,-1.4685558,instagram_data2
27945,-8.676667,3.9520142,instagram_data2
23536,-1.4152569,-1.556596,instagram_data2
34756,-11.145699,-6.348347,instagram_data2
33070,4.2923384,7.495888,instagram_data2
8745,-0.012865533,-13.456685,instagram_data
29941,3.621175,0.07101928,instagram_data2
34078,-1.6999232,9.177996,instagram_data2
15920,-5.834983,-1.8020107,instagram_data
5085,-7.732756,4.4653683,instagram_data
1964,4.7336,-2.0141194,instagram_data
7158,-9.116707,-3.629661,instagram_data
4012,-6.1762977,-4.443411,instagram_data
3124,-9.882405,-2.182239,instagram_data
20688,-12.11834,-0.26811245,instagram_data2
33701,-3.4289908,3.0788205,instagram_data2
33895,16.733839,-3.102843,instagram_data2
3102,-6.0154376,10.926419,instagram_data
22639,2.5820405,6.6493235,instagram_data2
30625,-5.9991717,-1.236277,instagram_data2
17662,5.0900726,-5.920877,instagram_data
20592,-8.0627365,1.6451955,instagram_data2
525,9.836742,0.16584557,instagram_data
25972,-0.8931789,-0.37569144,instagram_data2
27120,4.902158,2.1852155,instagram_data2
5485,12.546799,8.8304,instagram_data
25422,-0.72713816,-0.95012105,instagram_data2
29447,12.647239,-7.4747443,instagram_data2
28673,-4.1472764,-7.698216,instagram_data2
17890,15.115513,8.246868,instagram_data
28887,8.937695,-5.5330434,instagram_data2
7376,24.268997,6.748791,instagram_data
20330,-8.777203,-5.367407,instagram_data
20868,0.856639,-8.2855425,instagram_data2
26520,-1.6165063,8.809189,instagram_data2
19366,1.7530375,3.999273,instagram_data
6891,-3.3861153,8.655522,instagram_data
22880,-11.423181,2.5205512,instagram_data2
1035,13.514749,2.7309153,instagram_data
23247,1.8504021,-0.33542907,instagram_data2
1471,21.075907,-6.9407215,instagram_data
3796,-8.4147215,-3.602182,instagram_data
10067,5.4705124,-9.60083,instagram_data
31222,-8.007032,0.7524161,instagram_data2
13690,29.924656,-5.0112605,instagram_data
26978,-12.701675,-2.0527167,instagram_data2
20528,-7.0214562,0.64406085,instagram_data2
10196,-12.679878,0.2021406,instagram_data
6795,-1.3718102,-5.1429195,instagram_data
17218,4.023924,15.322774,instagram_data
13256,5.7831216,-4.3830533,instagram_data
2946,-0.38428453,-10.124579,instagram_data
31644,-9.468696,2.3885548,instagram_data2
15352,3.6090765,3.0926788,instagram_data
27870,0.62834936,-4.4854326,instagram_data2
4540,-0.9931917,-0.7540436,instagram_data
6434,4.1702304,1.9433638,instagram_data
33725,6.8538923,-0.7047812,instagram_data2
17323,-2.3659656,-8.8802185,instagram_data
15683,25.041706,-0.700442,instagram_data
270,-13.513141,-4.5012574,instagram_data
10992,-9.327228,-1.1496147,instagram_data
15969,-8.589641,-0.6022485,instagram_data
26783,-0.47119647,4.118972,instagram_data2
8228,0.5539499,-7.3807716,instagram_data
13968,0.97608954,-1.4445726,instagram_data
31191,8.33733,-1.4446577,instagram_data2
14755,10.655875,8.800239,instagram_data
7885,-12.315267,-2.692119,instagram_data
28255,18.557312,-1.8542186,instagram_data2
9213,-3.8230472,1.8902224,instagram_data
24004,-12.151364,-1.98072,instagram_data2
28295,-10.067101,-1.4200939,instagram_data2
26410,2.486235,-11.288167,instagram_data2
6855,-8.118785,0.37815347,instagram_data
6705,6.534656,-4.2343006,instagram_data
16776,-2.6831176,3.5178676,instagram_data
15891,3.0387387,5.0524187,instagram_data
8045,-9.863081,0.5918435,instagram_data
7798,16.883812,9.626302,instagram_data
9531,3.0503912,-5.233597,instagram_data
31797,-10.592697,1.025924,instagram_data2
11221,8.379403,-1.9295181,instagram_data
16716,-4.390102,7.2572026,instagram_data
24599,10.455267,0.5654847,instagram_data2
4521,12.295136,-0.44058827,instagram_data
30792,15.377684,-8.978029,instagram_data2
21713,-3.6151795,-3.9379604,instagram_data2
23897,-1.9300796,1.6823323,instagram_data2
510,9.632089,0.61526585,instagram_data
25670,-3.9178162,-9.227359,instagram_data2
170,17.462889,-3.1763272,instagram_data
31198,8.359875,10.787224,instagram_data2
15547,-5.6376476,1.3570942,instagram_data
1391,-5.8007083,-0.055167526,instagram_data
25538,-10.083589,-2.9107676,instagram_data2
4005,4.1937146,0.47572416,instagram_data
28382,-4.970627,0.4494476,instagram_data2
31585,14.058368,-15.154453,instagram_data2
14714,8.538447,-1.4842613,instagram_data
17559,-14.805077,-3.017467,instagram_data
16905,11.372406,2.0449717,instagram_data
25067,1.7509668,8.15659,instagram_data2
24798,-2.7428153,3.0376046,instagram_data2
103,21.197319,-1.1972908,instagram_data
11293,-8.679832,4.038954,instagram_data
25082,-8.068056,-6.103211,instagram_data2
26034,-3.6495554,-0.08896387,instagram_data2
15087,1.9752188,-4.775861,instagram_data
5785,-9.053239,1.2081643,instagram_data
9517,2.57105,-15.597439,instagram_data
19807,-9.061536,7.8988767,instagram_data
3244,-8.351692,-2.4894655,instagram_data
22337,-0.60671884,-16.48322,instagram_data2
8214,4.497337,-9.972951,instagram_data
1772,2.100792,-0.07340007,instagram_data
21515,-13.567791,-6.39312,instagram_data2
28766,0.17673662,-7.1554813,instagram_data2
14364,0.7387579,6.500024,instagram_data
23431,3.176657,-13.125768,instagram_data2
19422,-5.1367316,2.387501,instagram_data
21628,16.870016,9.776338,instagram_data2
28862,-2.006576,-7.8371425,instagram_data2
33116,7.3865066,10.707135,instagram_data2
22013,-9.3489275,-0.34691584,instagram_data2
23122,19.265543,6.353757,instagram_data2
16065,-1.752835,8.951873,instagram_data
4872,-4.9122763,4.3520007,instagram_data
33943,-8.638022,-3.9976199,instagram_data2
537,-0.3007796,4.086288,instagram_data
31159,-2.8921545,5.6339693,instagram_data2
30790,14.294506,11.572139,instagram_data2
33903,4.087429,-1.7543494,instagram_data2
7840,-8.753717,0.58673906,instagram_data
1675,14.02881,14.431193,instagram_data
29500,16.87676,-2.782303,instagram_data2
12761,-4.8121676,2.4257965,instagram_data
32226,12.388427,-5.7682786,instagram_data2
14327,5.442854,-0.0630529,instagram_data
32146,-0.5590358,6.8171277,instagram_data2
10852,-9.284149,-0.51383346,instagram_data
7918,-11.669527,3.6416051,instagram_data
4330,-5.668051,2.9977722,instagram_data
715,-9.893089,0.7793253,instagram_data
22175,-3.0435448,0.9780719,instagram_data2
11654,-0.91833824,6.004996,instagram_data
22657,24.423883,-14.30999,instagram_data2
22438,-5.2061853,2.5586798,instagram_data2
6412,-3.723965,1.8516096,instagram_data
12540,-7.3673553,5.3357205,instagram_data
8567,0.7681495,0.5237909,instagram_data
34071,15.488784,11.075477,instagram_data2
34597,-3.843152,-3.6541467,instagram_data2
14623,7.4240217,2.0438752,instagram_data
19250,3.1306133,6.98529,instagram_data
14083,-5.806269,-7.1470213,instagram_data
30963,-3.3412347,5.184701,instagram_data2
10909,10.033716,2.2681615,instagram_data
614,0.6467312,9.185317,instagram_data
33655,-3.6889646,10.442213,instagram_data2
16179,3.0588727,4.299131,instagram_data
18288,-5.6308904,-1.3052931,instagram_data
6280,7.520736,-9.445144,instagram_data
28658,11.768087,1.9146764,instagram_data2
9931,1.018382,-6.8679967,instagram_data
18435,5.891291,-6.44247,instagram_data
15509,14.39026,-8.036602,instagram_data
18356,-11.139336,-0.87669414,instagram_data
28748,6.496829,4.22761,instagram_data2
25743,-4.7020006,3.6006603,instagram_data2
960,-7.946257,4.4720554,instagram_data
32795,9.294592,-5.728745,instagram_data2
29791,20.756826,3.296867,instagram_data2
18366,7.282892,7.441601,instagram_data
15207,-9.901415,-1.2007626,instagram_data
25003,-3.7317493,-1.0691451,instagram_data2
8363,0.68539035,7.4874043,instagram_data
26673,-3.9331498,-7.487048,instagram_data2
33056,-6.760922,4.592975,instagram_data2
28760,-4.7868347,-6.5932636,instagram_data2
14067,6.7022605,8.359272,instagram_data
30853,-0.14366496,-7.9141173,instagram_data2
14117,2.5337298,-5.7440357,instagram_data
27293,-4.183445,-0.061048824,instagram_data2
33413,-7.660564,0.09342399,instagram_data2
32138,-7.0458884,7.045055,instagram_data2
27117,24.011507,-24.639536,instagram_data2
2548,-11.36531,2.8870845,instagram_data
16624,11.453853,-15.662049,instagram_data
26396,12.51059,-5.2017565,instagram_data2
27649,-9.072462,-2.0773838,instagram_data2
22204,-3.351834,0.8262375,instagram_data2
9197,-11.361383,-3.3736079,instagram_data
28250,-7.559803,-0.09088014,instagram_data2
8304,-11.490519,1.1094393,instagram_data
19062,-10.3238535,-3.909446,instagram_data
17427,4.3973236,-4.4523196,instagram_data
12164,-14.494977,-1.1493615,instagram_data
28163,-4.0220566,-4.1201916,instagram_data2
618,-3.032357,0.3474014,instagram_data
21728,-8.759603,-0.9868758,instagram_data2
33314,-5.7761993,0.23845023,instagram_data2
25852,-3.456876,6.718,instagram_data2
11573,8.390745,13.073181,instagram_data
13084,-10.415219,-0.2839581,instagram_data
9014,-3.7421832,-0.87825596,instagram_data
256,-1.0338194,-1.0711523,instagram_data
8631,21.02088,1.271475,instagram_data
19042,-4.3358755,-10.069527,instagram_data
21430,4.3512464,-13.4979315,instagram_data2
20085,-5.6992555,4.316566,instagram_data
30747,-4.8514404,-11.317982,instagram_data2
5234,15.146221,-9.395203,instagram_data
26296,14.741357,10.984973,instagram_data2
29082,-10.594854,2.4904249,instagram_data2
22401,-4.974218,-7.2658744,instagram_data2
11192,-8.7547865,-12.208287,instagram_data
29709,-0.71924573,1.6656438,instagram_data2
7870,-10.697753,0.80758554,instagram_data
21995,6.1442256,-4.5456324,instagram_data2
18253,3.2871716,0.28518012,instagram_data
21409,3.3485436,-11.686601,instagram_data2
24007,28.875301,-22.911177,instagram_data2
18105,3.9889312,-2.8123686,instagram_data
12535,-5.701081,-1.7586746,instagram_data
24755,18.921366,-27.906696,instagram_data2
12691,-9.925602,-1.1991166,instagram_data
705,0.71074784,8.148235,instagram_data
5881,10.518134,-9.458695,instagram_data
221,-6.6085224,2.4734414,instagram_data
4939,-0.37987474,-5.571817,instagram_data
30905,-2.0591593,2.96457,instagram_data2
32052,9.247218,2.762482,instagram_data2
27061,7.5458784,-10.48804,instagram_data2
15852,0.31021318,-8.53803,instagram_data
6568,-7.4734545,-2.6612012,instagram_data
33248,-1.108386,-12.133553,instagram_data2
30634,9.051488,0.53541195,instagram_data2
14772,17.2475,-8.412331,instagram_data
15482,3.000522,-6.629446,instagram_data
31470,-2.749924,7.4679823,instagram_data2
28687,0.18130575,-2.2489967,instagram_data2
4136,16.018066,-6.1185613,instagram_data
27143,5.2253966,1.3457271,instagram_data2
18351,-5.2930694,2.4223223,instagram_data
18415,-7.0765133,3.9872484,instagram_data
14799,-1.3701693,-18.379229,instagram_data
23669,-4.20474,2.8607419,instagram_data2
432,13.690846,0.5779624,instagram_data
28330,-6.83882,2.3584883,instagram_data2
6489,-10.763716,-1.0142658,instagram_data
2626,-0.0032371907,5.404983,instagram_data
31874,-3.8915272,-5.0842013,instagram_data2
9379,-11.187869,-4.0521913,instagram_data
5047,-2.8081994,8.823236,instagram_data
24068,-4.877926,7.8044963,instagram_data2
26022,9.85608,-4.761368,instagram_data2
30495,3.5064473,-6.9319067,instagram_data2
18405,1.2077906,8.879775,instagram_data
23254,16.518702,-0.7897369,instagram_data2
8239,7.5684366,-8.029973,instagram_data
2495,-8.754969,-0.42283383,instagram_data
8420,13.573621,9.27763,instagram_data
8271,-4.2248907,-8.827238,instagram_data
17866,-0.7271191,12.414553,instagram_data
17899,-5.1325245,-3.8120232,instagram_data
32521,-3.7094963,-4.4386296,instagram_data2
32716,24.959002,-3.029236,instagram_data2
3961,2.2026258,-3.6793537,instagram_data
19273,-0.19889328,10.17463,instagram_data
26755,-3.5063958,7.8426437,instagram_data2
34580,3.9440048,4.04169,instagram_data2
32380,2.4340663,2.1208951,instagram_data2
24740,39.458958,2.7284892,instagram_data2
24295,-9.822658,0.779456,instagram_data2
20031,10.281023,-14.294194,instagram_data
31059,3.4689612,9.005824,instagram_data2
5312,-12.26223,1.1077197,instagram_data
8375,-10.5672655,-4.5136967,instagram_data
23203,2.3784635,0.8349023,instagram_data2
27455,9.648792,-4.0519166,instagram_data2
32754,-1.7139868,-0.39989722,instagram_data2
19321,-2.350767,-11.634224,instagram_data
23459,3.97857,10.880516,instagram_data2
14627,3.0901423,8.701542,instagram_data
16542,-7.54095,-4.108956,instagram_data
19056,14.137767,-14.6669,instagram_data
4765,-12.574212,-1.6405499,instagram_data
17325,7.3982573,1.6434124,instagram_data
14169,-3.0354073,1.0038289,instagram_data
31814,4.151098,0.55071,instagram_data2
22382,-10.998654,2.5882766,instagram_data2
24887,-8.25132,0.5426326,instagram_data2
32720,7.9176793,4.128811,instagram_data2
24528,-11.540666,-5.8992515,instagram_data2
21288,0.50711083,-13.636597,instagram_data2
20267,-2.1889398,11.706417,instagram_data
32533,6.037786,7.520209,instagram_data2
18744,-0.66683227,3.143583,instagram_data
15195,1.2219706,7.5400915,instagram_data
99,4.795245,13.050611,instagram_data
1712,-9.583245,-0.6756335,instagram_data
11777,-8.758327,4.532658,instagram_data
19736,-6.1274395,-14.073702,instagram_data
2023,2.6042151,5.2629447,instagram_data
12599,-3.597034,-2.9193096,instagram_data
10263,-7.2537565,5.3206677,instagram_data
12240,1.2693403,3.8595126,instagram_data
3214,1.0087156,5.9593563,instagram_data
18831,-4.1383543,-2.1890144,instagram_data
28495,4.1940255,2.6330295,instagram_data2
15929,8.429384,-13.871572,instagram_data
32826,-15.40629,-3.9498403,instagram_data2
12086,-8.117102,2.3050835,instagram_data
32503,-4.1970196,12.587517,instagram_data2
30165,-0.0044175847,3.6235178,instagram_data2
8772,-13.922709,-1.801226,instagram_data
27402,-5.0499654,5.9978733,instagram_data2
3769,3.1801512,-3.6339743,instagram_data
10863,-8.177102,-5.447059,instagram_data
9553,-0.52961344,-7.1389847,instagram_data
4839,8.577249,1.2008656,instagram_data
16755,-2.399696,0.09320882,instagram_data
8803,18.846666,17.946663,instagram_data
23652,-4.4078875,0.74774987,instagram_data2
3050,-8.412263,4.780883,instagram_data
30896,5.9613853,0.17307688,instagram_data2
31790,-11.765469,-5.1963043,instagram_data2
32751,1.8128406,12.692823,instagram_data2
34460,3.3103466,-10.052819,instagram_data2
18739,-4.7601037,2.7604685,instagram_data
11913,2.1279786,-7.99257,instagram_data
10943,10.569563,-4.4571095,instagram_data
11525,-13.183426,-1.9916902,instagram_data
11945,2.6950467,9.635908,instagram_data
23562,4.7997966,-4.0977483,instagram_data2
5417,-11.742908,-1.7587856,instagram_data
20373,-4.46184,1.0928248,instagram_data
29048,-6.4002757,-8.38982,instagram_data2
33337,-4.5110765,-4.641485,instagram_data2
15280,-7.2552996,6.6289773,instagram_data
32721,19.553318,5.8087406,instagram_data2
7178,-8.233254,1.6500353,instagram_data
11420,1.835617,-12.313794,instagram_data
32904,5.2342124,-7.9259143,instagram_data2
5804,-7.7293105,-1.4894046,instagram_data
7693,-10.0285,4.984238,instagram_data
15465,-3.0961487,4.9771094,instagram_data
30304,-1.7159336,-3.051114,instagram_data2
11892,7.068551,3.0035145,instagram_data
9369,12.685816,22.30197,instagram_data
32221,5.87366,-13.829629,instagram_data2
8771,-9.348948,-0.8213866,instagram_data
9424,17.31042,4.1131964,instagram_data
15378,0.3413461,3.6144774,instagram_data
21339,-11.43918,-5.873201,instagram_data2
33926,1.3670841,-3.0164726,instagram_data2
3372,-12.488615,-0.92250997,instagram_data
24412,10.780732,0.8591451,instagram_data2
27670,10.365196,-2.3261755,instagram_data2
32464,-2.3936985,-0.63069206,instagram_data2
15611,0.57291013,4.0149765,instagram_data
10716,-2.659052,-0.15643033,instagram_data
10515,14.539426,-3.1893752,instagram_data
12090,-0.96466464,4.5645223,instagram_data
13666,3.6280854,-1.6598314,instagram_data
14060,28.467665,-26.353472,instagram_data
34345,19.262083,-7.234953,instagram_data2
31336,4.7200933,2.929458,instagram_data2
4845,1.2921115,3.1802065,instagram_data
31366,-11.9068,-3.669039,instagram_data2
4532,-5.169453,-8.347951,instagram_data
687,-9.277713,-3.7114365,instagram_data
25262,-9.483231,1.7236362,instagram_data2
11706,1.870134,7.075506,instagram_data
33522,28.990767,2.0496228,instagram_data2
33229,0.43731835,-1.042708,instagram_data2
19034,-7.8190618,1.4585291,instagram_data
31567,-1.4555424,-0.81183267,instagram_data2
22462,22.355251,-11.70259,instagram_data2
31357,-4.4309974,2.1911292,instagram_data2
29232,-3.7822952,1.9036105,instagram_data2
14768,6.170135,9.448307,instagram_data
5632,-8.433968,-6.32446,instagram_data
20879,3.8959122,-9.65081,instagram_data2
22791,7.376165,4.1863594,instagram_data2
28998,4.957441,-11.931971,instagram_data2
24910,-0.5652192,1.108322,instagram_data2
11563,-7.4133654,-7.056505,instagram_data
25513,3.6661625,-1.5294164,instagram_data2
19950,-0.47289053,5.3954215,instagram_data
1432,3.3759573,11.710005,instagram_data
29031,9.769838,-8.621185,instagram_data2
653,-1.4251052,2.7217846,instagram_data
32647,10.365269,2.8942487,instagram_data2
3976,7.7375755,4.2011795,instagram_data
20978,-7.8873024,3.5105338,instagram_data2
34708,-1.808969,-1.4053075,instagram_data2
31720,-11.634044,-2.4398048,instagram_data2
14418,-6.5496683,-4.1915903,instagram_data
5939,12.574449,16.576334,instagram_data
23492,9.702892,4.7329836,instagram_data2
30477,27.606443,16.631025,instagram_data2
10019,-9.372203,-2.2510846,instagram_data
26065,-4.9806576,-2.0468335,instagram_data2
18973,-2.8416202,-2.5312114,instagram_data
9437,-15.643182,-1.9150593,instagram_data
16000,11.1138935,7.6289444,instagram_data
6023,1.450178,2.5135677,instagram_data
30077,-6.376364,1.890138,instagram_data2
13517,3.015905,11.209809,instagram_data
34412,7.1316648,2.9799547,instagram_data2
34511,-0.09740479,-1.1426238,instagram_data2
11307,-1.1705798,0.74029595,instagram_data
34751,3.2244358,2.4179132,instagram_data2
32405,10.455385,-10.112134,instagram_data2
10446,3.835555,0.8830947,instagram_data
23394,4.3969264,-16.162878,instagram_data2
8438,-6.415576,-6.083384,instagram_data
19352,-9.146771,-1.7493453,instagram_data
8037,-6.3272305,-5.413529,instagram_data
6010,-5.750275,3.4352868,instagram_data
30070,-11.248399,-3.5783994,instagram_data2
16519,-1.4616224,-1.4480296,instagram_data
19858,8.423846,0.82384956,instagram_data
2268,4.086054,1.5195279,instagram_data
27125,1.5812206,-6.4008265,instagram_data2
18083,-1.3355107,9.843536,instagram_data
2515,-7.010632,2.1313384,instagram_data
5420,-1.0615412,3.1368067,instagram_data
33545,10.172666,-1.3347281,instagram_data2
13445,-0.011550475,5.0167966,instagram_data
30648,-4.517534,-4.1880503,instagram_data2
22653,19.135303,9.101661,instagram_data2
18499,-2.1557705,-5.1780906,instagram_data
16058,15.544257,13.460908,instagram_data
355,9.393864,11.579759,instagram_data
19773,1.9675431,10.695406,instagram_data
24151,-9.261055,2.4467387,instagram_data2
6056,-6.526309,2.7674081,instagram_data
30212,-12.695504,-4.051587,instagram_data2
24514,3.0936778,-9.459327,instagram_data2
13753,-5.835074,1.7624732,instagram_data
33778,-1.3933362,-1.9609947,instagram_data2
21999,-0.2701616,-1.7819479,instagram_data2
28494,13.526984,3.444846,instagram_data2
32240,-5.607361,-10.615387,instagram_data2
15390,8.076477,-15.459857,instagram_data
31870,10.592435,11.670817,instagram_data2
1033,-5.876459,1.9885855,instagram_data
27456,-6.263938,0.29034093,instagram_data2
12123,2.2304056,5.8358707,instagram_data
31909,-7.447872,4.901624,instagram_data2
29362,4.6152477,0.4090464,instagram_data2
21039,-3.1589868,-10.28716,instagram_data2
24622,4.0765715,-7.886204,instagram_data2
2637,-11.985771,-3.2423947,instagram_data
25994,1.9275107,7.029714,instagram_data2
10180,-13.364369,-1.8913372,instagram_data
15484,-6.950678,-3.2155015,instagram_data
14369,-3.8486016,1.9034038,instagram_data
5793,-11.9491415,0.03895562,instagram_data
28667,-4.908288,-3.717337,instagram_data2
31365,3.23632,10.1200695,instagram_data2
4802,-5.6180625,6.0157547,instagram_data
879,-8.140074,4.057144,instagram_data
9153,-8.266008,0.89516914,instagram_data
8948,5.0996203,-10.979603,instagram_data
30302,11.915166,-5.4233513,instagram_data2
25324,0.3467549,2.420848,instagram_data2
23380,-12.496512,-7.7531614,instagram_data2
27467,-3.505593,-3.4272256,instagram_data2
2834,-11.585733,-2.3486621,instagram_data
10495,2.249586,-0.26633447,instagram_data
17998,5.563047,13.11407,instagram_data
18893,-6.971406,0.6054827,instagram_data
11862,-1.896307,-14.411463,instagram_data
30551,9.219938,-8.7767515,instagram_data2
12850,-14.192413,-1.1412632,instagram_data
3381,-3.6764581,5.5884953,instagram_data
23595,2.9581373,11.1633625,instagram_data2
21304,6.4288044,-0.07676198,instagram_data2
21534,-5.3904605,2.7086189,instagram_data2
13140,-7.046936,7.7761183,instagram_data
16297,16.218012,-3.2616239,instagram_data
30159,-15.06815,-2.628495,instagram_data2
26609,-3.2255406,-3.199599,instagram_data2
11134,-5.198123,-7.978579,instagram_data
4182,-2.3410301,-2.8083088,instagram_data
19963,1.9606726,-8.404034,instagram_data
32244,0.75519365,2.0770595,instagram_data2
9758,-2.551405,-9.758212,instagram_data
3060,-5.4057283,-4.542489,instagram_data
68,-14.1193075,-5.2633195,instagram_data
26571,21.019516,-22.0724,instagram_data2
7867,-9.349343,0.3300242,instagram_data
1288,3.6689188,4.3857946,instagram_data
19086,1.4549159,3.3359442,instagram_data
30760,3.3240871,7.437874,instagram_data2
11760,5.023409,6.867442,instagram_data
22467,-10.281005,6.062986,instagram_data2
19500,8.040945,-12.071023,instagram_data
12809,13.6996355,9.803197,instagram_data
243,-1.8939123,11.172364,instagram_data
21101,-6.244709,-4.530381,instagram_data2
13012,15.069014,3.5195754,instagram_data
31434,1.4783804,-5.613819,instagram_data2
26901,7.5594597,11.329869,instagram_data2
26815,-2.1370335,-2.0738285,instagram_data2
21056,-4.2673335,0.3080426,instagram_data2
27823,-11.718621,1.2491212,instagram_data2
7080,-3.3901296,-0.077519126,instagram_data
29662,-3.4349916,8.707606,instagram_data2
9903,1.4044164,-1.0848734,instagram_data
1918,13.980558,-8.838819,instagram_data
25939,0.22045025,-8.192645,instagram_data2
11031,-6.7096753,1.1991353,instagram_data
28811,-1.2249445,8.69608,instagram_data2
4111,6.6623077,2.4353309,instagram_data
4754,17.084595,17.261236,instagram_data
33675,35.19493,9.452898,instagram_data2
32241,-7.7450204,1.5180868,instagram_data2
16420,3.1176043,-0.61656076,instagram_data
30051,-3.974031,-2.338955,instagram_data2
3108,-1.1482419,10.147669,instagram_data
11155,10.298792,-5.630488,instagram_data
12406,12.038955,-16.128042,instagram_data
16825,-4.3901987,3.0845122,instagram_data
1831,0.6949178,-8.680585,instagram_data
13402,-6.572406,-0.6990396,instagram_data
14793,-2.4084241,-10.451845,instagram_data
9118,-1.4944619,-0.19573793,instagram_data
22428,16.015835,-17.786709,instagram_data2
26261,-12.792236,4.0429397,instagram_data2
21900,10.421831,-13.69785,instagram_data2
33641,-2.3321939,-7.7224517,instagram_data2
24254,11.88669,14.330239,instagram_data2
11987,-5.0645704,6.1291585,instagram_data
24060,-14.454665,-4.359324,instagram_data2
10540,2.2502048,-8.115303,instagram_data
30329,1.6475849,-5.6327543,instagram_data2
7574,-15.111676,-2.5629878,instagram_data
25416,6.44892,4.6054764,instagram_data2
20607,0.3222019,9.88619,instagram_data2
20325,-6.319176,2.419761,instagram_data
27665,8.959742,4.522979,instagram_data2
9116,-5.1553574,-3.3717103,instagram_data
4455,-9.97465,-1.7180058,instagram_data
10979,-7.916003,-1.7607105,instagram_data
13838,-0.62896365,7.0769906,instagram_data
24457,2.7296393,-0.25658563,instagram_data2
29551,-7.4705424,9.087739,instagram_data2
23280,4.9037523,4.7617345,instagram_data2
20758,15.53344,6.805962,instagram_data2
18756,-8.791715,0.5591558,instagram_data
34169,13.180027,1.1471236,instagram_data2
27795,-6.6534953,10.9833145,instagram_data2
26522,-11.140338,4.5522556,instagram_data2
17314,-3.7313888,6.2997446,instagram_data
27388,-1.6317903,8.994166,instagram_data2
16495,-2.9471028,1.2213548,instagram_data
29172,14.5948715,13.890297,instagram_data2
33440,-5.0994573,-5.1055565,instagram_data2
26685,-0.69192696,-0.3212855,instagram_data2
11906,-1.3639927,-3.563873,instagram_data
23502,-1.1961093,0.75107574,instagram_data2
21306,-4.728979,-12.634017,instagram_data2
2371,-5.390233,-9.118436,instagram_data
1256,2.2150495,-5.7104545,instagram_data
10416,1.4305228,2.657081,instagram_data
28715,-6.097164,-0.9536625,instagram_data2
16118,1.0911599,-14.63613,instagram_data
275,0.2776369,13.240538,instagram_data
21576,-11.088181,-3.9962134,instagram_data2
18885,0.45386,3.215614,instagram_data
7088,-0.64634097,2.9660454,instagram_data
17145,15.799763,1.9622346,instagram_data
21788,-4.8643417,3.0371952,instagram_data2
15240,-5.865437,4.2766767,instagram_data
5697,3.202083,2.1299083,instagram_data
21383,1.9050393,-0.19722009,instagram_data2
19545,9.594249,4.3101416,instagram_data
1969,10.429388,7.810968,instagram_data
32660,-7.6076007,1.0842063,instagram_data2
17273,2.22547,1.709127,instagram_data
33862,-3.2349584,-0.21768014,instagram_data2
22874,-2.2513535,7.6283903,instagram_data2
3933,5.4711328,-13.589402,instagram_data
33175,-15.490036,-4.7923064,instagram_data2
31802,-1.9269338,-1.7338167,instagram_data2
14743,1.5209943,-5.4544463,instagram_data
30414,0.15009347,4.613898,instagram_data2
1056,-4.7224264,4.1335273,instagram_data
11123,-7.585587,-2.128252,instagram_data
14192,-5.878398,-1.5651709,instagram_data
2078,-9.194558,-2.9761608,instagram_data
22454,-3.3646958,2.5169737,instagram_data2
4398,1.9364568,4.2167525,instagram_data
13743,-0.6468674,0.8827133,instagram_data
4769,-2.826201,5.9867926,instagram_data
10217,-12.052098,1.7704235,instagram_data
26840,6.412639,8.406797,instagram_data2
795,16.31269,0.42454737,instagram_data
10367,-3.3602607,-4.340389,instagram_data
8132,4.3905807,-2.794406,instagram_data
28287,-4.9355826,4.9036145,instagram_data2
5039,-4.997453,-9.50975,instagram_data
27247,2.427574,1.8467923,instagram_data2
922,-5.5456095,-5.544071,instagram_data
1682,-8.33411,-2.1379566,instagram_data
25315,-15.124991,-4.478759,instagram_data2
10607,-6.833818,0.4747692,instagram_data
32651,-5.062618,-0.78937,instagram_data2
19015,-6.9100924,-10.35533,instagram_data
34385,-11.768598,0.29230854,instagram_data2
14795,-11.363048,0.10362822,instagram_data
9158,-8.7692175,-11.661257,instagram_data
26330,-7.3372416,3.1128454,instagram_data2
28061,1.4384155,11.895892,instagram_data2
32756,14.342291,12.976602,instagram_data2
219,1.8552923,-6.3708615,instagram_data
25433,-6.1347327,-0.18014845,instagram_data2
29331,1.034855,-0.43993837,instagram_data2
17299,-2.403582,7.6422873,instagram_data
8683,-3.7976136,-8.389223,instagram_data
26294,2.645793,-4.380718,instagram_data2
17445,-3.9768858,-4.6389413,instagram_data
30953,-8.405169,-3.100512,instagram_data2
28568,-5.8616176,-1.1691337,instagram_data2
6571,-4.7144504,4.044572,instagram_data
4269,-1.7082683,-5.2525477,instagram_data
18661,11.015952,-6.7247057,instagram_data
12405,-2.626036,-4.328761,instagram_data
27027,3.0717485,5.638038,instagram_data2
29094,1.48935,-6.8575225,instagram_data2
4636,-13.102924,0.52535105,instagram_data
4459,5.9322777,12.98892,instagram_data
19876,-8.637094,0.1695128,instagram_data
30926,-6.6882205,0.10605304,instagram_data2
31852,-12.515666,-2.6409204,instagram_data2
11758,4.847787,15.309018,instagram_data
7630,3.1814327,17.165459,instagram_data
5789,-0.70633394,-13.366397,instagram_data
26225,-0.5741028,-8.350073,instagram_data2
3063,-2.6141093,10.296631,instagram_data
9340,-8.111008,-3.8924584,instagram_data
9644,-8.843014,-2.9044034,instagram_data
22319,-4.6443343,-3.200727,instagram_data2
34912,-2.9857812,-5.77946,instagram_data2
8846,1.17865,-3.198793,instagram_data
27026,13.073718,-0.4524364,instagram_data2
23130,-4.644382,7.4242024,instagram_data2
22526,-14.782011,-0.4653412,instagram_data2
11806,-5.2396255,-1.32207,instagram_data
30572,-3.4432414,2.2161694,instagram_data2
16353,1.4474818,1.7706174,instagram_data
4670,15.83397,8.546014,instagram_data
32368,13.5491085,10.173238,instagram_data2
20762,-12.365911,-1.9831702,instagram_data2
34758,-3.5571392,-7.4015665,instagram_data2
29780,16.975878,-2.7079484,instagram_data2
6756,1.3205214,8.501943,instagram_data
6611,-1.9081252,6.620629,instagram_data
17302,-8.230128,-4.478528,instagram_data
23743,9.763532,-2.436702,instagram_data2
19032,0.70064425,0.16412923,instagram_data
21518,-3.5937777,-4.9558315,instagram_data2
30388,5.8002663,-12.459816,instagram_data2
29905,-11.90665,0.43173695,instagram_data2
12218,18.70815,4.271582,instagram_data
20215,0.5833395,-8.521937,instagram_data
27393,7.504852,-3.352316,instagram_data2
8232,-6.9033155,-0.44960877,instagram_data
18171,-3.7214663,2.1669314,instagram_data
24042,5.660689,-4.3991876,instagram_data2
9552,-7.5080023,-5.060564,instagram_data
19146,-0.135537,0.8753466,instagram_data
11341,6.5061345,6.3082767,instagram_data
20440,-12.2972145,-1.7990241,instagram_data
10568,-14.649849,-2.1764634,instagram_data
28354,2.9757268,10.632393,instagram_data2
34836,1.2968154,1.0516748,instagram_data2
25853,1.1154481,-0.24821779,instagram_data2
16914,-3.1800792,4.119581,instagram_data
20023,-7.674177,-4.9387417,instagram_data
7391,-1.815907,-2.7284586,instagram_data
24177,12.504828,3.3112113,instagram_data2
27978,6.678142,5.6710362,instagram_data2
33774,14.146583,14.806856,instagram_data2
626,1.3834583,4.3467135,instagram_data
9310,-4.249332,-2.5625467,instagram_data
29484,14.963116,-4.9666767,instagram_data2
33642,-1.6905404,0.83798826,instagram_data2
12779,-3.5431006,0.5232735,instagram_data
13039,2.2134244,-2.16223,instagram_data
6071,-1.8502157,-3.6087098,instagram_data
34585,4.923703,-1.0833484,instagram_data2
17825,0.55902773,-0.49501762,instagram_data
20712,-0.16900861,5.0002556,instagram_data2
14813,-2.9731314,0.958122,instagram_data
4272,-12.712235,-2.0922918,instagram_data
25795,-4.804287,3.9611583,instagram_data2
30783,-0.64082247,17.93865,instagram_data2
26386,8.396344,3.005924,instagram_data2
17944,-0.6923728,-7.4874234,instagram_data
3252,3.8607383,-8.428676,instagram_data
1304,-7.3717794,4.849766,instagram_data
24263,-13.868187,-1.558306,instagram_data2
30940,3.726444,-3.0595002,instagram_data2
19081,5.757828,1.4881026,instagram_data
5405,-12.792166,-1.2213266,instagram_data
22885,3.1757314,-6.110616,instagram_data2
31318,11.821504,14.473633,instagram_data2
31101,5.8644896,-11.74634,instagram_data2
14183,-2.470967,3.584667,instagram_data
11798,5.635454,9.810678,instagram_data
19074,-6.5207644,-1.9232283,instagram_data
10675,0.683143,2.9343956,instagram_data
27704,7.5688615,0.45274618,instagram_data2
26516,9.482822,-12.014873,instagram_data2
3246,15.701432,0.3233701,instagram_data
11396,-7.0036383,0.36322904,instagram_data
15276,8.942552,11.639432,instagram_data
969,-3.3096452,-1.2376924,instagram_data
6389,-6.4756603,7.0514545,instagram_data
14553,-4.245528,-0.6273451,instagram_data
25426,-12.262009,-3.2215931,instagram_data2
21574,-9.721219,4.4896374,instagram_data2
27461,-7.336456,-1.4079615,instagram_data2
7274,-0.25916883,5.738523,instagram_data
24023,-3.8658495,-0.12006955,instagram_data2
11195,-11.596331,-3.5634305,instagram_data
8054,5.524119,1.8227996,instagram_data
15412,-8.474646,0.32402065,instagram_data
21372,-7.945809,-1.4485962,instagram_data2
16333,5.5772214,18.800365,instagram_data
6857,3.5857403,-11.800701,instagram_data
17872,5.131986,-11.739494,instagram_data
29511,-6.382715,-3.580935,instagram_data2
32577,-2.5551195,-10.189979,instagram_data2
27641,-9.426944,-3.5673664,instagram_data2
2157,-4.9960804,0.16685991,instagram_data
28709,16.244196,12.864886,instagram_data2
15422,-5.4375434,-6.6779876,instagram_data
5267,2.628457,16.138344,instagram_data
16927,-0.3753559,12.887517,instagram_data
6679,16.891811,5.980157,instagram_data
19722,-6.6607323,4.442149,instagram_data
20083,-6.7374783,4.706229,instagram_data
27575,-11.916591,-4.839399,instagram_data2
23879,-9.959339,1.9390488,instagram_data2
11230,6.2482486,10.809295,instagram_data
4574,7.436576,16.250723,instagram_data
5786,-9.885068,-5.4418945,instagram_data
25726,3.322555,-12.316362,instagram_data2
27908,-0.86510265,-5.4319615,instagram_data2
15759,5.9027686,2.2408772,instagram_data
19675,16.392735,9.645157,instagram_data
22534,-0.20940004,-3.4383242,instagram_data2
19216,4.0235753,11.818343,instagram_data
11577,10.496914,-5.5614815,instagram_data
10906,-11.391157,-1.6011791,instagram_data
26274,-7.198815,-11.754856,instagram_data2
6358,-7.5081997,5.447939,instagram_data
8775,6.225085,12.616126,instagram_data
6650,-5.2127504,-2.0384653,instagram_data
5623,-5.728465,6.204241,instagram_data
15817,3.2904978,-2.7987568,instagram_data
16279,3.7807217,4.5430937,instagram_data
11199,-0.49721935,8.34571,instagram_data
19501,-3.4027607,-9.154493,instagram_data
9862,1.1255552,10.598384,instagram_data
7504,2.5878046,19.119509,instagram_data
6900,4.533091,17.68421,instagram_data
21706,-1.5324417,4.7002645,instagram_data2
6143,5.157358,10.362067,instagram_data
18086,-7.613664,7.758345,instagram_data
33605,-10.572644,-1.5970737,instagram_data2
7197,-5.2321787,9.89525,instagram_data
27860,7.3483963,17.210573,instagram_data2
9058,-6.452027,-3.430238,instagram_data
33969,-2.7601533,-0.58251524,instagram_data2
34158,-7.9532995,-3.6670516,instagram_data2
25346,-2.89604,2.0342512,instagram_data2
14875,-0.07099117,-1.0550625,instagram_data
16432,-1.1898999,5.391897,instagram_data
19628,-10.797382,0.7904661,instagram_data
14900,5.0625305,12.201237,instagram_data
6300,2.2673259,17.135744,instagram_data
14679,23.18233,-16.100445,instagram_data
17169,-2.9691498,-2.678925,instagram_data
2654,9.173902,15.124454,instagram_data
25649,9.602941,-16.313297,instagram_data2
23657,-6.3014426,2.7670898,instagram_data2
3957,19.656652,14.049726,instagram_data
30608,4.7078404,14.824854,instagram_data2
28127,-0.15219268,-1.1171985,instagram_data2
7321,-7.7895656,-3.0249662,instagram_data
26425,-4.4140205,11.070113,instagram_data2
16710,-2.6332638,3.6463103,instagram_data
18340,4.244891,1.6484447,instagram_data
17320,-5.191546,11.574663,instagram_data
21614,-11.89464,-5.6408205,instagram_data2
34333,10.695578,-16.586739,instagram_data2
19498,-4.467958,8.856907,instagram_data
8116,-2.539571,-3.2370963,instagram_data
9843,10.90861,19.075216,instagram_data
7426,-13.555873,-2.8411367,instagram_data
28829,-1.1078545,-5.4995885,instagram_data2
32675,3.6484694,0.82094204,instagram_data2
4698,13.226218,6.453872,instagram_data
9266,-4.0677195,-2.9095204,instagram_data
9023,-3.9731739,2.0523639,instagram_data
22053,-0.365944,4.5096664,instagram_data2
12524,-6.624678,-2.8901951,instagram_data
1266,4.2091675,2.8109124,instagram_data
2350,-7.2462945,-2.8929021,instagram_data
33900,8.709181,12.810872,instagram_data2
8681,-10.703913,-6.535829,instagram_data
12018,-10.021246,-0.11035116,instagram_data
1897,-0.5340028,1.9328033,instagram_data
7405,8.234021,-4.752485,instagram_data
23156,-0.42592168,5.2337885,instagram_data2
33372,13.656328,-2.171384,instagram_data2
5419,-3.831489,-8.196118,instagram_data
22936,-1.6303574,-3.149489,instagram_data2
477,-8.008282,1.099318,instagram_data
25877,-0.6651468,-10.724322,instagram_data2
26513,-1.8300352,8.066333,instagram_data2
29336,-0.99786067,-3.0716558,instagram_data2
26608,9.574323,-6.07922,instagram_data2
29516,-6.7159696,1.9995366,instagram_data2
27940,1.681912,0.74880034,instagram_data2
17453,-8.531907,3.0724897,instagram_data
6103,-11.119693,1.5115334,instagram_data
20027,8.546869,2.0979762,instagram_data
33264,-4.5265117,-0.06668742,instagram_data2
12024,3.2906046,13.498408,instagram_data
11850,16.257393,-2.721044,instagram_data
10213,-14.538435,0.2665845,instagram_data
1169,-1.605938,1.2923592,instagram_data
31936,-1.3840804,-2.5612524,instagram_data2
26905,-1.8134471,4.742711,instagram_data2
5603,-11.215124,-3.1131167,instagram_data
25387,16.647108,7.5849895,instagram_data2
34185,-9.368849,-0.20410837,instagram_data2
26655,-2.1143813,13.382932,instagram_data2
16600,1.4048644,10.171223,instagram_data
27092,-8.1521,-6.66522,instagram_data2
10793,-7.3838153,2.047598,instagram_data
10640,-2.4850519,1.765409,instagram_data
20809,-2.4457834,-9.199914,instagram_data2
9621,3.7141426,16.755308,instagram_data
11393,4.3780494,-0.21331331,instagram_data
6823,-7.231575,2.1311386,instagram_data
32417,-6.6043525,4.228703,instagram_data2
33044,-3.1673176,3.2373736,instagram_data2
16709,7.019768,5.938004,instagram_data
32556,-7.824246,1.9079847,instagram_data2
26907,-3.3928385,-7.645447,instagram_data2
21224,18.814064,9.126639,instagram_data2
3640,-5.274223,-4.3161125,instagram_data
26671,3.4235182,-5.4643087,instagram_data2
20885,1.1287684,11.664718,instagram_data2
4761,14.307436,5.7472506,instagram_data
27167,2.7758296,-8.843543,instagram_data2
26042,-2.2824936,7.5392323,instagram_data2
7467,2.6677492,1.3260708,instagram_data
18697,12.595091,-6.995795,instagram_data
8494,5.3265457,-2.7752323,instagram_data
15989,9.827741,-8.349132,instagram_data
34347,19.065067,-11.9278145,instagram_data2
30632,4.2778053,4.7454433,instagram_data2
30635,3.8002863,0.97295815,instagram_data2
33572,2.1486638,-9.726506,instagram_data2
24114,-14.752002,-1.3581873,instagram_data2
33344,-1.7654288,4.209968,instagram_data2
7464,0.85760236,-9.203661,instagram_data
21876,6.979532,2.2576385,instagram_data2
750,24.913696,-19.152208,instagram_data
14334,0.22178826,-4.9915295,instagram_data
20078,-8.645216,-7.0846205,instagram_data
6488,-8.849118,5.6329765,instagram_data
32108,-7.0149474,-0.8532092,instagram_data2
31278,-6.4314055,-2.0320637,instagram_data2
30475,9.560905,-11.296976,instagram_data2
13019,-8.583116,-1.6298435,instagram_data
5161,-1.0470144,4.0466456,instagram_data
21109,-6.737774,-0.5503155,instagram_data2
34712,10.224496,2.8036275,instagram_data2
22629,-11.950346,-4.273513,instagram_data2
29724,-3.5763018,3.7689707,instagram_data2
6465,3.0758333,-3.9377248,instagram_data
12988,-9.765825,3.5486453,instagram_data
10048,-8.963684,3.0763779,instagram_data
15198,5.4950457,11.120112,instagram_data
23946,-12.24231,-0.294938,instagram_data2
2225,0.26703528,0.23014979,instagram_data
12780,-2.9113312,2.1078165,instagram_data
24682,-4.9997654,5.285808,instagram_data2
343,4.4754267,-1.5166776,instagram_data
1281,5.4923043,8.11659,instagram_data
12649,-5.750845,7.786331,instagram_data
28458,-13.216005,2.3842266,instagram_data2
25111,4.9034147,5.5583835,instagram_data2
7603,-8.590557,1.7769806,instagram_data
3023,0.55899173,-9.468262,instagram_data
1871,-6.520268,-7.2155256,instagram_data
33801,-2.7699177,0.8621288,instagram_data2
9748,5.708339,-0.7212505,instagram_data
4128,-8.4169,-3.729683,instagram_data
2933,-11.899035,-5.1987276,instagram_data
6736,-0.13506648,10.704494,instagram_data
13302,5.921161,-5.3351884,instagram_data
16560,-1.0921172,6.2569284,instagram_data
4973,1.3013831,11.8897,instagram_data
6094,-5.496106,-0.8678914,instagram_data
27015,-5.6869817,-0.64761895,instagram_data2
25626,-0.3433557,0.8590339,instagram_data2
23540,7.997791,11.165688,instagram_data2
15492,-0.93326336,1.9017352,instagram_data
3621,-3.3652163,5.53731,instagram_data
22247,-8.503955,2.7360654,instagram_data2
16606,-5.887981,3.755465,instagram_data
18642,-0.21346663,4.248259,instagram_data
2211,-10.523503,0.6829396,instagram_data
8936,12.335519,14.178567,instagram_data
17696,6.218212,-7.0978155,instagram_data
19922,-8.373697,-5.425295,instagram_data
6054,5.2749014,6.4255247,instagram_data
17359,12.832437,3.9645905,instagram_data
28452,-5.734301,-1.6561917,instagram_data2
18271,7.8092,-1.481213,instagram_data
28149,-1.5735618,-2.4111187,instagram_data2
14914,-6.4516144,-0.8716365,instagram_data
30155,-9.879101,-1.1922466,instagram_data2
23193,-0.24217401,1.5579761,instagram_data2
253,2.9483004,11.8348,instagram_data
28822,-1.9728266,6.53143,instagram_data2
34906,-6.5045977,-11.702907,instagram_data2
2777,-3.6020172,-5.686833,instagram_data
28336,-10.541267,1.0177516,instagram_data2
22979,-2.2944434,2.1291578,instagram_data2
12925,2.466932,-7.1403956,instagram_data
10659,11.971069,17.678123,instagram_data
6535,-9.916283,2.0863926,instagram_data
28023,7.897766,-6.166976,instagram_data2
32939,15.657599,6.6873584,instagram_data2
5706,-8.539764,2.2679162,instagram_data
12213,-3.6388345,0.20428014,instagram_data
822,-14.481413,-1.1867889,instagram_data
28223,-9.159148,-1.6440761,instagram_data2
7551,2.7290435,9.344652,instagram_data
3616,-4.8910203,-3.006659,instagram_data
24593,4.2635045,1.8714746,instagram_data2
11889,-10.478969,0.47846535,instagram_data
12815,3.485373,-10.77743,instagram_data
3671,-6.149766,-0.2904559,instagram_data
29721,-3.7921133,-6.240481,instagram_data2
4509,-3.7569857,4.1496477,instagram_data
10757,-8.269946,-4.375018,instagram_data
27050,-9.016449,-0.43970266,instagram_data2
32103,10.334125,-9.80127,instagram_data2
21770,-8.982333,-1.854169,instagram_data2
18116,-8.015089,0.6355738,instagram_data
15670,14.236215,7.012283,instagram_data
5332,10.496186,-2.6100464,instagram_data
33870,6.688812,8.637841,instagram_data2
4500,0.7179308,5.5000744,instagram_data
18617,0.35257038,5.7958355,instagram_data
2820,9.768549,5.6567717,instagram_data
25406,9.369253,3.7663102,instagram_data2
31868,-10.421973,0.5285307,instagram_data2
20443,-1.1318401,11.766244,instagram_data
25669,0.7430425,-2.546145,instagram_data2
8776,-8.722247,-6.1532454,instagram_data
11372,7.0166497,-6.5242057,instagram_data
16629,-5.264273,-4.7475405,instagram_data
980,4.107066,4.748192,instagram_data
16962,-13.515602,-1.3802518,instagram_data
306,4.967905,6.0320196,instagram_data
26970,-4.0033674,-0.59660906,instagram_data2
22153,-5.909352,-0.9168061,instagram_data2
20261,-5.1744637,3.5696583,instagram_data
34314,-8.505656,-1.312737,instagram_data2
26194,-4.3464184,0.77393615,instagram_data2
27446,10.985778,2.4169738,instagram_data2
21655,6.6924787,2.9032505,instagram_data2
11083,-6.490761,-9.267956,instagram_data
11334,-6.9816804,0.6326969,instagram_data
30469,-4.3426647,-4.0107694,instagram_data2
19953,25.470371,-8.356772,instagram_data
14233,-6.324854,0.6256848,instagram_data
15844,-0.9886865,6.3524113,instagram_data
8558,-3.5107348,-2.0351503,instagram_data
28196,-11.085897,1.244891,instagram_data2
6743,-1.0568293,5.3710303,instagram_data
20622,-4.1570883,2.6990647,instagram_data2
19643,-5.80965,-1.4659235,instagram_data
6035,-14.33082,-0.3985206,instagram_data
22402,-4.9123554,-1.2648174,instagram_data2
26851,-3.7231424,6.494145,instagram_data2
12183,-0.66277385,4.1713424,instagram_data
33326,-5.9245987,-0.99088913,instagram_data2
25488,4.226558,-3.1871252,instagram_data2
24234,3.2360415,0.32818562,instagram_data2
33140,0.268608,2.398907,instagram_data2
11843,-1.8911405,-2.5188663,instagram_data
699,-0.020988705,-3.5286136,instagram_data
4913,15.797661,13.394449,instagram_data
16390,17.40115,1.7611489,instagram_data
24148,1.9776264,-9.544045,instagram_data2
6171,18.20995,-11.039076,instagram_data
31248,-1.5015982,-7.681137,instagram_data2
27131,-9.955443,-3.4327939,instagram_data2
14197,-4.630247,4.473478,instagram_data
1301,4.0333743,2.8888736,instagram_data
31372,1.1353205,-3.053673,instagram_data2
22400,-3.9418979,-0.0035421376,instagram_data2
24991,0.2554307,1.3965232,instagram_data2
31893,-5.5461516,0.70014554,instagram_data2
31,6.748758,7.598144,instagram_data
13168,24.331657,-6.1065927,instagram_data
9215,-12.751784,-1.0316485,instagram_data
23131,8.418441,2.0534167,instagram_data2
16295,-4.024518,-2.7161684,instagram_data
32065,4.1304665,0.9923901,instagram_data2
10530,-12.644472,-0.5374437,instagram_data
19940,4.1938057,10.214338,instagram_data
17063,-2.2010715,11.670879,instagram_data
474,-4.4374375,-1.0829355,instagram_data
17081,-5.23046,3.1687436,instagram_data
24972,12.913951,0.62524885,instagram_data2
27775,-4.7095094,-1.2788984,instagram_data2
9619,-13.923513,-0.10711863,instagram_data
21062,-11.443568,-0.069280826,instagram_data2
31111,-11.976588,1.9369866,instagram_data2
11174,0.059845388,-10.487175,instagram_data
20772,4.252233,1.399264,instagram_data2
14065,12.709193,-17.084435,instagram_data
22678,-7.929946,-2.986086,instagram_data2
7074,-12.022183,2.093654,instagram_data
12686,-11.457279,-2.5530412,instagram_data
31482,-5.3756404,-2.432973,instagram_data2
2914,-4.3192205,-2.2583966,instagram_data
27362,10.1457815,10.173404,instagram_data2
7998,2.5953152,-19.267303,instagram_data
31759,-10.571123,-3.1672926,instagram_data2
16741,4.95279,7.018803,instagram_data
5640,3.000943,-17.645336,instagram_data
33203,-8.322598,-2.69891,instagram_data2
18071,-4.4172683,7.3112397,instagram_data
16668,1.9756105,-7.04902,instagram_data
9562,-0.18605472,3.6170561,instagram_data
8581,6.626694,-4.9672155,instagram_data
20508,9.174666,-17.924599,instagram_data
5147,-5.1147275,5.55384,instagram_data
22071,-0.50296766,4.5199018,instagram_data2
14810,9.864443,-9.014353,instagram_data
6962,-11.460831,1.2276527,instagram_data
33435,4.16152,0.036935583,instagram_data2
65,-7.3912063,-2.273336,instagram_data
6429,7.9872932,14.181563,instagram_data
29012,2.4778142,7.601979,instagram_data2
2921,-13.869284,-2.4694374,instagram_data
31677,-0.1503529,-5.3026214,instagram_data2
31234,-3.743241,3.3733544,instagram_data2
20801,0.8481417,2.587159,instagram_data2
16096,3.2109506,7.076484,instagram_data
27920,-9.153641,-2.9410548,instagram_data2
8965,-8.302036,-2.2544382,instagram_data
16994,0.30413222,14.03781,instagram_data
4286,-2.5378666,4.6913114,instagram_data
24285,-11.533426,0.4376856,instagram_data2
11691,4.728284,-9.822809,instagram_data
23572,4.2570086,2.6611707,instagram_data2
31771,7.0051847,7.444944,instagram_data2
15771,-4.9918485,-2.4070332,instagram_data
32682,15.902516,1.3405191,instagram_data2
20309,5.6993165,11.8970175,instagram_data
596,19.342106,-11.957883,instagram_data
22429,9.037504,-17.835114,instagram_data2
32010,-8.18061,-0.9638448,instagram_data2
751,-13.261655,-2.907123,instagram_data
11578,-5.486291,-4.839292,instagram_data
8041,-8.528606,5.797867,instagram_data
27490,-5.964265,-0.32347032,instagram_data2
25965,-0.8390596,-5.8562913,instagram_data2
30224,1.8648945,0.8964817,instagram_data2
16178,-5.225215,-0.3191559,instagram_data
28824,-6.3367834,-3.363713,instagram_data2
27540,-0.25544325,-1.7914869,instagram_data2
19220,-7.1462116,5.297294,instagram_data
6718,-3.3683562,7.9401836,instagram_data
5765,8.62531,13.493332,instagram_data
13861,-8.013246,-12.845249,instagram_data
14296,-8.972817,-0.48171237,instagram_data
3915,4.8851833,3.0568523,instagram_data
9916,-6.1159496,-1.776933,instagram_data
9812,-6.0123053,6.591416,instagram_data
3453,-2.25447,-1.5317335,instagram_data
1606,-0.16111195,-8.085225,instagram_data
15158,1.5407184,-1.1133332,instagram_data
25002,9.29941,-17.003275,instagram_data2
31872,-7.1092677,-4.7910366,instagram_data2
2718,-7.8004,6.2836056,instagram_data
7730,-0.61726016,3.2388241,instagram_data
32718,10.562862,5.00258,instagram_data2
23610,0.37421528,8.987453,instagram_data2
16243,-3.4422522,2.8784158,instagram_data
5369,5.2667766,-0.8605659,instagram_data
24815,-1.9408919,0.5668192,instagram_data2
13814,-0.353795,11.399054,instagram_data
19283,14.789541,-7.1482058,instagram_data
32361,16.258879,14.90842,instagram_data2
27420,-4.7178574,5.475278,instagram_data2
19141,-2.6674564,-11.211066,instagram_data
27359,-3.54811,0.2190035,instagram_data2
23611,-4.609229,-0.8619671,instagram_data2
5848,0.24754821,-3.351418,instagram_data
21877,-2.1796799,16.109064,instagram_data2
22248,-1.445894,0.14138371,instagram_data2
17458,-10.820754,0.057089865,instagram_data
32170,-2.3721962,6.8919835,instagram_data2
32526,-0.15579426,0.7272088,instagram_data2
26845,-10.864977,-6.2422986,instagram_data2
13117,3.9139135,-1.2337818,instagram_data
25956,-2.8602052,5.340488,instagram_data2
4260,-10.96082,-1.951061,instagram_data
11538,-2.9255636,-2.6540208,instagram_data
30578,2.7042534,8.54942,instagram_data2
12861,13.129759,9.11892,instagram_data
11351,-3.7249782,-3.8611057,instagram_data
26161,-2.1955824,-2.221283,instagram_data2
12049,-9.503954,-4.2133174,instagram_data
27764,-10.561548,-0.83026266,instagram_data2
31628,3.6824875,3.0631094,instagram_data2
24304,-5.3502054,1.432092,instagram_data2
23607,-7.4331045,-1.4518881,instagram_data2
26063,-1.0896894,-1.4900807,instagram_data2
19761,-5.321719,-4.118291,instagram_data
34383,-4.3459225,2.6765475,instagram_data2
7186,-6.6906767,6.1222515,instagram_data
408,-8.517693,-1.6067781,instagram_data
20694,-0.55078536,-1.6468824,instagram_data2
15213,15.19201,13.533888,instagram_data
31544,-4.9334493,2.141388,instagram_data2
33359,-6.6971626,-2.147699,instagram_data2
32155,-10.190513,1.1983136,instagram_data2
33095,-10.715229,-0.9888565,instagram_data2
11153,-14.406134,-1.2979873,instagram_data
1241,-5.280773,1.2330625,instagram_data
31993,-1.4166834,-1.5720836,instagram_data2
2530,0.930406,4.0607557,instagram_data
23592,-8.038962,-1.3410758,instagram_data2
24597,-1.4742949,5.7356277,instagram_data2
16733,-10.45744,-0.12092547,instagram_data
14794,1.8238164,-13.585135,instagram_data
19647,-3.9717853,-1.8689915,instagram_data
23605,0.36646727,-5.0169063,instagram_data2
4143,5.88742,18.783781,instagram_data
4661,-0.76636463,-7.904806,instagram_data
14163,3.933508,6.291486,instagram_data
31284,7.128278,11.152528,instagram_data2
25955,-2.9450784,-9.563133,instagram_data2
20042,3.8372562,-16.596144,instagram_data
8169,11.492861,-11.138566,instagram_data
31007,0.061196312,3.3528082,instagram_data2
8303,-4.97034,-4.880323,instagram_data
4116,-8.905443,0.01667109,instagram_data
20505,2.851967,2.3845212,instagram_data
27297,-11.106852,-1.8287652,instagram_data2
9278,-6.2906055,0.6348431,instagram_data
3040,-8.201084,1.3838315,instagram_data
12159,-4.012438,14.98971,instagram_data
7437,0.7435612,5.2420874,instagram_data
12349,-11.837716,-1.1941298,instagram_data
10444,-8.212936,3.95657,instagram_data
31178,-4.7804737,2.8330305,instagram_data2
19668,-2.9417267,12.33875,instagram_data
23625,3.5747368,-1.9765855,instagram_data2
30536,2.242666,-10.259873,instagram_data2
17462,-1.3096633,-3.1566694,instagram_data
1698,-4.782964,-5.3656616,instagram_data
988,16.93357,-20.929668,instagram_data
33336,-1.0785,-1.2201644,instagram_data2
8231,0.52462494,-5.917648,instagram_data
17818,-0.12353104,-12.848403,instagram_data
20146,-6.2258377,3.003231,instagram_data
19019,-7.716164,-0.29395002,instagram_data
33510,-5.662145,-1.9433814,instagram_data2
26249,1.2508482,8.647234,instagram_data2
12993,4.8374686,0.4121359,instagram_data
8330,0.60230494,-6.8198185,instagram_data
25586,13.0171175,-6.251889,instagram_data2
12015,8.35642,9.13543,instagram_data
340,2.522226,-3.656089,instagram_data
27079,14.43028,9.797865,instagram_data2
21408,7.447767,12.653546,instagram_data2
7285,-2.517152,7.895006,instagram_data
3918,-5.2063403,-1.6710953,instagram_data
17343,-9.876015,-4.290562,instagram_data
14725,-0.23008282,-7.1204276,instagram_data
14916,-11.215826,-0.49147514,instagram_data
6095,4.000872,-4.908201,instagram_data
32636,-11.960059,-1.3542472,instagram_data2
2085,-1.5979173,5.840565,instagram_data
10534,14.423634,-9.25036,instagram_data
31862,-2.4810793,3.48579,instagram_data2
4870,-6.94959,3.9651492,instagram_data
28257,6.748919,13.943513,instagram_data2
18091,1.2891152,3.0293584,instagram_data
2520,-14.4149275,-3.196949,instagram_data
6240,-0.074182115,-4.5956845,instagram_data
1263,0.7346565,0.7800272,instagram_data
6648,5.853872,-5.9295926,instagram_data
22468,-12.563353,-2.1478066,instagram_data2
6238,4.30994,-6.751821,instagram_data
4035,1.1349459,5.5663767,instagram_data
8881,17.001812,-12.906131,instagram_data
1492,14.701099,12.770427,instagram_data
18098,18.81612,-4.2932425,instagram_data
7494,-5.803053,12.180375,instagram_data
4958,0.65013385,7.6414514,instagram_data
23118,0.71917546,3.6693897,instagram_data2
2034,-14.297592,-4.3081574,instagram_data
22752,13.620072,15.871532,instagram_data2
16196,11.436254,-4.4735804,instagram_data
32293,-2.997908,-0.17566669,instagram_data2
32658,22.357094,10.036245,instagram_data2
23086,3.9935477,3.0948753,instagram_data2
20139,-3.1159804,-8.961014,instagram_data
6290,4.448716,17.614597,instagram_data
31957,-10.519787,-4.869931,instagram_data2
6375,-7.2250695,-7.46612,instagram_data
30055,-12.422885,-1.0920151,instagram_data2
33112,-15.547577,-4.5504413,instagram_data2
5378,-13.67551,-1.2329051,instagram_data
8291,-11.466536,1.6645333,instagram_data
5633,10.39427,9.985624,instagram_data
2311,-2.2773578,-2.2181969,instagram_data
33149,-2.0756772,6.04504,instagram_data2
2252,1.3297898,-7.813743,instagram_data
16747,4.462879,11.644517,instagram_data
27401,3.7256832,-3.825319,instagram_data2
23662,1.6401328,-2.0259986,instagram_data2
29602,6.562252,1.0103219,instagram_data2
33399,-7.6151257,2.7046196,instagram_data2
19624,1.0696718,-8.182965,instagram_data
18952,-1.6465125,-3.5713246,instagram_data
16640,-0.32588324,8.302025,instagram_data
32054,7.114862,-1.0753706,instagram_data2
9084,-3.5003204,0.5721336,instagram_data
27045,-0.9632861,4.6905227,instagram_data2
23750,8.393311,-10.214351,instagram_data2
33523,14.866209,5.3048487,instagram_data2
15720,-3.1272318,0.69117785,instagram_data
25742,-11.296324,1.3962601,instagram_data2
32856,-11.549861,-1.7856357,instagram_data2
28524,7.943359,7.151535,instagram_data2
30323,5.8137946,-12.04951,instagram_data2
26201,-12.842553,-1.0682508,instagram_data2
26787,-2.493127,-2.4308798,instagram_data2
25414,-15.416532,-4.733136,instagram_data2
12595,13.348062,-11.307773,instagram_data
30306,13.119105,-14.117287,instagram_data2
20264,-6.0089035,0.50005925,instagram_data
4103,6.6514463,1.9927437,instagram_data
4472,-11.208529,-0.35992298,instagram_data
28661,-2.556831,-2.9615886,instagram_data2
27474,3.1694865,12.120447,instagram_data2
10541,0.23761213,-11.467159,instagram_data
32437,0.94373024,-5.048338,instagram_data2
14817,-13.049593,-4.0492096,instagram_data
534,3.400484,-4.100705,instagram_data
24129,-1.6894362,10.229667,instagram_data2
27754,-9.985057,-2.1840682,instagram_data2
18015,-6.146533,-0.24848522,instagram_data
11029,-9.45604,3.1143403,instagram_data
5461,-10.38344,-0.41737527,instagram_data
10307,-0.77380025,-3.9110668,instagram_data
27800,-13.0637045,-0.71332645,instagram_data2
14571,-3.9757135,-3.965312,instagram_data
19296,-3.3946311,1.3480992,instagram_data
11426,-12.547941,-3.8956797,instagram_data
27524,-5.314588,-5.3109508,instagram_data2
23195,7.0671763,6.458004,instagram_data2
18161,-13.984188,-1.8511384,instagram_data
20461,-2.1180863,-0.18255958,instagram_data
10455,-9.753367,-2.5594811,instagram_data
10427,13.31353,-9.964464,instagram_data
8885,-7.6784496,6.46374,instagram_data
25105,1.6758713,-8.962236,instagram_data2
27917,9.86582,6.3363633,instagram_data2
22322,-14.12384,-4.8990426,instagram_data2
2156,1.1416162,9.109118,instagram_data
5322,6.2265735,7.091082,instagram_data
30229,9.9421015,-5.297489,instagram_data2
31970,3.9151177,-12.169448,instagram_data2
19109,-2.1192698,6.260192,instagram_data
22858,26.214571,8.863357,instagram_data2
11172,-6.8728895,-6.9669814,instagram_data
26488,-10.508141,2.3411574,instagram_data2
4361,-15.206979,-3.2137518,instagram_data
20315,-2.553539,-8.589984,instagram_data
3005,-12.440616,0.2425582,instagram_data
12341,-12.285846,-1.98127,instagram_data
26542,8.178532,-7.327231,instagram_data2
13366,2.4324706,0.10027634,instagram_data
15606,3.2557192,4.1755314,instagram_data
2292,-1.7153467,11.000156,instagram_data
19210,2.9570265,-16.692259,instagram_data
13735,20.77457,9.433581,instagram_data
20583,-7.0771136,-0.40315863,instagram_data2
7768,-3.0372574,3.2559102,instagram_data
6394,-9.863981,0.69542843,instagram_data
10577,-4.5694146,-3.3500078,instagram_data
8688,-3.0780873,3.4972305,instagram_data
23093,-7.215751,3.406615,instagram_data2
10487,0.8690975,2.7734036,instagram_data
19127,-0.57220787,12.857745,instagram_data
1743,16.382145,-20.32194,instagram_data
2531,1.7952695,-3.4887266,instagram_data
20658,-0.52539164,-2.5581803,instagram_data2
33389,2.4538598,12.838217,instagram_data2
9605,-11.953044,2.1249712,instagram_data
3001,-10.339569,-1.4867128,instagram_data
857,-0.8610064,4.330983,instagram_data
32845,0.8518939,-5.489768,instagram_data2
29573,1.1339028,-4.761815,instagram_data2
3693,-1.9182762,-10.285784,instagram_data
27662,-1.7065029,12.30506,instagram_data2
15538,8.613005,5.797682,instagram_data
28309,9.754226,-13.94075,instagram_data2
1117,-1.678823,10.224484,instagram_data
22672,8.500262,1.820072,instagram_data2
32536,-4.3891273,5.656711,instagram_data2
18910,12.849011,-10.55081,instagram_data
1064,4.4795346,6.6859984,instagram_data
3609,-6.71327,1.1067252,instagram_data
27843,-7.6200085,-6.407059,instagram_data2
32538,-10.786286,0.29188693,instagram_data2
13448,-6.1053243,5.4837103,instagram_data
2436,3.0404708,5.690577,instagram_data
24681,9.499063,-0.46923697,instagram_data2
7625,-12.966431,-1.041066,instagram_data
29154,5.332984,-4.666447,instagram_data2
1264,1.046915,-0.15114446,instagram_data
28926,4.382788,8.283984,instagram_data2
975,5.1379538,4.067869,instagram_data
25044,7.359577,12.812386,instagram_data2
29311,10.752737,14.953076,instagram_data2
31056,-6.659536,-10.810265,instagram_data2
17185,0.9106015,0.85134137,instagram_data
24598,1.3527488,-11.408289,instagram_data2
5379,1.5855432,-5.193844,instagram_data
26505,-3.7077293,-2.231661,instagram_data2
504,-9.048479,-1.2060995,instagram_data
33245,0.04263301,-8.286883,instagram_data2
13549,0.12160401,-5.176618,instagram_data
21874,0.43863443,10.6783285,instagram_data2
21790,2.211711,4.293655,instagram_data2
2653,-4.0379176,-10.6351385,instagram_data
14598,22.524736,-8.544939,instagram_data
34287,1.7151542,7.4796453,instagram_data2
3716,-10.773851,-0.22787163,instagram_data
20434,6.362959,21.755302,instagram_data
1136,1.0657554,6.4395776,instagram_data
25445,13.18991,-13.865923,instagram_data2
17898,4.6884036,-0.38169926,instagram_data
21976,7.0783377,-11.707585,instagram_data2
21648,1.6765727,8.155923,instagram_data2
1361,-11.1041,-2.6017199,instagram_data
24581,10.084581,-3.6391277,instagram_data2
30408,1.7366438,3.3943388,instagram_data2
7075,3.6896613,4.1015706,instagram_data
30766,6.9248796,3.0454862,instagram_data2
32442,6.777867,10.82363,instagram_data2
9187,-2.4179873,-5.1225443,instagram_data
23140,0.89982325,5.4134464,instagram_data2
23219,-7.866124,-1.2836026,instagram_data2
7633,5.6346016,-12.780328,instagram_data
1186,-10.212422,-1.3578987,instagram_data
14125,9.9037,-12.070776,instagram_data
26612,-3.405185,-6.0348177,instagram_data2
16984,-8.119244,3.8042421,instagram_data
5422,0.71099013,1.074343,instagram_data
24540,26.917889,-4.1772175,instagram_data2
33428,-4.408307,-3.421596,instagram_data2
15986,-1.0088191,-15.041783,instagram_data
7493,-2.5828478,2.9614105,instagram_data
20552,7.1790085,-10.223104,instagram_data2
1285,0.8707582,4.580498,instagram_data
6284,-0.23694809,2.4786742,instagram_data
13261,0.9709387,-2.4620013,instagram_data
34493,-11.516109,-8.186934,instagram_data2
26878,-2.8758047,1.3017086,instagram_data2
14826,4.4972887,12.271433,instagram_data
3485,-7.0935516,-1.660074,instagram_data
8088,-2.0866985,-4.0665627,instagram_data
87,-9.677758,0.067095816,instagram_data
32455,3.3018034,2.5936193,instagram_data2
19758,2.5948732,-18.136843,instagram_data
34432,-2.750535,3.2531312,instagram_data2
13346,1.0013212,-3.1207585,instagram_data
2042,24.265276,-3.4880488,instagram_data
20926,-7.154089,-6.8385344,instagram_data2
7861,-4.423191,-8.054162,instagram_data
11718,-7.458054,-0.1706614,instagram_data
25625,-12.491706,-1.1958412,instagram_data2
27030,-1.8896555,-3.5939226,instagram_data2
9569,0.6419051,1.6209157,instagram_data
9097,4.189025,11.972072,instagram_data
21684,1.5205963,-6.7236853,instagram_data2
9866,-5.005355,8.536891,instagram_data
21024,-6.2704916,-4.4005094,instagram_data2
7479,5.191764,-5.3924174,instagram_data
7627,-11.4379835,0.62878215,instagram_data
7460,12.08182,-9.261377,instagram_data
9874,-4.657365,4.69785,instagram_data
12817,9.970224,5.318751,instagram_data
17660,-1.6098208,-0.6936225,instagram_data
30813,1.4258467,-1.8122326,instagram_data2
20281,-7.571378,5.445869,instagram_data
12053,6.7916803,7.078197,instagram_data
2636,-1.5303286,-0.4052106,instagram_data
10553,9.130787,9.018748,instagram_data
20074,-5.9872694,6.256534,instagram_data
13087,-0.94855684,9.646241,instagram_data
28303,-5.018092,-1.1186907,instagram_data2
4640,-6.401837,-1.5089064,instagram_data
5435,-2.6508632,-0.8541837,instagram_data
16890,-4.7868342,5.793142,instagram_data
23542,-7.0523515,-0.38881668,instagram_data2
11785,6.1262746,6.2077537,instagram_data
31600,-3.877879,-0.669208,instagram_data2
12883,-7.250206,4.135935,instagram_data
23133,-4.890882,-12.880862,instagram_data2
26976,-12.06324,-1.1730555,instagram_data2
6055,-7.8616242,4.429745,instagram_data
17810,-1.600405,-6.821079,instagram_data
28921,15.946162,-8.896187,instagram_data2
16673,-3.372776,3.4345818,instagram_data
7409,-0.080534644,5.399567,instagram_data
12659,-11.892313,-1.1825758,instagram_data
9298,8.733069,5.060982,instagram_data
27287,-8.27523,-1.9208473,instagram_data2
16926,6.990271,5.3703976,instagram_data
32520,-5.523673,-1.5902127,instagram_data2
18983,-1.3866731,-6.922866,instagram_data
20740,-13.636623,-2.176823,instagram_data2
13345,-0.55621153,3.855178,instagram_data
34238,-4.972035,3.546876,instagram_data2
28492,-11.26098,-2.161603,instagram_data2
10676,-10.643558,3.548949,instagram_data
30854,4.909673,-6.907974,instagram_data2
10108,-4.5250516,-6.8540688,instagram_data
16230,6.437269,2.0183523,instagram_data
294,10.020979,-3.431144,instagram_data
9327,-15.459873,-0.02945112,instagram_data
15968,-2.8928351,6.2804255,instagram_data
16232,16.991474,-1.3379027,instagram_data
23649,-3.0086403,1.9260234,instagram_data2
7344,1.3693391,-0.29663208,instagram_data
17724,-10.176881,-6.885358,instagram_data
20551,3.1072063,6.66986,instagram_data2
20153,-0.5419712,0.6882576,instagram_data
17253,-1.2640742,-9.446559,instagram_data
25237,8.112784,5.622999,instagram_data2
3895,-6.579124,0.29827553,instagram_data
23173,7.8946347,14.771619,instagram_data2
897,-4.9369345,1.8528887,instagram_data
28482,3.560342,-5.5860896,instagram_data2
29402,2.8475246,6.528537,instagram_data2
8615,-2.3112092,-9.12481,instagram_data
9948,-3.3457282,-6.7722883,instagram_data
20262,-8.070223,1.9013828,instagram_data
22894,11.0465355,8.942012,instagram_data2
15275,-3.7862597,5.0022025,instagram_data
29679,18.299513,5.349442,instagram_data2
21933,-7.479554,-0.20412612,instagram_data2
33890,8.147821,0.03888991,instagram_data2
31963,8.413503,2.2236335,instagram_data2
14172,12.084397,-0.09292128,instagram_data
20432,-9.551133,-1.5047401,instagram_data
10384,-6.0530486,4.0547185,instagram_data
25832,6.7995744,13.741988,instagram_data2
23580,-14.152504,-1.0818256,instagram_data2
18809,-7.448457,-9.916626,instagram_data
30487,5.968634,1.4208524,instagram_data2
28371,6.3976493,14.469303,instagram_data2
7951,-2.394613,-1.1555527,instagram_data
2760,8.753303,1.0001954,instagram_data
11131,-4.651741,-8.200088,instagram_data
29858,9.640678,6.9104986,instagram_data2
25693,10.181617,9.515087,instagram_data2
26058,0.6555654,-9.657513,instagram_data2
7134,6.202066,0.4824421,instagram_data
1647,-1.383169,2.3998573,instagram_data
32912,-3.3504903,-0.56025463,instagram_data2
4610,5.745341,7.8946843,instagram_data
18624,-4.521529,-0.35701072,instagram_data
25245,-10.361938,2.4594066,instagram_data2
30761,-10.282734,2.2713938,instagram_data2
23563,15.849798,6.830906,instagram_data2
5188,4.8120317,-1.1539531,instagram_data
25070,1.1641084,1.8548731,instagram_data2
14688,0.1240289,-2.4380748,instagram_data
613,-14.031085,-0.7438582,instagram_data
20919,-5.970873,-5.570194,instagram_data2
10645,-5.939112,0.7578217,instagram_data
32482,-6.9904413,-3.3541946,instagram_data2
28888,-1.054297,1.7884725,instagram_data2
15866,1.1648495,8.084447,instagram_data
19995,-3.1837137,-4.320205,instagram_data
24848,-11.407151,1.2461282,instagram_data2
26923,9.133557,4.343244,instagram_data2
20345,6.275485,13.666385,instagram_data
13341,2.7119565,3.1246583,instagram_data
28331,-6.7590013,-2.8881626,instagram_data2
25166,22.32618,-16.214005,instagram_data2
11124,-1.2573162,-7.9961343,instagram_data
7511,-5.8932147,1.4607228,instagram_data
6546,1.259509,-4.726509,instagram_data
26894,0.21377161,7.757703,instagram_data2
14824,-10.717166,-3.2606297,instagram_data
12224,-1.35818,-3.8727572,instagram_data
31947,7.4971676,-1.6693523,instagram_data2
5909,-8.8618,5.714731,instagram_data
22415,0.91791135,-2.8468847,instagram_data2
2271,-10.423834,0.07584894,instagram_data
20753,2.2070866,-7.0174584,instagram_data2
15463,15.097335,-4.3790755,instagram_data
5919,-0.7006093,-2.2831657,instagram_data
34367,-7.184874,-2.0861208,instagram_data2
25659,-7.2449837,0.58751905,instagram_data2
12556,-2.1369426,-2.3606899,instagram_data
5888,15.532135,-21.030165,instagram_data
13184,-9.270632,-5.9045057,instagram_data
30020,0.3049974,2.033824,instagram_data2
25824,-4.178279,1.1901898,instagram_data2
20095,12.689315,3.0645008,instagram_data
9046,4.6295767,0.2109778,instagram_data
27987,-7.9920363,4.7417507,instagram_data2
19905,-10.906673,-6.0372605,instagram_data
2590,7.2984114,19.311195,instagram_data
23196,-4.19318,-3.720078,instagram_data2
2721,18.231762,6.4260445,instagram_data
7255,8.680245,12.722853,instagram_data
1534,15.3441,-17.687147,instagram_data
33487,-2.5539947,-1.7560015,instagram_data2
20318,12.828674,-19.10806,instagram_data
27677,1.2771682,5.94348,instagram_data2
28735,4.9091816,2.7711573,instagram_data2
31689,-4.8593397,-3.7869902,instagram_data2
30030,-12.005965,-3.7866278,instagram_data2
3619,1.6856703,-4.747184,instagram_data
21385,-1.4101214,4.0777545,instagram_data2
24607,-9.025066,-4.3884196,instagram_data2
113,20.019278,13.1267395,instagram_data
8619,-4.9183183,4.042808,instagram_data
18662,-5.2112722,-11.944616,instagram_data
30914,8.503262,0.16863652,instagram_data2
34033,-0.76344174,6.4697556,instagram_data2
19925,2.4793181,12.650059,instagram_data
7488,-7.0377216,3.7795928,instagram_data
22007,10.701013,-13.911363,instagram_data2
27699,14.975502,8.778214,instagram_data2
21621,-7.3889823,-4.50452,instagram_data2
10334,13.497467,-7.296117,instagram_data
24683,12.733236,3.4927895,instagram_data2
16627,1.6172878,0.7605041,instagram_data
13361,7.334025,9.539668,instagram_data
33060,-0.49023914,-1.0117617,instagram_data2
8523,-0.9424299,-1.4946554,instagram_data
823,-3.2293653,-3.8471653,instagram_data
15582,-7.168871,-4.15086,instagram_data
30350,-8.499407,0.22582561,instagram_data2
17165,9.872163,-7.017503,instagram_data
26738,9.7874155,8.770364,instagram_data2
1345,15.84958,-6.160735,instagram_data
12487,12.528083,6.225782,instagram_data
27127,-4.446599,-2.183517,instagram_data2
24968,-1.4494567,0.12273055,instagram_data2
17334,4.703203,1.6769792,instagram_data
26561,10.934529,1.0682181,instagram_data2
5735,-9.176214,5.0451026,instagram_data
30144,-11.234304,-2.0632036,instagram_data2
23417,-0.98041666,0.3709075,instagram_data2
25212,-2.1721554,-2.4021492,instagram_data2
13092,6.067625,-2.7196226,instagram_data
23890,-12.394448,-5.1218004,instagram_data2
34183,-1.8748338,-0.015169938,instagram_data2
8470,-4.872532,-2.4989867,instagram_data
150,-5.6672072,4.3425503,instagram_data
18971,-8.610141,5.494512,instagram_data
25266,-9.156345,-0.96161556,instagram_data2
15936,3.4978423,-0.74584013,instagram_data
31752,5.2440953,4.780031,instagram_data2
17154,10.338592,-24.388903,instagram_data
29625,3.121668,0.5386444,instagram_data2
23160,3.5143888,11.113125,instagram_data2
31897,-0.32949874,-0.8291814,instagram_data2
26814,7.019275,10.167176,instagram_data2
19350,-2.017817,-2.9435995,instagram_data
31277,3.4584107,8.630007,instagram_data2
17367,-3.1069925,6.845378,instagram_data
13480,5.920823,-5.4402356,instagram_data
23053,-0.14560677,12.950202,instagram_data2
14948,15.973479,-14.42833,instagram_data
16017,6.5050964,7.3237567,instagram_data
12971,14.066715,-15.700001,instagram_data
1059,7.4137187,0.8560938,instagram_data
2705,4.3622546,-16.735235,instagram_data
7487,4.5704412,9.895641,instagram_data
12968,13.8096285,-4.5391088,instagram_data
30908,7.7084,24.27606,instagram_data2
21750,-5.9383907,0.25914016,instagram_data2
30337,11.237123,-9.273261,instagram_data2
11684,-7.9426403,-11.199301,instagram_data
32408,0.2321615,-2.6602242,instagram_data2
24252,4.7930694,-6.616098,instagram_data2
32929,-15.536641,-4.785991,instagram_data2
7097,-7.0831594,3.7863538,instagram_data
32919,-6.8840556,-0.6762218,instagram_data2
9851,-13.433752,0.18572503,instagram_data
33340,-8.376629,-0.030951187,instagram_data2
29486,1.0927364,3.7939916,instagram_data2
25131,14.228517,1.8071336,instagram_data2
19297,-12.777169,-0.6412847,instagram_data
23071,7.1584845,14.962648,instagram_data2
31563,-8.600554,0.27491057,instagram_data2
10781,-12.356243,-2.2096577,instagram_data
17682,-7.2834353,-1.6388164,instagram_data
27203,16.720442,4.6609507,instagram_data2
30909,16.11212,0.58585256,instagram_data2
10985,16.40528,-9.817378,instagram_data
31801,-8.812595,-4.0968122,instagram_data2
32776,-5.161107,-0.79708534,instagram_data2
11588,12.147716,-9.068345,instagram_data
28021,4.8255844,-2.8004768,instagram_data2
25250,13.584099,-11.1055355,instagram_data2
23507,-4.4596176,-0.85382456,instagram_data2
11768,-5.4982114,-1.4268023,instagram_data
16647,-9.869569,-0.43288788,instagram_data
1673,0.23521143,-3.324625,instagram_data
7566,-8.254418,2.367595,instagram_data
25458,5.277286,-6.6952944,instagram_data2
16727,0.15584868,9.684641,instagram_data
5782,-11.817388,-0.3107451,instagram_data
12548,-8.469164,0.4271507,instagram_data
12909,-12.662282,-2.7492433,instagram_data
13476,5.355117,3.2291687,instagram_data
22680,3.1993947,-10.825283,instagram_data2
22182,-8.109217,-5.0540795,instagram_data2
24503,-4.8915405,2.0729597,instagram_data2
6590,8.531281,-4.5005617,instagram_data
15923,12.470923,4.5500364,instagram_data
770,-2.821009,1.8060269,instagram_data
1335,-10.422898,3.016049,instagram_data
22433,-3.0861826,-1.6163098,instagram_data2
8072,-9.607057,-10.504084,instagram_data
6231,-11.263716,0.92581075,instagram_data
6955,-10.900966,-5.0044036,instagram_data
33817,-2.3410146,-3.7757454,instagram_data2
12567,8.792155,0.81282157,instagram_data
21489,-2.5621214,2.8550055,instagram_data2
22992,-3.1121225,1.7902857,instagram_data2
10936,-11.407782,-0.8971051,instagram_data
12829,5.229639,11.760576,instagram_data
229,-1.2305105,7.0310745,instagram_data
19655,6.824002,1.664809,instagram_data
10004,9.671566,6.656677,instagram_data
11007,-5.2796926,4.3377376,instagram_data
16942,-3.48437,-8.881809,instagram_data
13664,10.069086,-2.6124074,instagram_data
19582,2.9895442,8.530447,instagram_data
5340,2.9074137,7.0640497,instagram_data
5749,-9.429709,0.8859264,instagram_data
32421,-3.612251,5.717783,instagram_data2
22728,-10.709595,-2.9832814,instagram_data2
12616,1.9975759,2.1224358,instagram_data
932,-4.282651,3.880176,instagram_data
18959,6.668353,2.8843718,instagram_data
27290,-6.8182964,-7.4985566,instagram_data2
33718,2.648867,-5.4666095,instagram_data2
29254,-1.9031125,-6.053625,instagram_data2
34549,-0.24441211,-10.44326,instagram_data2
1262,1.0339398,8.2753105,instagram_data
4725,6.757669,13.74914,instagram_data
28335,-7.7777934,4.653653,instagram_data2
17056,1.899502,4.1463947,instagram_data
7071,-3.2650385,3.1984131,instagram_data
3289,-10.03451,-1.8538775,instagram_data
6277,-0.71928275,6.599624,instagram_data
30776,-6.281536,-1.5383546,instagram_data2
31303,22.228477,-5.4514484,instagram_data2
9384,4.7386703,-10.128699,instagram_data
9152,-13.902777,-3.0341392,instagram_data
17252,-3.8030508,3.0152118,instagram_data
8853,16.826363,7.5437136,instagram_data
7305,-12.235166,-1.7331816,instagram_data
31584,4.5586357,7.6405325,instagram_data2
6640,-1.6825398,6.1567435,instagram_data
32688,16.037268,0.15762089,instagram_data2
12063,-10.543269,3.7316997,instagram_data
15078,9.468439,-9.42426,instagram_data
12520,-12.082669,-3.4171422,instagram_data
2454,-4.7107906,-3.5483062,instagram_data
937,-3.9391994,3.0734339,instagram_data
1329,12.7069845,5.3626604,instagram_data
10891,-5.016663,-0.6935503,instagram_data
12006,-6.8036084,1.7600814,instagram_data
11052,-7.208783,-2.9887369,instagram_data
19611,3.207356,8.072066,instagram_data
19894,8.258086,4.7838016,instagram_data
9915,-2.1123347,-0.65925246,instagram_data
14696,13.010943,-14.432532,instagram_data
21992,0.11106105,-8.745175,instagram_data2
24660,-6.842126,3.2545464,instagram_data2
20530,2.2125955,8.243615,instagram_data2
703,-1.9243153,-9.908421,instagram_data
33844,-0.69740045,4.535484,instagram_data2
30094,-1.9688797,5.44984,instagram_data2
30118,2.99973,8.023031,instagram_data2
13352,1.7315413,9.109923,instagram_data
16649,-1.1725668,4.9705954,instagram_data
19801,16.413912,15.340679,instagram_data
19511,7.6421494,3.593163,instagram_data
29473,26.79654,0.3921809,instagram_data2
32409,6.712467,-1.3076553,instagram_data2
28765,-1.5623434,-6.29229,instagram_data2
15357,2.0424106,-6.9789715,instagram_data
26951,-3.273595,3.1111097,instagram_data2
6087,-12.016114,-1.4549557,instagram_data
28496,-6.8594356,-2.150898,instagram_data2
16570,-5.4552393,1.4259349,instagram_data
7847,-14.496387,-2.4707673,instagram_data
30942,8.062276,-11.747465,instagram_data2
15633,-6.122049,2.868856,instagram_data
1551,13.731431,-2.827284,instagram_data
13841,3.4313643,12.406033,instagram_data
30730,8.582589,-4.8732305,instagram_data2
11878,5.878649,4.507856,instagram_data
18004,-5.70111,0.7817249,instagram_data
27668,13.719361,12.28209,instagram_data2
23640,-1.4279634,1.6099066,instagram_data2
5143,8.453479,7.8553457,instagram_data
7506,-1.6146444,5.261306,instagram_data
29346,19.886763,-4.46664,instagram_data2
15736,-4.1560082,7.689534,instagram_data
15139,7.476686,3.6130402,instagram_data
18848,-8.021669,4.2553973,instagram_data
18715,13.630298,-6.8575706,instagram_data
12488,-5.903409,-1.117156,instagram_data
10885,-8.761401,-2.9249325,instagram_data
13950,7.2824383,2.4689102,instagram_data
22834,5.5603747,1.3273969,instagram_data2
23667,-7.8320937,-0.025914673,instagram_data2
13343,-8.697526,-7.074083,instagram_data
29986,-7.8353205,-3.5860505,instagram_data2
4301,-2.459477,3.6094756,instagram_data
14055,-0.69629836,3.6791646,instagram_data
27681,1.8714601,-2.251597,instagram_data2
20585,-6.482722,-0.59951764,instagram_data2
19361,6.3320594,7.476722,instagram_data
26776,-2.9104645,0.8700446,instagram_data2
29350,14.566149,4.823917,instagram_data2
4945,-4.294269,-4.4081254,instagram_data
34057,22.033691,7.6532545,instagram_data2
33199,-15.097685,-3.2462742,instagram_data2
16314,-3.7575603,6.813967,instagram_data
12942,-13.287851,-2.4135048,instagram_data
4215,26.17188,8.315136,instagram_data
5031,-5.6832933,-1.6630664,instagram_data
22990,-5.4623713,-2.5283196,instagram_data2
29432,6.665974,-2.5664506,instagram_data2
33312,-14.678361,-3.0927591,instagram_data2
5978,1.4522742,11.534941,instagram_data
22559,-2.5024009,1.5375658,instagram_data2
6124,-5.1106534,-2.3343356,instagram_data
6345,-13.108477,0.9792679,instagram_data
14121,11.244549,3.0767753,instagram_data
1202,1.9978648,1.8879249,instagram_data
34830,-5.4126477,-10.202217,instagram_data2
15646,-2.031927,-10.472862,instagram_data
12468,-8.223343,-4.714648,instagram_data
6589,1.2217054,9.485414,instagram_data
24952,-2.7039428,2.492603,instagram_data2
24286,9.094997,-14.02253,instagram_data2
20509,-2.23156,-11.249951,instagram_data
30654,12.780667,11.153247,instagram_data2
28779,-6.7765036,5.1389685,instagram_data2
9396,8.5049715,-0.20535806,instagram_data
28981,13.152011,11.276466,instagram_data2
11407,-7.350759,0.9683209,instagram_data
10169,-3.906985,-1.1201496,instagram_data
1889,12.674468,19.273909,instagram_data
13905,0.6452725,-0.7287594,instagram_data
34618,2.1072865,1.0848218,instagram_data2
33010,4.3816304,5.7646775,instagram_data2
20575,2.913778,-8.775106,instagram_data2
21792,6.96735,13.944099,instagram_data2
20888,22.04589,-22.884182,instagram_data2
18027,3.0508008,-0.13825107,instagram_data
9697,-3.6147633,-6.8600774,instagram_data
1596,-5.9250135,-12.843482,instagram_data
31940,8.282186,8.63014,instagram_data2
21432,-3.5330405,-0.07407758,instagram_data2
916,-8.31225,2.434456,instagram_data
2634,11.333839,-0.68021226,instagram_data
11056,-4.4270697,1.0730562,instagram_data
14449,2.7564151,-6.0442348,instagram_data
16977,6.5466003,13.169438,instagram_data
16396,11.045459,2.7110581,instagram_data
28145,-9.818675,2.7696493,instagram_data2
23320,-5.2317758,5.250776,instagram_data2
14735,6.362048,4.537539,instagram_data
20703,6.864789,-4.567063,instagram_data2
76,4.419973,1.2444639,instagram_data
21026,-9.976563,2.9865184,instagram_data2
3449,-1.1370628,-7.478274,instagram_data
10706,-9.206084,-1.4116988,instagram_data
17112,4.919773,16.489902,instagram_data
18540,0.11530694,4.8507156,instagram_data
26307,0.7005904,-2.9895384,instagram_data2
27845,-9.101927,-1.3336535,instagram_data2
20822,-6.2299676,-0.55376333,instagram_data2
33299,7.977299,9.965126,instagram_data2
15095,24.748226,-10.081246,instagram_data
14704,14.07517,-11.754099,instagram_data
24870,-6.2754655,-0.25854516,instagram_data2
33341,-7.428019,3.0298917,instagram_data2
34674,-3.2400956,-3.370139,instagram_data2
28362,5.701194,-6.90179,instagram_data2
26760,13.077433,-13.063399,instagram_data2
15937,0.8390189,-0.2660823,instagram_data
28121,-11.05424,-1.3570379,instagram_data2
4977,3.2083583,3.8735943,instagram_data
1638,26.921795,-4.126933,instagram_data
10149,6.0546308,-3.307211,instagram_data
12385,-13.845851,-1.1040053,instagram_data
29289,-6.822443,-2.3293757,instagram_data2
31805,2.9337862,12.391254,instagram_data2
20112,-3.8625162,3.639958,instagram_data
3160,4.570385,-1.3291649,instagram_data
13500,-2.8166873,-0.2520573,instagram_data
22021,-10.767722,0.9945037,instagram_data2
9602,-7.416741,-1.7933241,instagram_data
9495,-1.1016837,3.3898678,instagram_data
16276,-10.504574,-5.0456295,instagram_data
25072,7.272469,21.213017,instagram_data2
28164,-3.079644,-3.6721292,instagram_data2
21560,-2.180746,-12.1791525,instagram_data2
5413,-5.62147,-1.616935,instagram_data
20333,-8.040279,-4.2342644,instagram_data
15116,-9.079752,-8.355832,instagram_data
8723,-1.5644991,3.4046037,instagram_data
10105,6.832529,0.12870239,instagram_data
24021,-1.6181636,-8.63627,instagram_data2
25966,2.0501194,0.28829774,instagram_data2
31552,-3.6508942,7.833166,instagram_data2
8207,-10.92942,2.4378664,instagram_data
12332,5.832012,3.6143293,instagram_data
11349,2.346462,-6.332769,instagram_data
19837,-6.881381,3.6315398,instagram_data
2950,-14.7784815,-0.74112964,instagram_data
22046,-0.026062245,5.910066,instagram_data2
1769,5.628417,1.972085,instagram_data
22823,-2.0782115,6.288349,instagram_data2
12698,9.965044,-2.6503525,instagram_data
26634,20.442629,-16.485815,instagram_data2
23260,-1.1068925,-1.2548343,instagram_data2
29810,-6.409547,-0.27639273,instagram_data2
31021,2.8449893,7.302664,instagram_data2
1936,8.523396,4.024463,instagram_data
4153,-9.000594,-1.0129578,instagram_data
30897,5.9188037,-2.5062823,instagram_data2
20485,-0.9791529,9.012073,instagram_data
29288,8.474775,-11.302077,instagram_data2
495,-3.2595005,0.12220015,instagram_data
26665,20.58923,-2.6550267,instagram_data2
12884,-4.1268973,-1.9887853,instagram_data
29923,3.5122676,8.267243,instagram_data2
12410,-7.3294287,-11.66253,instagram_data
15235,3.7452395,4.4034786,instagram_data
1051,5.762632,6.0974445,instagram_data
34765,-3.409928,-4.4025083,instagram_data2
3033,-1.3679063,3.0465178,instagram_data
29670,26.331163,-4.190867,instagram_data2
1063,-4.139039,-0.7812986,instagram_data
17836,-4.3783455,5.8457346,instagram_data
11975,2.2235487,11.765739,instagram_data
12023,-10.249114,-4.407244,instagram_data
15287,-1.5720205,-3.3533854,instagram_data
20921,12.855952,-5.117825,instagram_data2
15486,5.709374,-0.55654,instagram_data
30103,-11.394276,-1.618735,instagram_data2
19755,-5.960427,4.4096503,instagram_data
26403,-6.6024966,2.234832,instagram_data2
33282,-1.901734,1.2577443,instagram_data2
18323,-1.7028185,2.9862547,instagram_data
6501,11.906212,18.004457,instagram_data
24123,-3.2289755,3.4279745,instagram_data2
30380,5.779423,-7.6039853,instagram_data2
24423,-9.885219,0.81457967,instagram_data2
27434,-9.073379,-0.17360707,instagram_data2
26939,-5.7656074,2.094893,instagram_data2
18544,-5.7806726,4.4833508,instagram_data
11039,-5.315103,0.9136906,instagram_data
1141,3.9613693,2.9642372,instagram_data
13070,-12.366371,-1.4966149,instagram_data
9608,5.297855,-2.142637,instagram_data
18384,-2.812552,-1.7866168,instagram_data
34074,0.19333977,2.4608598,instagram_data2
34649,-6.6178503,1.5304731,instagram_data2
17860,11.225413,-8.4235325,instagram_data
4335,-5.456091,-5.420942,instagram_data
766,9.768073,0.51664126,instagram_data
11229,-0.88627154,-11.888076,instagram_data
28682,-1.2230814,1.490632,instagram_data2
16499,10.078987,-0.9383053,instagram_data
30300,3.3655298,-1.880797,instagram_data2
23528,7.20348,-2.9235315,instagram_data2
26788,12.969718,6.157258,instagram_data2
4776,7.1998954,-0.5139689,instagram_data
16985,-7.898384,3.0278535,instagram_data
25207,-8.474604,-5.0287337,instagram_data2
20339,-8.098609,2.7514358,instagram_data
7695,-6.862866,8.749966,instagram_data
4204,-2.7705908,1.4843655,instagram_data
10923,2.305006,-3.8349893,instagram_data
24305,-5.5050206,-7.507312,instagram_data2
539,11.361331,2.609951,instagram_data
21270,-5.580706,9.2552,instagram_data2
32378,9.458071,-8.799587,instagram_data2
19507,-12.287264,-2.8274605,instagram_data
26876,-1.3855557,9.1454115,instagram_data2
30480,-5.90091,6.825354,instagram_data2
29214,27.802544,6.9773803,instagram_data2
27557,-4.3884454,-0.870635,instagram_data2
34864,-0.7571832,2.6322324,instagram_data2
382,-10.032558,-4.345149,instagram_data
10698,16.116602,-7.1083508,instagram_data
6397,0.43383414,-5.232899,instagram_data
2253,0.10326274,4.176346,instagram_data
18095,0.37131432,-3.5378294,instagram_data
28291,-9.51692,1.4774948,instagram_data2
3893,-7.2973733,-9.606824,instagram_data
32787,4.411488,-2.0390124,instagram_data2
3394,-7.4044204,-3.0863934,instagram_data
29092,-3.593877,-1.5687836,instagram_data2
12045,8.696036,-9.465344,instagram_data
26994,-12.681783,-0.6819936,instagram_data2
3955,-11.058063,2.0913846,instagram_data
18883,-8.499965,1.4102305,instagram_data
19689,-5.7076263,2.9594133,instagram_data
1091,6.568428,11.788583,instagram_data
33555,-5.6045957,3.5111907,instagram_data2
26334,2.1902463,-6.055929,instagram_data2
29240,-9.813751,-6.385074,instagram_data2
31534,10.217305,9.164816,instagram_data2
2599,18.55722,-7.3951707,instagram_data
13111,-12.53756,-2.706087,instagram_data
1583,10.258936,-13.175738,instagram_data
3585,7.8649483,14.4711895,instagram_data
3698,-12.320901,-7.061519,instagram_data
8736,23.513464,-3.2704248,instagram_data
2191,4.9727454,-8.681391,instagram_data
27242,2.6460502,3.6733515,instagram_data2
26289,0.4691415,7.0725765,instagram_data2
26628,17.313768,9.192065,instagram_data2
7691,-1.4802616,6.181749,instagram_data
34375,1.7828553,2.437825,instagram_data2
33578,2.0211837,-7.746517,instagram_data2
9585,0.8960537,-12.873373,instagram_data
16310,4.130227,5.251342,instagram_data
8918,-1.26464,-7.288326,instagram_data
714,22.104313,0.3001732,instagram_data
27415,-2.5886445,-4.202678,instagram_data2
31119,-13.731804,-3.0072742,instagram_data2
20367,-6.7185965,-4.7573833,instagram_data
18949,9.434182,-4.505093,instagram_data
6594,4.1981225,16.124876,instagram_data
18855,-3.8164485,3.031945,instagram_data
8896,-2.3684852,3.1723654,instagram_data
19936,-0.7967895,-15.453621,instagram_data
20019,2.0143664,1.0413688,instagram_data
16958,1.9686694,-4.0967984,instagram_data
26371,5.4511237,6.8604503,instagram_data2
31523,-7.401314,6.8882575,instagram_data2
213,2.741134,0.7492494,instagram_data
20154,2.0075362,6.7942615,instagram_data
32777,-8.193277,-3.6589143,instagram_data2
8464,-9.840548,-4.390777,instagram_data
1629,21.33044,-7.477247,instagram_data
8086,-6.5989714,2.385408,instagram_data
15869,-0.017805558,-11.087321,instagram_data
14075,-3.4859872,9.800771,instagram_data
9109,-8.348854,7.0641184,instagram_data
26956,-1.8179291,2.3145218,instagram_data2
16433,4.534927,4.8289576,instagram_data
34210,-8.391281,2.2031379,instagram_data2
29126,-3.9171715,4.1184673,instagram_data2
32191,-6.7181387,1.3128204,instagram_data2
19349,-9.213035,-7.7851076,instagram_data
6312,-11.931063,-0.30263072,instagram_data
11446,4.3844147,-0.77720577,instagram_data
19410,-9.399439,-2.9954774,instagram_data
28249,-9.120411,-2.0219362,instagram_data2
31513,-7.9956727,-9.058947,instagram_data2
8001,14.291768,6.998608,instagram_data
6004,-4.8935256,4.4210296,instagram_data
3858,-3.6414485,-2.0405886,instagram_data
31877,-1.5517188,8.17106,instagram_data2
24556,-3.1038842,-5.991358,instagram_data2
10038,-3.8451447,-1.84976,instagram_data
15150,3.8962147,7.2968187,instagram_data
18335,-4.918875,-3.3290412,instagram_data
28706,12.384895,5.161014,instagram_data2
21825,-1.394092,-7.7091894,instagram_data2
31181,-12.980801,-0.7709226,instagram_data2
7684,-10.086614,-0.9560061,instagram_data
1359,-7.0561934,1.6318223,instagram_data
20736,7.2928233,7.4804096,instagram_data2
11683,-9.257431,-3.9841464,instagram_data
6455,16.224115,-0.6889368,instagram_data
2601,13.522304,5.7723064,instagram_data
22863,6.882937,5.0997,instagram_data2
33973,0.82487065,4.3728437,instagram_data2
20899,9.517954,-3.8083,instagram_data2
5148,13.222542,3.5816429,instagram_data
26888,6.462067,4.202606,instagram_data2
11438,-3.8158553,1.1131855,instagram_data
21375,-11.045653,-2.5121107,instagram_data2
23039,-2.9899678,13.920217,instagram_data2
20620,3.3922303,-8.175297,instagram_data2
23316,-6.449677,1.3303704,instagram_data2
17082,3.3496637,10.999607,instagram_data
6877,-7.949993,0.87409794,instagram_data
3733,-9.848867,0.87235945,instagram_data
5656,18.484133,-4.2874355,instagram_data
8732,-0.15084234,-6.365839,instagram_data
4985,4.602282,-4.6442556,instagram_data
27955,-8.968397,0.057762858,instagram_data2
13808,5.726867,-10.450541,instagram_data
1069,3.554138,4.6624885,instagram_data
10512,-8.269259,-4.400571,instagram_data
16170,0.6337242,4.0587635,instagram_data
1768,11.483751,5.225527,instagram_data
26450,-7.982495,-10.638442,instagram_data2
32035,13.013091,10.772119,instagram_data2
30368,5.406152,3.0353208,instagram_data2
10839,14.705411,-10.330135,instagram_data
27227,-6.5058517,-0.8466175,instagram_data2
20099,7.4661365,-12.081081,instagram_data
34288,-4.9896865,6.966009,instagram_data2
26018,-4.2119856,13.355716,instagram_data2
1425,-11.428452,0.41005492,instagram_data
15320,-3.256963,-8.730734,instagram_data
23292,-12.425389,-5.2589498,instagram_data2
21416,-8.75254,-0.5317952,instagram_data2
14289,1.2616186,-6.0681314,instagram_data
20878,-9.191033,-0.8934623,instagram_data2
20064,-3.9145124,5.2560625,instagram_data
33406,5.4290814,4.38973,instagram_data2
9223,-10.353938,-3.3345363,instagram_data
16302,5.871939,2.0496824,instagram_data
20974,-2.7103763,-9.16734,instagram_data2
18038,-5.4526267,-0.92092866,instagram_data
3873,-1.0882807,7.8807225,instagram_data
17454,7.1744256,-3.3473885,instagram_data
923,-9.049115,4.2070494,instagram_data
18588,-2.957148,-1.6164126,instagram_data
22409,12.027597,-10.6944895,instagram_data2
25372,-11.372876,-5.685703,instagram_data2
20187,7.192228,-12.875611,instagram_data
28849,5.8744736,2.881245,instagram_data2
10836,-7.88808,4.20087,instagram_data
22004,0.12531997,5.5887513,instagram_data2
32063,-2.714276,2.4574265,instagram_data2
15931,25.288183,-16.74041,instagram_data
29437,13.110194,-5.9039874,instagram_data2
13277,16.780233,-7.1370554,instagram_data
10975,3.7003198,-2.423355,instagram_data
5631,-2.293013,6.1210246,instagram_data
17120,-1.7065009,5.946003,instagram_data
21915,-5.6317444,-2.5416656,instagram_data2
17054,2.1351964,1.4640518,instagram_data
15008,-1.0236446,-0.2354788,instagram_data
2246,-1.7381374,6.5487747,instagram_data
719,11.494416,2.1779127,instagram_data
33604,-2.0548353,-1.3958083,instagram_data2
19805,5.28159,-10.922964,instagram_data
16241,1.0458616,8.133753,instagram_data
33884,-9.35888,-1.3943765,instagram_data2
21626,-0.77494186,5.948579,instagram_data2
9945,1.8552788,5.5860467,instagram_data
31960,18.785461,12.592237,instagram_data2
22264,-4.746936,-8.652674,instagram_data2
34311,-11.63453,-2.4773717,instagram_data2
31129,-13.859073,-0.895138,instagram_data2
490,6.5501013,13.025707,instagram_data
3237,-3.813465,-1.5864489,instagram_data
2682,14.600804,3.8990545,instagram_data
22821,-4.6685543,4.045303,instagram_data2
8003,-10.970358,-1.6520759,instagram_data
29942,1.0866808,5.100219,instagram_data2
13340,-14.6568775,-4.1777205,instagram_data
32928,-2.9221997,3.2888718,instagram_data2
5601,-8.454224,3.0592718,instagram_data
648,-3.6175933,0.27070534,instagram_data
3802,9.233426,-1.0289284,instagram_data
4813,17.137226,-12.684539,instagram_data
14041,5.988621,13.950581,instagram_data
585,-5.2292523,0.8641552,instagram_data
25288,-2.4932344,0.87553793,instagram_data2
7917,-0.58012915,1.5089687,instagram_data
11876,-5.452514,-0.17968538,instagram_data
23676,-2.7456431,-4.776005,instagram_data2
1736,-2.4781082,13.899455,instagram_data
8795,-12.358301,-1.8095119,instagram_data
11332,7.8855686,-7.030593,instagram_data
23032,1.882792,3.6530805,instagram_data2
5057,-1.4678688,5.0459194,instagram_data
30741,0.6059921,-14.3861475,instagram_data2
694,8.135601,6.570876,instagram_data
27457,5.264827,8.500975,instagram_data2
34648,-7.673228,6.0345016,instagram_data2
15069,11.316578,12.403054,instagram_data
15837,2.4580195,5.287625,instagram_data
27220,-13.204721,-5.4592195,instagram_data2
10970,-2.6559238,-1.5152417,instagram_data
12723,2.5179677,7.323315,instagram_data
10651,2.2213333,-8.152641,instagram_data
8229,-5.125072,-3.728669,instagram_data
13186,-1.1850158,-5.494323,instagram_data
14391,3.251601,1.4610568,instagram_data
1201,5.1178193,-1.3535715,instagram_data
15628,3.0522497,-8.532669,instagram_data
13393,-7.705699,-3.230487,instagram_data
11610,1.7153021,2.372544,instagram_data
11300,0.9704252,-7.0268273,instagram_data
13816,-5.5749116,-9.707501,instagram_data
24451,-6.228407,-2.0284374,instagram_data2
31238,-7.993141,-2.3805025,instagram_data2
10897,-1.7775015,-2.3267705,instagram_data
30105,-8.556512,2.0411406,instagram_data2
29635,-9.700479,1.0297495,instagram_data2
5317,8.933307,-1.8773056,instagram_data
10175,-13.127842,1.5429609,instagram_data
30567,-4.098969,-8.276796,instagram_data2
8247,0.7619964,-4.244632,instagram_data
34391,-2.53109,0.5094632,instagram_data2
28011,-12.528008,-2.7442267,instagram_data2
5404,-12.087194,-2.3263876,instagram_data
30056,-8.46713,-3.4173596,instagram_data2
6382,-6.631186,0.52943504,instagram_data
20457,-6.438357,6.7012973,instagram_data
104,0.37108904,5.874356,instagram_data
10575,-6.788518,-0.9567853,instagram_data
28580,-8.963286,-0.7161753,instagram_data2
17210,9.476592,15.777518,instagram_data
27185,12.126513,-8.287393,instagram_data2
17747,-5.947571,0.12183336,instagram_data
1152,3.0694551,1.4675947,instagram_data
22218,-11.644604,3.7266338,instagram_data2
17174,-0.038373765,-7.492253,instagram_data
5195,-8.109825,3.6381888,instagram_data
14465,14.884468,-20.14189,instagram_data
16316,-2.000241,0.87183535,instagram_data
32921,0.8995106,-3.8193493,instagram_data2
10654,3.2637854,6.0505896,instagram_data
3406,1.1115696,3.8849912,instagram_data
25527,5.7124333,-12.100721,instagram_data2
24218,-4.20607,-5.1794806,instagram_data2
18752,-5.506742,0.5079907,instagram_data
21944,-10.454519,-2.8232334,instagram_data2
15113,9.030576,-5.3227224,instagram_data
33911,9.754034,13.361733,instagram_data2
8512,-2.6445985,0.7150276,instagram_data
28690,0.57378864,4.8070526,instagram_data2
33333,-3.5576751,2.1325784,instagram_data2
18106,-6.552707,1.4877973,instagram_data
3100,17.269417,-14.054045,instagram_data
12560,-8.759195,0.6779145,instagram_data
8038,10.966108,-9.906114,instagram_data
32623,-1.0389302,-7.5899887,instagram_data2
19161,-7.8251276,1.7050421,instagram_data
7203,-8.244858,1.194961,instagram_data
16111,-3.8340523,6.6765094,instagram_data
14687,3.8748698,4.0905647,instagram_data
10226,-5.222156,9.617928,instagram_data
14194,-4.294726,-1.5032747,instagram_data
17902,3.482761,4.7421284,instagram_data
11094,-7.459792,5.8747077,instagram_data
11072,-1.0619009,-8.454248,instagram_data
19288,-4.9532366,-2.7194,instagram_data
30932,-7.446092,3.640171,instagram_data2
31522,7.720756,-3.1192834,instagram_data2
22148,-3.86948,8.005866,instagram_data2
31974,-8.276267,-1.6396458,instagram_data2
21538,-9.21324,2.2117155,instagram_data2
4628,6.5800657,-2.809428,instagram_data
22032,0.16984999,-3.4351368,instagram_data2
21447,-13.33153,-1.651352,instagram_data2
25648,-5.198104,-13.087358,instagram_data2
24603,-10.147025,-0.8521936,instagram_data2
33030,1.9216748,10.187024,instagram_data2
26441,-9.337774,7.8985596,instagram_data2
11664,-3.4244826,-1.2363529,instagram_data
27533,14.015676,-5.900706,instagram_data2
12682,-9.541705,-4.5142026,instagram_data
6723,2.3622456,3.4047408,instagram_data
2935,-10.10073,-4.268909,instagram_data
32656,-1.5956607,6.380584,instagram_data2
14298,-0.89285064,-5.380631,instagram_data
2690,-14.674969,1.0224162,instagram_data
29935,15.77177,-1.8817112,instagram_data2
13048,7.8260703,16.474365,instagram_data
12802,-8.0929,3.3284798,instagram_data
32029,7.4643793,-4.826808,instagram_data2
26443,-2.1324303,9.792311,instagram_data2
4034,6.9717135,-11.087814,instagram_data
19200,0.5846513,3.4236953,instagram_data
21508,-8.546086,-7.255068,instagram_data2
22063,-4.8076944,-4.3806987,instagram_data2
19477,3.3221653,-3.4059625,instagram_data
17281,-11.953288,1.2939329,instagram_data
25029,12.725752,5.666425,instagram_data2
28058,-6.5781856,-0.7583113,instagram_data2
32049,16.42334,19.64469,instagram_data2
30049,-9.112812,-10.282967,instagram_data2
18022,-5.89017,-2.987482,instagram_data
9308,-2.7992496,10.995309,instagram_data
30709,-9.863747,2.4893355,instagram_data2
16245,-2.7365863,0.22890761,instagram_data
29852,-7.6532245,1.199961,instagram_data2
20787,4.3365116,-5.160827,instagram_data2
5615,-3.1929,5.3332086,instagram_data
14724,6.1023965,0.31788036,instagram_data
22520,-7.7083526,3.5565684,instagram_data2
4623,7.742641,-2.097673,instagram_data
31189,7.888351,-1.3873981,instagram_data2
21038,13.587559,6.0531807,instagram_data2
8505,-1.3965375,-2.5874481,instagram_data
3844,-5.829539,1.8071301,instagram_data
5950,-5.1986494,-2.9173696,instagram_data
15926,-0.5365508,-11.093425,instagram_data
34326,14.298139,7.349224,instagram_data2
4596,-12.3416605,-1.2191263,instagram_data
2904,-4.2398233,-10.5292635,instagram_data
6297,-3.278485,3.0843744,instagram_data
33745,-1.9232544,4.41356,instagram_data2
21278,-9.167116,-5.170943,instagram_data2
32167,-14.268788,-2.5914624,instagram_data2
3464,-7.042476,-4.5667796,instagram_data
6201,-8.24273,3.0607786,instagram_data
13411,-1.9491236,-9.274486,instagram_data
34038,-0.9494585,8.863005,instagram_data2
34870,6.723526,-9.607672,instagram_data2
19809,8.686541,-2.8127804,instagram_data
18768,-2.403252,0.3209962,instagram_data
17908,-2.9887495,1.4651563,instagram_data
4828,0.38251778,-0.96464294,instagram_data
2864,1.0875509,6.861906,instagram_data
21887,12.473002,16.625042,instagram_data2
22193,23.15795,-27.029465,instagram_data2
8898,-0.2700778,12.471043,instagram_data
23029,-2.205585,9.413704,instagram_data2
24405,6.2863665,4.0910277,instagram_data2
6366,-2.592181,8.260288,instagram_data
15677,-11.170663,-2.148768,instagram_data
17738,5.0239296,10.562886,instagram_data
27279,18.081099,4.2113686,instagram_data2
17332,-4.719701,3.1549945,instagram_data
22531,0.59764534,9.933045,instagram_data2
33358,-2.1232045,-8.474061,instagram_data2
620,9.653952,6.5627875,instagram_data
411,4.08917,-1.4840658,instagram_data
24365,-4.148249,-4.889329,instagram_data2
16325,12.181137,-2.2146392,instagram_data
6670,12.477786,5.693797,instagram_data
15522,9.904387,8.358721,instagram_data
22486,12.278132,21.01968,instagram_data2
9678,-5.423614,4.810408,instagram_data
5060,3.5681913,8.438286,instagram_data
7674,-9.34633,1.816858,instagram_data
10724,7.050649,-3.523105,instagram_data
16187,-4.7632065,-3.6384137,instagram_data
32125,-2.8848171,8.306701,instagram_data2
23177,-4.7606926,-12.371167,instagram_data2
5968,-6.8862953,-1.5393625,instagram_data
30124,-1.5911561,-2.7941394,instagram_data2
33505,-11.627034,-1.0145919,instagram_data2
9624,20.98396,-9.990881,instagram_data
19564,-5.0159855,9.56351,instagram_data
11749,-5.4928336,-7.1034408,instagram_data
31423,-3.5243943,-10.709954,instagram_data2
34669,11.127384,12.329821,instagram_data2
28820,0.034222584,4.1664762,instagram_data2
25780,-9.61187,-1.3823464,instagram_data2
26748,9.026096,-3.4480786,instagram_data2
22252,-2.6574445,-3.732972,instagram_data2
34896,1.0616245,1.902656,instagram_data2
6513,2.561913,5.1310134,instagram_data
4017,-4.7456813,-1.5632493,instagram_data
428,-11.064399,-5.0591693,instagram_data
6033,-8.690722,1.6534296,instagram_data
7862,1.9836013,-0.55828553,instagram_data
33783,-0.52793556,-0.6206894,instagram_data2
6759,-4.974785,-4.4513154,instagram_data
15048,1.3681532,9.639213,instagram_data
1038,22.597252,-5.2529473,instagram_data
14431,8.351274,5.4858484,instagram_data
3875,0.30036786,-3.1740737,instagram_data
23402,-13.513014,-4.1371384,instagram_data2
34476,-14.417725,-5.055326,instagram_data2
12601,5.782985,-9.259131,instagram_data
23811,-7.9892716,11.245592,instagram_data2
6977,14.005441,-9.5310545,instagram_data
3590,-0.34239858,-3.8076572,instagram_data
15882,-7.6310787,2.8908904,instagram_data
1891,-2.9140625,8.451968,instagram_data
30343,2.4881427,-17.05284,instagram_data2
28502,15.385176,-6.178577,instagram_data2
18999,-5.8374825,-3.5771189,instagram_data
11429,2.4894347,4.2990146,instagram_data
18585,2.3241935,14.530626,instagram_data
10747,-9.218932,0.6226122,instagram_data
31122,-1.9519172,0.4665379,instagram_data2
30274,27.803743,-3.8348174,instagram_data2
12272,6.130409,14.709086,instagram_data
12846,11.760039,5.980866,instagram_data
12877,0.7717036,4.6793942,instagram_data
31891,12.520166,-10.173899,instagram_data2
28936,-1.0999893,0.20879541,instagram_data2
2390,-6.655897,6.615189,instagram_data
34155,-6.9094605,-1.614224,instagram_data2
30195,-4.443291,-4.494284,instagram_data2
19899,1.0715482,5.3006773,instagram_data
16548,-6.2197766,5.9437327,instagram_data
33637,-3.6434896,-2.893523,instagram_data2
24831,0.15180783,7.257238,instagram_data2
32135,-8.9213505,-0.6331135,instagram_data2
16184,-2.2347286,-8.41628,instagram_data
34897,-7.280744,0.19014305,instagram_data2
25364,-12.5625105,-1.8602033,instagram_data2
1322,0.6400808,-2.1606064,instagram_data
9001,-2.8810835,-1.4106189,instagram_data
14999,3.5407104,-10.190656,instagram_data
33148,-2.3707542,-0.29571283,instagram_data2
32310,1.5201681,5.7116036,instagram_data2
27587,-11.356839,2.4879687,instagram_data2
13260,22.487738,3.7241373,instagram_data
23655,-4.6574335,4.4389133,instagram_data2
25217,-3.403766,6.419658,instagram_data2
32642,-3.3880374,3.1505678,instagram_data2
28852,8.528665,1.0263246,instagram_data2
2761,-7.811717,-2.409519,instagram_data
32812,5.0005403,1.5168285,instagram_data2
5562,-9.952941,-3.1103306,instagram_data
12706,2.7573042,-5.2475486,instagram_data
24865,2.6420562,14.897546,instagram_data2
10864,-0.7885851,-2.4829297,instagram_data
27093,-11.343227,-4.8862686,instagram_data2
21548,6.096846,9.785342,instagram_data2
32114,-0.6649469,4.6670012,instagram_data2
21834,-10.3955345,-3.8813906,instagram_data2
14470,7.441562,-5.4453526,instagram_data
17295,-7.946846,0.8510885,instagram_data
19812,-0.38809213,-1.9040899,instagram_data
10056,6.234755,0.24204545,instagram_data
8341,-13.792565,-5.805765,instagram_data
513,-12.862746,0.88330066,instagram_data
4267,-2.819253,5.7184143,instagram_data
31596,-1.4663705,8.984375,instagram_data2
21403,-8.131344,-3.932418,instagram_data2
24962,5.839253,5.855108,instagram_data2
11612,4.1342297,4.223567,instagram_data
26927,-11.961841,0.40885034,instagram_data2
14774,5.0110855,-22.075249,instagram_data
3531,-1.9699488,-7.235606,instagram_data
17388,-10.017274,3.697471,instagram_data
21069,5.6360126,11.894904,instagram_data2
31879,7.102522,-1.3697921,instagram_data2
17340,12.655399,3.8431861,instagram_data
4764,-11.32011,-2.59315,instagram_data
18871,21.392387,-19.009592,instagram_data
1113,0.46712998,10.93822,instagram_data
30871,0.52509636,0.6814119,instagram_data2
3932,12.064961,-8.02656,instagram_data
9654,10.086067,15.464365,instagram_data
31911,7.3074355,3.0566385,instagram_data2
17015,2.3220677,8.988357,instagram_data
14412,25.23476,1.5262725,instagram_data
22223,-14.678139,-3.6907895,instagram_data2
34519,7.4066844,0.74043494,instagram_data2
541,-10.3171215,4.0485034,instagram_data
16231,4.866806,-5.5398574,instagram_data
21987,11.736497,-1.5540646,instagram_data2
9496,11.912136,1.2669696,instagram_data
31887,-7.1631966,-8.869085,instagram_data2
1646,-1.3960428,-3.1423478,instagram_data
7234,12.887129,-16.506624,instagram_data
26549,-0.24855879,6.879234,instagram_data2
19103,-2.3847592,3.1483593,instagram_data
8620,17.764694,-11.787751,instagram_data
15027,1.7167705,0.6906607,instagram_data
16538,6.7051096,16.07293,instagram_data
31530,1.2384955,2.8845582,instagram_data2
27280,-7.9752035,0.433771,instagram_data2
20195,0.473281,1.8264163,instagram_data
3997,-14.336669,-4.337944,instagram_data
30313,1.6268898,3.8702443,instagram_data2
14770,0.26590228,-11.531406,instagram_data
31622,-11.272773,-2.8297982,instagram_data2
19433,2.3132913,-12.566409,instagram_data
6006,-10.639214,4.9144263,instagram_data
27281,-8.973465,-3.0067635,instagram_data2
30278,1.7337034,8.329897,instagram_data2
11771,0.37182212,-8.806766,instagram_data
17037,4.2109313,17.93024,instagram_data
19909,-9.398716,2.3791602,instagram_data
8657,-6.029112,-1.32142,instagram_data
10929,-1.5069364,4.926953,instagram_data
13074,-12.410618,-1.9452503,instagram_data
26802,8.165814,11.01985,instagram_data2
32313,1.361445,-7.92685,instagram_data2
6402,-5.979059,0.14820589,instagram_data
17731,1.7367314,-14.843163,instagram_data
12904,-0.5725863,-1.5656888,instagram_data
19208,-1.6013713,-8.693992,instagram_data
8378,0.3025469,7.892282,instagram_data
4274,-13.933273,-2.4978082,instagram_data
12978,19.186356,-15.570721,instagram_data
11651,-0.9798948,10.087101,instagram_data
29305,16.738707,4.8032775,instagram_data2
5045,-0.34348488,5.6938725,instagram_data
10574,-8.013453,-5.0313606,instagram_data
16436,1.4757912,-12.027106,instagram_data
22123,-6.8870993,4.3631434,instagram_data2
24752,3.5711832,0.49906138,instagram_data2
28166,-11.728436,-1.5620551,instagram_data2
29301,9.085846,-5.3760543,instagram_data2
34530,-4.9071465,4.4953046,instagram_data2
14663,7.2391944,-17.260061,instagram_data
1115,-2.1189694,6.838985,instagram_data
22028,3.1847665,-7.9876337,instagram_data2
1437,11.651113,-3.1544652,instagram_data
6166,-0.83110005,-7.5960665,instagram_data
9904,18.009943,-6.53616,instagram_data
20211,-1.5115263,6.6318674,instagram_data
13890,-11.447447,1.0820159,instagram_data
32553,-6.5546126,5.555295,instagram_data2
29407,7.5838375,-4.6413307,instagram_data2
769,-5.8207936,-1.8113804,instagram_data
33089,-14.813861,-5.0052075,instagram_data2
25254,18.9333,-0.6067781,instagram_data2
5226,6.659171,-3.26407,instagram_data
17683,-0.60061127,-3.8203394,instagram_data
9434,-9.00858,-4.902724,instagram_data
9739,2.523124,-8.5827675,instagram_data
18725,15.776221,4.1377087,instagram_data
21894,-14.191439,-3.6276114,instagram_data2
12196,-8.359306,-2.172848,instagram_data
3741,-11.838408,-3.1478114,instagram_data
8486,-4.8370576,-8.288892,instagram_data
16924,-1.7646735,3.8469677,instagram_data
11722,-11.674114,-1.7338626,instagram_data
6996,11.903519,6.7305975,instagram_data
33064,3.8514555,6.3612504,instagram_data2
5172,-2.9921074,-12.866413,instagram_data
3831,-3.4561129,5.7292337,instagram_data
23400,-7.7640944,0.97965634,instagram_data2
30697,-3.071243,5.144767,instagram_data2
24600,5.052916,-2.5558057,instagram_data2
2200,3.5090563,-3.6534443,instagram_data
34073,2.8482234,6.212475,instagram_data2
31147,-5.672519,12.035053,instagram_data2
24294,15.004055,6.3642306,instagram_data2
33863,4.6153984,12.088599,instagram_data2
10330,-6.112286,-0.5100221,instagram_data
33708,-7.016347,-5.3957095,instagram_data2
32910,-4.122426,0.51350015,instagram_data2
26653,9.635662,5.0802584,instagram_data2
3462,-7.5913315,0.052073304,instagram_data
30686,-0.029571434,0.5255134,instagram_data2
33460,-0.41324267,16.834593,instagram_data2
13837,6.02589,-4.0870957,instagram_data
30399,1.221423,-2.9712536,instagram_data2
34642,-13.8723345,1.0348026,instagram_data2
12101,8.785207,1.0069183,instagram_data
27534,3.0255265,-9.656418,instagram_data2
18772,-3.4762964,0.36080736,instagram_data
2403,1.49893,-7.836363,instagram_data
996,4.2324133,5.6484165,instagram_data
20840,15.580404,-13.863719,instagram_data2
19452,-4.747705,-8.218573,instagram_data
29846,1.6054242,5.9720526,instagram_data2
19037,8.334383,-4.5472593,instagram_data
19603,27.535849,1.6488475,instagram_data
16283,9.981117,3.6684256,instagram_data
4382,20.755568,-12.315955,instagram_data
24172,-5.156051,12.033584,instagram_data2
25150,-0.81561744,-11.638178,instagram_data2
3939,1.956096,8.477069,instagram_data
33477,23.940418,-3.2170432,instagram_data2
6207,0.74703354,-3.9835975,instagram_data
11178,-4.9569945,0.21890831,instagram_data
5667,-7.625323,0.6936546,instagram_data
5681,6.560535,-9.595383,instagram_data
26266,9.4246025,3.8205473,instagram_data2
17428,5.529319,-3.9257438,instagram_data
10029,-8.965414,-5.94137,instagram_data
3542,-7.92058,2.758612,instagram_data
28513,12.618002,-7.859572,instagram_data2
33758,3.3941333,-0.25409615,instagram_data2
10566,-0.19761713,6.748772,instagram_data
27730,4.4772754,14.973564,instagram_data2
5382,-0.7595015,6.6936154,instagram_data
28307,12.241906,8.308842,instagram_data2
4453,3.298277,10.9321,instagram_data
4029,0.8180904,7.2068195,instagram_data
23381,5.2808013,2.1141655,instagram_data2
4804,-10.006588,-0.83690405,instagram_data
21971,3.4997272,-7.8651776,instagram_data2
2607,0.3062238,-9.136,instagram_data
33066,18.945295,3.941975,instagram_data2
21822,-6.564092,-9.45632,instagram_data2
4860,12.671656,-13.439475,instagram_data
22464,8.475188,-2.1013594,instagram_data2
14461,-3.111469,-17.603395,instagram_data
18590,10.362534,0.12124516,instagram_data
16233,3.174629,2.748956,instagram_data
19946,-6.0428576,4.5360713,instagram_data
10829,9.49123,5.905512,instagram_data
11918,1.3156602,0.19818367,instagram_data
2477,-7.690073,-4.771399,instagram_data
22989,-9.678227,-3.6606169,instagram_data2
7040,-1.2875139,8.540344,instagram_data
21563,-13.464123,-1.047651,instagram_data2
25683,3.7839437,4.722048,instagram_data2
7273,-0.58726436,12.579549,instagram_data
27315,-5.430214,3.845433,instagram_data2
639,-11.68017,-1.1074182,instagram_data
10484,-3.6199763,6.489837,instagram_data
27902,-0.562086,0.2915585,instagram_data2
17979,5.8508615,0.9962532,instagram_data
26131,11.843469,1.5939404,instagram_data2
8102,-0.21928725,-2.2277079,instagram_data
10872,24.036005,-2.2627559,instagram_data
20692,-11.716757,-4.652362,instagram_data2
27742,-0.48923948,-5.0210714,instagram_data2
11075,-8.396745,-4.162901,instagram_data
33747,-1.1945738,3.6520894,instagram_data2
9940,-9.480419,-3.0284915,instagram_data
9737,2.9885783,-6.477369,instagram_data
29466,0.36348575,-4.1952114,instagram_data2
1659,-1.8040786,-0.4846229,instagram_data
4672,1.3789926,7.0474663,instagram_data
17096,-10.734979,-1.5791569,instagram_data
34823,5.829213,6.625607,instagram_data2
681,-15.021167,-2.2721033,instagram_data
6370,7.22068,-5.401509,instagram_data
16619,0.55422187,5.8959236,instagram_data
34426,2.6540134,-10.050263,instagram_data2
25133,-6.4728465,-0.69859624,instagram_data2
14886,-10.72358,-1.8929759,instagram_data
26877,-2.6782708,0.7238821,instagram_data2
22960,0.6642303,6.371685,instagram_data2
1549,7.1775274,2.020454,instagram_data
10712,0.9056064,-8.299668,instagram_data
21643,-10.243423,-5.991836,instagram_data2
27282,2.5128422,-0.3005834,instagram_data2
27614,2.8961444,17.970901,instagram_data2
11988,-2.874834,-10.493104,instagram_data
13634,4.238888,10.110548,instagram_data
9609,-1.1063303,-12.60105,instagram_data
1486,25.743774,-18.325928,instagram_data
18597,5.087779,8.544637,instagram_data
16355,7.6202803,-0.9969051,instagram_data
20357,-6.953395,1.1139538,instagram_data
18582,6.6791005,13.377417,instagram_data
10848,-2.7676342,1.1792343,instagram_data
25961,-7.4116187,-4.866909,instagram_data2
8899,-12.752262,1.2904718,instagram_data
15635,15.055058,-9.456538,instagram_data
34504,-3.6309934,-1.284587,instagram_data2
16271,34.340824,-10.986921,instagram_data
18741,3.3240337,-4.5687985,instagram_data
18285,-4.279395,1.2658066,instagram_data
29598,0.48343614,1.2861685,instagram_data2
23940,-8.789887,0.90274143,instagram_data2
25774,-0.38479984,-4.0160217,instagram_data2
34719,6.8995714,19.861752,instagram_data2
236,6.3079576,7.8777146,instagram_data
26753,10.1314535,-10.631119,instagram_data2
31574,18.788431,-14.028697,instagram_data2
30045,14.390686,9.950517,instagram_data2
21337,-7.3208036,-12.321965,instagram_data2
14166,13.023802,-11.175718,instagram_data
33136,-0.89986587,0.44451934,instagram_data2
24961,-8.428556,1.349995,instagram_data2
20387,-0.28679857,9.4879,instagram_data
21417,7.403191,-14.371352,instagram_data2
30839,5.7116995,-9.510875,instagram_data2
8825,12.005161,3.1837504,instagram_data
3150,1.4110435,-1.3949468,instagram_data
17324,-5.241209,-3.1236634,instagram_data
29021,4.453697,5.849097,instagram_data2
25773,-1.9911379,6.6563025,instagram_data2
11404,-6.466589,-1.3349962,instagram_data
14678,9.293602,4.7832685,instagram_data
25062,13.077928,-7.0981383,instagram_data2
19061,-9.993184,6.271146,instagram_data
33147,-6.7239723,3.0414643,instagram_data2
11102,-4.974865,2.777998,instagram_data
29079,-6.175121,-2.2890115,instagram_data2
23814,-1.9313344,-7.5687046,instagram_data2
17832,-4.506276,-2.9565318,instagram_data
18452,10.393661,1.448908,instagram_data
23356,-4.069469,-1.2336252,instagram_data2
11387,-6.4000735,0.2459316,instagram_data
19664,-2.1347404,-4.6853924,instagram_data
5993,8.709803,-11.04158,instagram_data
23419,-10.127892,2.9280074,instagram_data2
6764,2.0794976,3.55282,instagram_data
2915,-6.7729216,1.6507283,instagram_data
9230,-0.54507524,5.9002304,instagram_data
29245,-9.069485,-0.011382871,instagram_data2
30121,4.7705407,-3.9294415,instagram_data2
23839,10.388054,6.6146536,instagram_data2
5845,13.5030155,-8.732871,instagram_data
25991,-12.788538,3.578024,instagram_data2
9729,-1.5573269,-0.89364254,instagram_data
33232,-10.107,-6.5209727,instagram_data2
819,5.195902,0.70929825,instagram_data
22360,-1.3874733,2.2247458,instagram_data2
3202,1.6512604,6.0687904,instagram_data
21503,9.104904,-0.3568832,instagram_data2
20093,-9.600222,3.502506,instagram_data
15583,21.56374,-8.888451,instagram_data
4133,-6.0095634,1.0165812,instagram_data
24181,-6.648313,10.080818,instagram_data2
15965,8.220412,6.3808355,instagram_data
4821,6.8469872,-8.594115,instagram_data
6039,6.2373815,5.5320177,instagram_data
13462,1.0180603,5.5748777,instagram_data
6519,-4.8029237,2.361316,instagram_data
7687,-1.9334722,-0.18052438,instagram_data
5964,-6.3546085,1.9116238,instagram_data
5721,-1.8582791,1.8710341,instagram_data
8389,-12.4566345,-2.1907222,instagram_data
28261,-6.9899406,-0.7021713,instagram_data2
21819,4.9710436,4.409145,instagram_data2
27370,-1.8206973,-4.858985,instagram_data2
21067,7.327426,10.351328,instagram_data2
27767,-4.4442325,5.5969114,instagram_data2
2081,-3.231232,5.147118,instagram_data
26495,-1.7413119,8.122908,instagram_data2
24863,-4.7205124,8.746809,instagram_data2
33748,6.6772833,4.5096292,instagram_data2
31658,17.098173,11.419637,instagram_data2
29863,-8.035427,-2.0397449,instagram_data2
20092,-2.1967688,5.186677,instagram_data
33768,-5.535072,-2.2665346,instagram_data2
24008,2.0388834,6.4097548,instagram_data2
29868,0.61679894,10.505542,instagram_data2
32979,-6.8766007,2.6064405,instagram_data2
17557,1.0974118,-2.3420546,instagram_data
34324,-6.555664,6.7415605,instagram_data2
10825,1.9494301,-5.189272,instagram_data
5297,-8.442709,0.59465,instagram_data
30848,-0.92028344,13.408852,instagram_data2
1236,22.046732,7.012925,instagram_data
1443,-0.13388203,-1.1726851,instagram_data
16592,10.784602,-7.0006638,instagram_data
18654,-0.0044108867,-1.1265157,instagram_data
12277,-2.423087,-1.5116249,instagram_data
30453,12.29011,1.2705896,instagram_data2
18508,-9.461133,-2.1594703,instagram_data
30928,-7.1624894,3.0002515,instagram_data2
29975,2.3679154,-5.5038185,instagram_data2
16450,4.4729195,13.126004,instagram_data
172,3.2132435,-5.380173,instagram_data
30933,-1.9111701,-12.25104,instagram_data2
10497,-11.239553,-0.2211467,instagram_data
10628,-5.3648653,0.2654845,instagram_data
11425,-10.877571,-4.293891,instagram_data
2758,5.3288403,4.3284345,instagram_data
21141,6.225717,-1.1255666,instagram_data2
23914,-3.6309917,1.9526703,instagram_data2
21516,-0.66685486,2.6576662,instagram_data2
7772,31.421677,-17.255604,instagram_data
26986,-7.6693935,-0.750976,instagram_data2
12315,1.0930184,-4.850155,instagram_data
3989,-10.338628,0.23210764,instagram_data
33103,-13.685388,-3.5485623,instagram_data2
29190,4.593575,1.0563382,instagram_data2
9362,18.316372,5.0434904,instagram_data
24306,-11.482748,-3.0663018,instagram_data2
11890,-5.0174184,3.3165944,instagram_data
15046,6.0832443,13.254295,instagram_data
2011,-5.5603757,1.9432583,instagram_data
16915,-7.586051,4.080107,instagram_data
21126,-9.560857,-5.6070914,instagram_data2
8272,13.198501,2.8381834,instagram_data
14543,0.06739003,10.911669,instagram_data
16085,4.47406,4.6633945,instagram_data
10697,-1.0861732,-7.8248854,instagram_data
20125,8.636286,-18.530226,instagram_data
17211,-8.131601,5.58876,instagram_data
4978,-1.583281,-1.2348495,instagram_data
9247,-0.7227906,-7.5935855,instagram_data
9926,-10.761324,2.547813,instagram_data
19585,0.9863608,11.894387,instagram_data
7961,10.360214,9.989857,instagram_data
30409,-5.8999543,5.713034,instagram_data2
12307,-5.240155,1.72073,instagram_data
1160,0.13656175,8.704123,instagram_data
2056,6.2475886,-6.1255245,instagram_data
6946,-13.621027,-4.45504,instagram_data
10904,-1.4114552,1.6887964,instagram_data
11423,1.9744251,-2.8469782,instagram_data
21085,1.9433469,7.7253437,instagram_data2
11770,6.5746856,-9.400196,instagram_data
13338,-1.0069063,-9.220731,instagram_data
32438,7.0271544,12.694733,instagram_data2
7911,13.880856,-13.343795,instagram_data
33286,24.349709,13.828618,instagram_data2
9937,-0.31862926,1.7976868,instagram_data
31753,1.7498444,8.258937,instagram_data2
34141,-5.107387,-6.2388806,instagram_data2
29977,20.438648,-14.188326,instagram_data2
31310,0.8618529,3.9590037,instagram_data2
26959,0.77166903,-11.611843,instagram_data2
34484,-6.9589787,-4.5803924,instagram_data2
11023,-8.592288,3.0902975,instagram_data
175,0.7734273,4.5162706,instagram_data
4264,-5.616772,3.2207158,instagram_data
10958,1.1069905,-0.12919325,instagram_data
25582,1.2455721,-2.1462936,instagram_data2
19860,-1.7822918,-6.064336,instagram_data
5762,5.98995,5.698613,instagram_data
22490,0.6674124,-4.8811817,instagram_data2
5005,2.6815178,7.6087704,instagram_data
16678,-8.384534,3.9896579,instagram_data
7965,-9.641581,1.9344152,instagram_data
33905,-10.052246,1.4945803,instagram_data2
31002,-3.4259603,3.1859622,instagram_data2
666,10.824743,-11.855172,instagram_data
14189,-3.810104,-2.743856,instagram_data
16351,14.094237,-0.1079659,instagram_data
32030,-7.8008904,-4.8517423,instagram_data2
6020,-5.0973544,-2.435809,instagram_data
20136,11.247252,18.775677,instagram_data
33211,8.864955,-8.060787,instagram_data2
10421,3.8251245,-14.211417,instagram_data
12770,-0.69983155,3.0924356,instagram_data
1855,8.504676,-6.277222,instagram_data
28507,-7.7916436,1.0472124,instagram_data2
647,-7.4907894,3.150907,instagram_data
24419,-3.782406,0.2380206,instagram_data2
13025,0.42519173,13.129205,instagram_data
17464,11.436632,-4.174978,instagram_data
5290,7.7393546,14.346111,instagram_data
13749,0.77243924,3.563984,instagram_data
10766,-6.249912,-0.5190282,instagram_data
17945,-2.41433,4.4142723,instagram_data
30355,22.963644,3.8480093,instagram_data2
32304,-3.9250765,6.197623,instagram_data2
3828,-4.14344,6.9292874,instagram_data
5910,-6.4364777,-2.5468445,instagram_data
13804,16.496117,-2.3254333,instagram_data
29218,4.4318676,9.832149,instagram_data2
26442,-1.2997876,4.0761757,instagram_data2
26198,-8.178247,-12.240218,instagram_data2
11550,17.684473,-4.468223,instagram_data
22785,-4.6537194,-9.604942,instagram_data2
4371,1.6685742,9.937058,instagram_data
24760,6.494163,7.712925,instagram_data2
34070,3.9110925,4.735699,instagram_data2
30907,-5.6789384,-7.0023413,instagram_data2
25689,11.748911,13.6940975,instagram_data2
31331,-14.226432,-2.8604417,instagram_data2
891,-3.5963593,6.8064003,instagram_data
22498,-9.728688,1.3227043,instagram_data2
2474,1.2269928,-8.950006,instagram_data
17103,-2.2053044,13.113733,instagram_data
6425,7.703701,13.696433,instagram_data
18403,11.76713,4.293236,instagram_data
9398,-11.796456,-1.8111767,instagram_data
22307,-2.0719914,3.8170655,instagram_data2
10782,-16.152826,-2.7167294,instagram_data
23396,6.689586,-17.99524,instagram_data2
10718,-10.546484,0.6423725,instagram_data
10393,-6.192759,-0.32856458,instagram_data
33111,1.9479495,5.576361,instagram_data2
22178,-5.1724052,-2.7701461,instagram_data2
17250,-4.285966,3.2515128,instagram_data
26102,-6.3864717,1.036203,instagram_data2
24272,1.656238,3.5640514,instagram_data2
2907,-6.8132777,-10.251236,instagram_data
32426,-0.775602,-0.101552844,instagram_data2
23454,-1.9031276,4.2367854,instagram_data2
7624,-9.423161,-3.1856585,instagram_data
21844,2.5886652,1.7711439,instagram_data2
10316,-2.5875783,-2.5857286,instagram_data
12932,2.6866734,-7.4021363,instagram_data
18460,-9.607631,4.2507143,instagram_data
4787,5.2542343,11.791944,instagram_data
24619,16.05123,12.400778,instagram_data2
21802,0.079721965,12.246617,instagram_data2
33067,-13.396395,-5.3789964,instagram_data2
7133,-9.550513,6.4305696,instagram_data
14965,-0.27042174,6.402199,instagram_data
4167,4.022567,5.4679174,instagram_data
17361,0.23611498,-3.3358727,instagram_data
20746,12.949759,-13.083079,instagram_data2
14178,-1.6067072,-2.0057228,instagram_data
9485,2.9477065,12.94926,instagram_data
784,-2.657185,8.414149,instagram_data
12948,25.516111,6.516053,instagram_data
30183,2.2172005,-14.153043,instagram_data2
4000,-3.790311,0.08153779,instagram_data
28720,2.2889578,4.7341623,instagram_data2
20408,-4.704283,-9.990115,instagram_data
34142,-8.49303,-1.0642297,instagram_data2
33469,11.392832,13.225779,instagram_data2
29894,6.553399,-5.0009785,instagram_data2
9341,-2.8442383,-3.8215015,instagram_data
13336,-14.930126,-3.8196197,instagram_data
26107,-3.8283954,-1.6525469,instagram_data2
33670,-2.9549701,-7.361333,instagram_data2
14073,-5.093204,-2.0164528,instagram_data
24582,-0.014835654,12.119759,instagram_data2
9727,-10.339537,3.0747607,instagram_data
26896,-9.796484,0.7993754,instagram_data2
30606,-1.3491329,-0.14890258,instagram_data2
32938,-0.30378,-1.2651533,instagram_data2
31409,17.485062,-8.8399315,instagram_data2
6677,-5.9458847,2.1586123,instagram_data
26642,24.815435,-3.6089578,instagram_data2
17686,13.338955,0.75987726,instagram_data
29316,-4.4157724,-1.7018821,instagram_data2
8951,-8.674885,-8.312541,instagram_data
208,7.8051295,-2.2239683,instagram_data
19735,12.259499,-5.4612584,instagram_data
12248,-13.223072,0.5350356,instagram_data
23430,-0.63163596,-11.494153,instagram_data2
20003,9.095995,-6.523784,instagram_data
9006,-8.806821,2.9519086,instagram_data
7055,-6.2121487,-5.044366,instagram_data
27206,13.584936,-14.560971,instagram_data2
21177,4.593544,-9.213286,instagram_data2
13586,-4.45641,0.9788354,instagram_data
32161,7.908338,6.4656434,instagram_data2
17992,-1.910404,2.8120232,instagram_data
27514,-6.126159,-2.0858037,instagram_data2
18296,6.713567,-2.049127,instagram_data
24758,5.4375424,-11.753314,instagram_data2
23856,-3.0947406,2.0344968,instagram_data2
16311,10.978551,-3.1324475,instagram_data
1923,7.4442434,5.464709,instagram_data
31564,-1.0138745,1.8289052,instagram_data2
21598,-8.061963,-1.1345712,instagram_data2
17942,-1.643999,-10.379512,instagram_data
17301,-6.1076794,-6.081098,instagram_data
29412,6.374607,3.6783578,instagram_data2
28602,1.0665835,7.811745,instagram_data2
4524,8.660081,-8.660846,instagram_data
13508,-9.024559,-0.45136738,instagram_data
10363,-5.108889,4.935709,instagram_data
4857,-10.33277,-3.9430995,instagram_data
17449,-3.6823037,-3.483963,instagram_data
31851,-11.817231,-1.253487,instagram_data2
19699,-1.3987416,3.9580488,instagram_data
29302,-2.3716593,-15.348848,instagram_data2
1375,-9.172648,1.199621,instagram_data
11022,-8.562316,1.8964028,instagram_data
31113,-8.25456,3.698434,instagram_data2
24495,-2.4583702,-3.335192,instagram_data2
1913,-1.9147491,3.6196344,instagram_data
30979,-7.649367,-4.408071,instagram_data2
17569,-13.692919,-2.0748599,instagram_data
25461,-15.473727,-3.9388006,instagram_data2
7868,1.4598395,14.027309,instagram_data
31611,12.124545,-2.6796055,instagram_data2
10429,-11.597912,-3.5430357,instagram_data
25712,-0.8392424,19.301462,instagram_data2
314,5.5069833,2.1470277,instagram_data
24053,-5.738306,0.60571504,instagram_data2
7219,4.788914,7.0814223,instagram_data
2408,6.896453,-18.012314,instagram_data
10308,-11.936939,-0.8157555,instagram_data
30767,5.1785636,4.651324,instagram_data2
32612,4.68164,-0.33275008,instagram_data2
18985,-6.7708316,3.5624275,instagram_data
8098,8.725106,-8.747228,instagram_data
1085,-9.980481,-4.7910867,instagram_data
20782,-8.674196,0.10452222,instagram_data2
27999,2.091141,9.368127,instagram_data2
23639,5.822502,-2.222119,instagram_data2
15245,-0.8801427,9.215326,instagram_data
25728,-13.850568,-2.691676,instagram_data2
16482,10.21528,-0.79994106,instagram_data
17639,-4.1988354,3.269057,instagram_data
21918,4.721356,6.1750393,instagram_data2
14752,4.3783526,6.8083916,instagram_data
11899,-11.380788,-0.70955604,instagram_data
10088,6.556512,5.640604,instagram_data
30099,-8.075751,-5.0144186,instagram_data2
5569,14.598702,21.689764,instagram_data
3584,-6.52977,3.1438034,instagram_data
8350,-10.929272,-5.0960445,instagram_data
6548,-5.2772665,-7.8622847,instagram_data
22932,-1.4819583,8.662353,instagram_data2
5180,-4.516131,0.8204303,instagram_data
23273,-12.267853,-4.0238934,instagram_data2
22479,-12.641201,-1.2217302,instagram_data2
32498,-3.1853356,-2.458413,instagram_data2
28866,6.0972805,11.568794,instagram_data2
6403,-13.111875,-0.6210993,instagram_data
27096,1.7854806,1.3751371,instagram_data2
24452,-1.2026621,4.65056,instagram_data2
12100,-2.9581015,9.990066,instagram_data
25806,-1.364882,6.3847904,instagram_data2
7800,-7.056842,3.946241,instagram_data
24890,-1.0559735,0.9634138,instagram_data2
23355,4.8890176,-9.12157,instagram_data2
29409,-3.1460307,-4.840293,instagram_data2
8751,-8.638329,-5.397203,instagram_data
3556,-8.0827675,-0.6327723,instagram_data
33802,-10.149967,0.7632812,instagram_data2
30569,-6.087359,-3.145823,instagram_data2
13916,9.3073635,4.605723,instagram_data
7008,5.402886,-2.9485896,instagram_data
25071,2.8739443,-5.7546005,instagram_data2
14212,13.679698,-12.753161,instagram_data
33580,-5.8573213,3.2835913,instagram_data2
24518,-7.1192203,4.06425,instagram_data2
7678,7.2873726,-0.42686597,instagram_data
16307,-8.858188,3.53284,instagram_data
32734,0.88614106,4.0437083,instagram_data2
9344,-8.627075,0.13336904,instagram_data
18839,-3.794668,2.368684,instagram_data
6681,8.581801,-16.165695,instagram_data
24086,-7.6421995,-2.435548,instagram_data2
20482,16.605968,-14.041152,instagram_data
2847,-1.3183753,5.433076,instagram_data
21791,11.05188,14.88599,instagram_data2
34270,-2.3281102,-4.922376,instagram_data2
13147,-9.58735,2.6516643,instagram_data
34059,14.090707,-12.1204605,instagram_data2
29170,8.059129,-3.2182918,instagram_data2
16079,-9.536672,-0.66629285,instagram_data
22161,2.2250228,-6.8440394,instagram_data2
27177,-4.656756,6.362778,instagram_data2
24950,-7.487675,-11.387915,instagram_data2
3867,2.08945,5.756384,instagram_data
11603,-5.1448917,-2.846565,instagram_data
11807,-7.939232,0.1785139,instagram_data
1904,10.399472,11.609543,instagram_data
4422,-4.18015,-3.9149477,instagram_data
8419,-1.394623,6.82414,instagram_data
2147,-9.464761,2.212118,instagram_data
379,2.979402,0.07441576,instagram_data
26719,-7.4781537,1.2989397,instagram_data2
31699,-6.2039165,-2.6607437,instagram_data2
13597,-1.0542225,-2.0860143,instagram_data
12527,-11.0837145,-7.2595797,instagram_data
9452,2.6899207,-0.5173748,instagram_data
17993,-1.1564083,9.044347,instagram_data
29102,2.786003,-9.702514,instagram_data2
4324,3.7091901,-9.342919,instagram_data
27440,-2.7724738,4.8154407,instagram_data2
26398,11.224046,17.183388,instagram_data2
9752,1.5466989,7.03487,instagram_data
34699,-5.70762,1.5304234,instagram_data2
2298,14.335832,-6.142536,instagram_data
3854,-11.931813,-2.037576,instagram_data
1225,-5.8883967,-1.7584238,instagram_data
13232,-5.346915,6.3664126,instagram_data
30423,-9.834716,-8.8116045,instagram_data2
11377,2.2734478,-13.604861,instagram_data
33000,2.625535,3.3581033,instagram_data2
6818,-3.203387,-4.0446844,instagram_data
10209,7.0124454,-7.083234,instagram_data
30198,21.8749,-8.721087,instagram_data2
30204,1.1826329,-2.5890372,instagram_data2
8991,-12.911961,-4.155926,instagram_data
14955,17.67592,-15.278337,instagram_data
15723,-9.156719,-1.177672,instagram_data
12843,-8.191483,6.1799407,instagram_data
10044,-12.8446,-1.889643,instagram_data
10095,-4.7235637,10.026087,instagram_data
11775,4.807796,2.3025532,instagram_data
4751,-3.1862588,-0.70198,instagram_data
33916,-0.011426744,4.404381,instagram_data2
30275,4.5944448,-10.849295,instagram_data2
29663,13.062903,-1.6744028,instagram_data2
3051,-9.725652,-7.3811774,instagram_data
7155,-1.4715511,-1.8163214,instagram_data
31772,-11.290988,-0.08690435,instagram_data2
2630,4.536,3.8098643,instagram_data
12481,6.853678,-0.59014904,instagram_data
6088,-12.220283,-2.0509105,instagram_data
33407,-0.30580097,6.7185307,instagram_data2
20363,-3.320187,-4.5664163,instagram_data
3494,2.3445146,5.5296726,instagram_data
28582,3.9866836,3.1415114,instagram_data2
6822,-8.132917,-0.4125629,instagram_data
27363,-5.7095666,4.1932817,instagram_data2
8065,9.655043,1.4215397,instagram_data
22784,-2.962898,-6.3077884,instagram_data2
24874,10.92116,-12.474787,instagram_data2
3168,-8.204432,-1.7644701,instagram_data
5543,11.331502,-0.38714015,instagram_data
19312,16.869205,-15.966588,instagram_data
31264,-5.151032,1.1239789,instagram_data2
31938,11.081085,7.061662,instagram_data2
16410,6.837237,0.6533697,instagram_data
33920,-7.677191,0.42330086,instagram_data2
14069,13.081273,-8.476083,instagram_data
6478,-10.48126,0.7254768,instagram_data
8237,15.623209,1.6650043,instagram_data
7065,-11.029975,-1.6278163,instagram_data
18594,12.717888,-24.062666,instagram_data
29,10.48302,12.182525,instagram_data
25020,-9.309804,-2.9001877,instagram_data2
27770,7.651511,3.9006333,instagram_data2
30363,6.0460634,0.0868901,instagram_data2
18895,-7.7891984,-5.1916757,instagram_data
20533,0.20398563,3.9970424,instagram_data2
7750,-1.3841532,-0.13966289,instagram_data
2467,-2.5119429,-2.1084998,instagram_data
18514,0.6104281,-15.554572,instagram_data
8374,-2.031866,2.2278214,instagram_data
16122,12.978416,7.4462237,instagram_data
6563,12.972664,17.902672,instagram_data
3101,0.5675542,5.7774982,instagram_data
18370,-1.7170011,-10.404562,instagram_data
14905,5.0625305,12.201237,instagram_data
28600,5.5720744,7.3194966,instagram_data2
10415,-4.4110055,-7.8826594,instagram_data
24925,7.9955783,4.609673,instagram_data2
30258,19.138996,8.420815,instagram_data2
15679,1.0294869,5.989844,instagram_data
30474,5.688642,-16.580988,instagram_data2
15776,-5.2845654,2.928348,instagram_data
17092,1.7654705,3.3947475,instagram_data
1074,0.40111613,1.3856305,instagram_data
832,-3.438012,1.347884,instagram_data
16169,-8.774838,-2.309856,instagram_data
842,-6.656742,0.1746527,instagram_data
16253,-8.214436,0.14237739,instagram_data
11786,1.5849886,-2.9435031,instagram_data
15714,7.262002,3.2030377,instagram_data
29892,0.9105352,-5.4166145,instagram_data2
25418,-9.155349,0.17275919,instagram_data2
33491,9.514252,9.296583,instagram_data2
23134,-12.549787,-3.6822367,instagram_data2
22190,-2.8076437,6.4846153,instagram_data2
12235,4.313212,4.138723,instagram_data
169,-3.5341086,2.0914197,instagram_data
18248,11.813558,6.396625,instagram_data
30178,-9.776515,-6.6415668,instagram_data2
28375,24.952984,-27.27644,instagram_data2
2274,-4.861431,-6.7543125,instagram_data
16626,15.05286,-0.018916719,instagram_data
32352,-1.1866984,3.3132563,instagram_data2
17714,-0.62328005,-3.2157876,instagram_data
39,-7.743827,4.5774493,instagram_data
7837,1.1423786,-0.15216224,instagram_data
1664,23.850368,-9.056076,instagram_data
3680,-14.716422,-1.2313061,instagram_data
25088,-2.1992,-6.198957,instagram_data2
25839,1.9405816,-5.9471602,instagram_data2
14049,13.959379,-13.056697,instagram_data
34922,-6.2969007,9.491618,instagram_data2
27521,11.405741,4.126688,instagram_data2
97,-11.166995,-0.60807824,instagram_data
16342,-7.23469,-2.3470438,instagram_data
5855,-3.5590162,-7.7442117,instagram_data
18511,9.853622,-12.725516,instagram_data
15941,9.955489,2.0468094,instagram_data
27879,-10.926154,-6.8855653,instagram_data2
2762,-3.1169488,8.523079,instagram_data
33498,2.368205,13.55304,instagram_data2
12367,-6.5282636,2.537856,instagram_data
22949,16.353498,8.950708,instagram_data2
16027,-4.1400824,5.532787,instagram_data
26718,-9.734145,-0.59912616,instagram_data2
27509,5.380987,-18.52792,instagram_data2
33437,3.5015438,8.372424,instagram_data2
31746,-5.3487964,7.0771985,instagram_data2
22733,-10.080336,-2.1509805,instagram_data2
26828,6.7497153,-2.962456,instagram_data2
25933,-5.244703,-11.560293,instagram_data2
4730,5.302931,2.090507,instagram_data
24653,4.1392508,-10.987636,instagram_data2
23938,8.340008,-9.115828,instagram_data2
16045,-2.34296,4.6398497,instagram_data
34774,-0.405403,0.9833539,instagram_data2
28062,1.2467595,6.771284,instagram_data2
23614,-13.670844,-1.3329939,instagram_data2
7972,3.4864757,-0.80948806,instagram_data
2215,-10.364446,-7.5017867,instagram_data
3959,-11.316634,-0.250455,instagram_data
28844,5.47559,5.8004794,instagram_data2
1787,8.885581,9.04075,instagram_data
17651,3.7078276,-3.365098,instagram_data
160,-11.473409,0.008928199,instagram_data
2442,-2.6871042,2.6302736,instagram_data
31377,18.568697,-7.163736,instagram_data2
24816,4.532605,10.690186,instagram_data2
18502,4.200974,-10.981009,instagram_data
34522,0.26063958,-9.659605,instagram_data2
19476,-5.752318,-5.605228,instagram_data
30451,-3.9804966,-7.683106,instagram_data2
9808,-6.4328866,-12.710323,instagram_data
30835,9.256693,-12.833784,instagram_data2
23728,7.959872,2.7231288,instagram_data2
11996,-15.845961,-2.6112392,instagram_data
8496,1.0674192,6.8523774,instagram_data
17692,-4.220685,3.2928534,instagram_data
29897,1.136341,3.482525,instagram_data2
1331,-4.378239,-0.22926068,instagram_data
29999,0.07019067,-0.66128176,instagram_data2
33739,7.8986363,-5.2148175,instagram_data2
21836,-9.3771715,-2.4870155,instagram_data2
88,6.674244,-1.8993131,instagram_data
24342,-1.5798173,-3.4701328,instagram_data2
23449,-1.1037825,-7.6324873,instagram_data2
6093,-6.6215363,1.3731977,instagram_data
26983,14.780655,1.0230565,instagram_data2
25419,-0.1100783,-7.464269,instagram_data2
21837,-10.456946,-5.7453327,instagram_data2
840,-4.346721,4.5271006,instagram_data
25472,13.713196,-3.7427971,instagram_data2
17384,-8.684996,-0.8238645,instagram_data
9114,-2.7544081,-2.5381653,instagram_data
29467,-0.4012275,-0.7210041,instagram_data2
26156,-6.8945446,-0.22100776,instagram_data2
7706,-2.6087775,8.945648,instagram_data
21807,10.506001,-0.6486257,instagram_data2
11202,-10.677839,-0.25700685,instagram_data
27610,-9.725623,-0.43679413,instagram_data2
23970,1.007752,9.458043,instagram_data2
33878,11.469012,2.9976456,instagram_data2
17580,-5.905748,6.773179,instagram_data
25101,0.20409241,5.141203,instagram_data2
18520,1.8713448,13.112329,instagram_data
16234,-8.091861,4.8846917,instagram_data
5367,11.49539,-4.6686697,instagram_data
33092,-11.992735,-1.9076566,instagram_data2
16669,-0.91008276,6.4949822,instagram_data
7056,-10.379019,-2.4725127,instagram_data
17507,4.4106936,2.2965837,instagram_data
28881,-0.09246277,-5.8536115,instagram_data2
2972,-0.62438846,8.801572,instagram_data
20665,12.916706,1.1662023,instagram_data2
12275,-2.825612,-2.26902,instagram_data
13546,22.85123,-10.806199,instagram_data
17868,2.0769575,9.337975,instagram_data
24187,-4.944732,9.145682,instagram_data2
5447,10.886798,9.240712,instagram_data
10360,-7.834924,1.5463241,instagram_data
11062,-8.417509,-4.3017898,instagram_data
9031,2.1268046,0.85097706,instagram_data
28189,-1.2773457,5.5399356,instagram_data2
7524,-5.6898336,3.1004214,instagram_data
11310,1.7766148,-3.0453093,instagram_data
4354,-6.390523,6.799801,instagram_data
32753,-1.3505673,6.6061964,instagram_data2
33825,-7.6654325,-3.9249496,instagram_data2
8938,-0.02890555,-8.980211,instagram_data
8233,4.3182,7.57178,instagram_data
14800,-4.4363127,-7.4640236,instagram_data
1012,-14.876277,-3.3420062,instagram_data
22236,-10.863206,-0.9705245,instagram_data2
13290,-4.867143,5.7246237,instagram_data
19602,-3.95218,-9.528965,instagram_data
32515,-7.216491,3.4011006,instagram_data2
3697,-6.776737,2.387646,instagram_data
11795,-4.5810165,2.0928001,instagram_data
33025,-1.1443545,11.3168955,instagram_data2
22033,-13.031576,1.7182791,instagram_data2
18472,-3.5343647,-4.942069,instagram_data
30511,-4.6854978,-5.8352747,instagram_data2
27625,-7.0887814,-0.79101026,instagram_data2
25967,-5.327466,-3.1796036,instagram_data2
22195,-10.471617,-0.7361481,instagram_data2
30290,9.255377,-0.67838603,instagram_data2
31666,-7.4755135,-1.2589794,instagram_data2
28594,2.5380387,16.186472,instagram_data2
22453,-13.994308,-4.5099277,instagram_data2
26404,0.81596607,-11.111719,instagram_data2
24017,4.8916893,9.813045,instagram_data2
31439,6.8881335,1.3453737,instagram_data2
11875,-2.431941,4.118351,instagram_data
29827,11.374887,-0.89905787,instagram_data2
18517,-4.351952,6.6847043,instagram_data
9036,10.073757,-5.0511713,instagram_data
17027,1.5029557,10.844199,instagram_data
15754,-3.6055002,1.3841966,instagram_data
15337,-0.44210017,-9.034854,instagram_data
29146,0.60636663,-5.749742,instagram_data2
21986,9.763995,4.1929255,instagram_data2
8137,-11.72884,-0.25900877,instagram_data
8408,6.2761397,7.6036286,instagram_data
27149,-10.940857,-1.4699118,instagram_data2
2106,-6.4711533,3.298748,instagram_data
20060,0.5376122,1.3436075,instagram_data
17496,-13.401727,-5.5302815,instagram_data
27386,5.6386547,-7.7859716,instagram_data2
28119,9.602328,7.7528887,instagram_data2
609,-14.599528,-4.5795927,instagram_data
21948,7.0354733,4.207791,instagram_data2
1427,-9.601574,2.5581288,instagram_data
19999,-0.6437697,3.914534,instagram_data
21297,14.356857,2.2658434,instagram_data2
21644,-9.382529,-2.941903,instagram_data2
8414,0.30399877,-1.7234943,instagram_data
17826,13.970982,-15.559315,instagram_data
29748,2.531233,0.50510013,instagram_data2
22460,-2.2032478,-0.456554,instagram_data2
12868,17.30881,6.425095,instagram_data
7501,-5.895125,-0.8083484,instagram_data
21769,-8.381985,2.8946977,instagram_data2
30282,-4.7421217,-0.80882823,instagram_data2
1527,15.738574,-8.596329,instagram_data
9599,7.5400724,4.1466336,instagram_data
3358,-10.806139,1.1261327,instagram_data
28341,5.889709,-9.810858,instagram_data2
16037,2.7308247,7.1281133,instagram_data
8095,-10.004171,2.3727837,instagram_data
10587,-5.664834,-4.1383233,instagram_data
34842,-2.9258907,0.6077377,instagram_data2
6931,4.820712,-7.5026875,instagram_data
10375,-7.382788,-4.7495756,instagram_data
17104,1.0694994,-13.635623,instagram_data
33765,-3.2983558,3.3296402,instagram_data2
14410,-3.8428667,-2.0954711,instagram_data
13057,-3.6658123,-1.0559258,instagram_data
18230,-5.014533,-3.3935199,instagram_data
24586,11.097551,-5.125111,instagram_data2
5120,-0.78053486,3.2060096,instagram_data
23350,9.356807,6.4604673,instagram_data2
34116,8.483202,-2.7039535,instagram_data2
18483,0.33070043,-5.9388485,instagram_data
21838,11.782634,-3.6185372,instagram_data2
8713,3.5618205,-2.845624,instagram_data
33011,-1.2014973,9.326555,instagram_data2
20317,-12.457949,-1.4905804,instagram_data
1442,-1.1613512,-8.588183,instagram_data
10861,-2.9302258,-4.4958687,instagram_data
28693,1.459156,3.3660958,instagram_data2
27542,12.583722,10.293583,instagram_data2
25246,7.092381,0.79784024,instagram_data2
23314,-11.591979,-1.9296633,instagram_data2
2221,-2.5013914,2.4824538,instagram_data
23009,-1.4037138,6.4209924,instagram_data2
13101,-10.415219,-0.2839581,instagram_data
20732,-8.295514,2.4580505,instagram_data2
32188,-4.719752,0.47542295,instagram_data2
18748,-0.9134085,3.2317765,instagram_data
7357,-11.402257,-4.4895935,instagram_data
23238,-4.0551276,-7.23485,instagram_data2
13577,9.10267,10.112231,instagram_data
11519,-6.784026,-4.8759,instagram_data
20567,-6.666058,6.300852,instagram_data2
30715,-2.9663205,9.177785,instagram_data2
25139,-4.95574,1.7267945,instagram_data2
25151,18.445333,0.63923,instagram_data2
25891,-7.713697,-5.118992,instagram_data2
34533,6.0844502,2.659761,instagram_data2
8309,-11.124663,1.5205896,instagram_data
25424,-5.5011024,0.3313744,instagram_data2
20149,-6.360988,1.7700362,instagram_data
14863,-3.9896924,3.9816768,instagram_data
34895,1.765532,8.134659,instagram_data2
9870,0.8479276,12.28565,instagram_data
26123,4.332905,-6.2738786,instagram_data2
21653,6.0272417,-1.8534714,instagram_data2
22310,-4.404279,1.7226721,instagram_data2
16404,-6.267172,4.2932477,instagram_data
24271,-5.3521924,-5.167912,instagram_data2
11206,-2.5507076,3.7346406,instagram_data
12755,-10.670985,-0.5220825,instagram_data
29492,-7.5434194,-4.988068,instagram_data2
16213,-1.0224291,7.087108,instagram_data
18735,-10.244532,-0.8156583,instagram_data
26911,-4.1537724,2.451478,instagram_data2
431,-14.071045,-1.3428856,instagram_data
18205,-5.2068486,7.1250014,instagram_data
28837,-0.2736072,-7.0214896,instagram_data2
25924,-13.263992,-0.9111196,instagram_data2
31518,-9.830309,-0.5448488,instagram_data2
3188,-3.6284828,-4.8988447,instagram_data
4808,-14.571401,-3.6070364,instagram_data
6928,0.65775603,-4.5696106,instagram_data
6539,-7.330652,2.9471602,instagram_data
32013,-7.7494497,0.84834427,instagram_data2
33668,-0.5134053,-0.86286217,instagram_data2
30379,-8.272128,-2.5724485,instagram_data2
10021,-3.329907,9.705699,instagram_data
14787,-2.5801725,-1.9383761,instagram_data
32286,-5.9530983,-6.708026,instagram_data2
8633,-9.498889,-2.3204882,instagram_data
19566,-10.933161,1.6371198,instagram_data
13715,20.560995,12.515801,instagram_data
18957,3.3826206,-1.6938171,instagram_data
24771,13.685434,-16.365526,instagram_data2
8234,-11.113383,-2.346922,instagram_data
21922,-6.510913,2.2164989,instagram_data2
13258,0.7629519,-8.19043,instagram_data
34061,9.988982,5.126143,instagram_data2
29816,2.6834342,7.1533127,instagram_data2
22756,-4.845479,7.6296635,instagram_data2
29203,3.630375,-4.703532,instagram_data2
22681,-1.3236663,-2.5893252,instagram_data2
24984,-7.960729,0.5367663,instagram_data2
2916,-5.301986,11.063025,instagram_data
33039,0.6220635,7.1253066,instagram_data2
31803,2.965084,-3.9886236,instagram_data2
20323,-3.863512,10.229671,instagram_data
27340,-8.392944,1.2433301,instagram_data2
1960,15.5454445,2.3239856,instagram_data
30143,-0.6540931,3.9052045,instagram_data2
3388,-2.2669287,-4.293619,instagram_data
30259,-4.9560823,0.39443088,instagram_data2
21128,-3.7517314,-6.5312185,instagram_data2
22572,47.50284,-24.608034,instagram_data2
10231,-5.409266,3.3007212,instagram_data
28009,-9.573735,7.4448643,instagram_data2
812,19.556416,5.2871046,instagram_data
29365,4.8427367,2.1887941,instagram_data2
15589,-2.4664114,1.4790404,instagram_data
13077,-10.415219,-0.2839581,instagram_data
7059,-3.4407701,2.4488773,instagram_data
4429,6.908404,7.5342655,instagram_data
10917,-7.274999,-2.8896284,instagram_data
3868,0.707786,5.4576473,instagram_data
32452,0.43352562,3.8106017,instagram_data2
9961,-10.360307,-5.6680484,instagram_data
17688,10.594254,-0.70258033,instagram_data
11799,-4.4089146,0.44501588,instagram_data
31942,11.626877,-7.660658,instagram_data2
16377,14.385399,-3.2066212,instagram_data
17573,-8.999899,-2.3608801,instagram_data
20975,-8.763373,-3.252042,instagram_data2
20228,-9.330016,1.3009108,instagram_data
14931,5.4172263,-6.439627,instagram_data
1354,-1.8354523,-7.868798,instagram_data
21737,-8.081044,-5.3409386,instagram_data2
16145,-3.3410954,6.404852,instagram_data
8849,-4.8066363,-10.054449,instagram_data
11059,-1.2466834,1.2293221,instagram_data
9487,-5.7202983,-3.112333,instagram_data
16486,0.10555571,-7.3801227,instagram_data
14459,5.637069,-15.29459,instagram_data
10132,-5.1478014,3.9413667,instagram_data
32758,3.2691517,5.3343015,instagram_data2
2659,2.4423761,-4.2172422,instagram_data
11560,8.74925,-3.2692947,instagram_data
28262,-7.5370183,1.4296256,instagram_data2
25936,9.558919,-11.970285,instagram_data2
6784,-0.8913476,15.432933,instagram_data
10366,-5.1286583,0.26579365,instagram_data
3505,-6.1711574,1.1116405,instagram_data
6878,5.6202364,5.3395834,instagram_data
6710,-5.3065743,-1.8973689,instagram_data
18691,2.3476365,-5.445311,instagram_data
10239,-1.7616174,13.990458,instagram_data
5610,11.294115,-8.978185,instagram_data
7284,-9.181481,-1.8071005,instagram_data
24838,6.5449104,-12.18091,instagram_data2
10517,9.417552,-6.1945343,instagram_data
778,6.905677,6.8466763,instagram_data
4355,-3.697318,-3.4257553,instagram_data
10293,2.337756,0.075332746,instagram_data
12730,-3.4710765,-2.3635755,instagram_data
14506,13.8693495,4.504427,instagram_data
22142,18.32552,-0.43741626,instagram_data2
18009,-8.231047,6.156918,instagram_data
11581,-3.1458478,-6.7083054,instagram_data
26047,5.2846303,1.0037826,instagram_data2
31087,-0.79228944,-0.65195566,instagram_data2
10827,10.149351,-7.080571,instagram_data
29774,-4.09353,4.660648,instagram_data2
33375,-0.44633123,7.899363,instagram_data2
31773,3.568962,0.7322806,instagram_data2
18152,-0.7898075,-7.1190186,instagram_data
13040,22.81561,-13.315777,instagram_data
2404,-5.62673,-0.88289195,instagram_data
6923,-2.3286717,-2.2732353,instagram_data
18792,5.534142,7.634186,instagram_data
31715,-5.823936,-2.0544908,instagram_data2
24589,7.411449,-4.2255793,instagram_data2
18780,-4.1918387,-7.21145,instagram_data
7985,-8.246694,2.822283,instagram_data
10597,-7.1739693,-5.642501,instagram_data
4381,7.8191466,10.372801,instagram_data
22581,4.7170258,7.026729,instagram_data2
2979,-9.012697,4.533349,instagram_data
30949,-0.2543292,-5.0441985,instagram_data2
15924,7.496387,1.7053367,instagram_data
21937,-6.1113405,-5.3133936,instagram_data2
33828,4.9117827,-1.0362145,instagram_data2
27990,-10.9459505,-1.3651505,instagram_data2
27859,0.342785,9.707952,instagram_data2
30729,7.0140533,-2.499963,instagram_data2
10882,12.908587,-12.11301,instagram_data
19881,1.806004,5.8136234,instagram_data
7337,-5.362838,6.24148,instagram_data
1747,12.599579,3.8428433,instagram_data
8162,-2.2901034,15.728592,instagram_data
5073,4.6709757,2.8187833,instagram_data
28608,7.369025,3.0356119,instagram_data2
12525,-8.651394,-2.8808098,instagram_data
8442,3.0823135,12.390208,instagram_data
30438,-0.49403775,-7.0281515,instagram_data2
24767,2.5998087,-10.014451,instagram_data2
32496,-6.529234,-1.958899,instagram_data2
3786,15.864113,-20.987486,instagram_data
19333,6.9481444,-11.719526,instagram_data
18216,2.7205415,-0.15809956,instagram_data
15442,7.8123527,1.5246027,instagram_data
23470,-1.6415124,-2.61061,instagram_data2
23284,-7.173498,-0.8013611,instagram_data2
2831,-8.6203985,-2.6022594,instagram_data
19385,-6.301033,-7.912807,instagram_data
22714,-2.804263,4.232809,instagram_data2
26931,8.767368,-23.233473,instagram_data2
20203,-10.984312,1.5344768,instagram_data
468,9.916098,-5.202158,instagram_data
23000,10.467642,8.106867,instagram_data2
17461,-7.9990497,2.9228685,instagram_data
11617,-6.38155,-3.2568188,instagram_data
17964,4.766408,-9.527173,instagram_data
24030,-5.5371513,1.8837092,instagram_data2
1044,-4.7752104,10.154613,instagram_data
14483,3.2671607,-12.519406,instagram_data
15324,-2.5938451,-12.267347,instagram_data
10028,-8.125079,3.6807108,instagram_data
29294,-6.886336,-0.37072366,instagram_data2
30728,2.158265,7.821381,instagram_data2
20593,15.668425,3.3457255,instagram_data2
11505,-11.070632,-3.8050077,instagram_data
32799,-0.11006082,9.669403,instagram_data2
783,-9.576764,0.97539204,instagram_data
3864,-9.968817,-1.5390359,instagram_data
32053,14.043671,-17.578024,instagram_data2
5948,-9.515548,-1.157714,instagram_data
18324,9.40559,1.5739423,instagram_data
19845,-3.3657553,4.2692094,instagram_data
24126,17.57634,16.919748,instagram_data2
6016,0.086597785,0.059933,instagram_data
12451,-0.87855506,-12.314562,instagram_data
15704,-2.8930368,-0.71249795,instagram_data
22754,-0.08465297,9.266078,instagram_data2
3312,6.6107483,-9.374215,instagram_data
3256,-3.4966044,-0.32726914,instagram_data
10582,3.164113,4.5701656,instagram_data
2456,-2.005451,-6.8316755,instagram_data
8946,-0.5207956,-3.3017077,instagram_data
19810,8.554744,-16.650715,instagram_data
5257,15.4194565,-4.6449137,instagram_data
23802,4.752252,0.03923001,instagram_data2
24672,-7.5802617,2.7416005,instagram_data2
26733,18.983892,1.2837117,instagram_data2
13286,18.172981,6.6970563,instagram_data
34121,11.418132,3.587581,instagram_data2
29747,1.9891522,10.379699,instagram_data2
31431,8.922332,3.6654031,instagram_data2
16479,4.493284,6.7310157,instagram_data
23885,-3.6365755,6.204307,instagram_data2
24201,-9.646721,-2.2996833,instagram_data2
8596,18.697395,4.625799,instagram_data
33631,9.492138,10.727367,instagram_data2
660,1.1798302,5.95189,instagram_data
11888,-1.3743043,5.6519,instagram_data
26478,9.29285,11.128882,instagram_data2
15443,-11.253394,0.813938,instagram_data
9255,3.0172393,-6.122284,instagram_data
20798,-3.2206054,7.763253,instagram_data2
9962,-0.12322865,-5.7480702,instagram_data
12757,6.4403496,-4.298381,instagram_data
15267,9.556177,8.383794,instagram_data
4952,1.6706078,7.699535,instagram_data
29823,13.186759,-11.130385,instagram_data2
17409,-6.3250337,7.480846,instagram_data
3593,2.5300972,9.904637,instagram_data
5954,-7.735629,-6.5223665,instagram_data
30598,-7.132584,6.168923,instagram_data2
24210,-7.450939,-2.5873487,instagram_data2
15915,-6.443131,-5.537313,instagram_data
17407,10.0639925,-7.325389,instagram_data
6217,-10.316881,-3.1609275,instagram_data
19798,-7.1974454,-6.0273013,instagram_data
34845,2.4666238,-1.2264823,instagram_data2
18233,-10.865661,-3.65654,instagram_data
20750,27.640036,-20.721106,instagram_data2
22388,-13.204841,0.85045135,instagram_data2
2346,-3.2640626,-0.44743606,instagram_data
10250,-10.999415,4.339165,instagram_data
24686,0.80131656,-11.844616,instagram_data2
11748,-1.7752318,-10.082071,instagram_data
10960,-15.262363,-1.6380829,instagram_data
26527,-3.6950476,3.6439073,instagram_data2
7562,-13.584223,2.2097921,instagram_data
23770,-1.5129786,1.5493218,instagram_data2
22377,-7.3227954,-13.627129,instagram_data2
22549,-5.08395,3.4377244,instagram_data2
20091,8.195646,3.7635896,instagram_data
14203,-8.19274,-5.0047164,instagram_data
2981,0.94275206,6.046093,instagram_data
15833,5.461562,-15.101815,instagram_data
2670,-11.619819,0.5339769,instagram_data
20549,4.738262,-7.725988,instagram_data2
18103,8.447084,4.325687,instagram_data
1908,7.4048467,-13.14759,instagram_data
9195,2.752923,-7.0638194,instagram_data
19348,11.588166,-3.3937871,instagram_data
18197,4.952317,-6.7477393,instagram_data
12047,4.5165796,9.589995,instagram_data
2129,-3.8741217,2.9321733,instagram_data
34740,-9.283884,-1.6300558,instagram_data2
8724,17.153343,-4.7083125,instagram_data
31704,6.6823606,2.6833143,instagram_data2
15743,11.175778,-6.6176143,instagram_data
11133,-7.6319885,1.3045996,instagram_data
6333,-7.984231,4.651704,instagram_data
17189,-7.7324195,2.803263,instagram_data
1731,13.465386,-3.2026699,instagram_data
12390,-7.3070593,-1.7759795,instagram_data
26055,-1.5179803,15.82709,instagram_data2
12084,-3.6408832,0.43779498,instagram_data
16575,-8.090673,6.4187107,instagram_data
16202,11.021107,-0.4136085,instagram_data
1688,6.009122,-4.2714124,instagram_data
30660,-0.80888337,7.438741,instagram_data2
28621,-2.2441146,-3.7972806,instagram_data2
14582,-9.764384,-1.599705,instagram_data
28030,-12.091272,-4.3914266,instagram_data2
18295,-0.6804664,-3.2494972,instagram_data
2773,5.3370566,9.39649,instagram_data
10937,-9.115967,-3.1270835,instagram_data
1227,0.009205708,1.3424863,instagram_data
12300,-5.444458,6.449587,instagram_data
8409,4.929362,-1.1262894,instagram_data
25731,-1.9317994,0.9902419,instagram_data2
15258,-3.0880392,5.97811,instagram_data
14936,7.661675,-20.60789,instagram_data
34459,19.792843,0.44644335,instagram_data2
26121,4.1563344,-7.637049,instagram_data2
755,1.5330671,10.205932,instagram_data
20183,-7.418551,-0.86791795,instagram_data
25294,11.034005,-0.083208226,instagram_data2
9960,7.097239,6.346994,instagram_data
20714,-9.284673,3.4732985,instagram_data2
21285,8.32028,-4.4571114,instagram_data2
30138,-6.239655,2.3628035,instagram_data2
28570,4.969536,-5.6663704,instagram_data2
18656,15.529659,21.457539,instagram_data
18561,-8.185978,-3.2122254,instagram_data
8347,-8.195745,-1.0839435,instagram_data
1380,1.47377,9.963121,instagram_data
34536,-6.3711143,-3.3485641,instagram_data2
33694,-2.624683,2.961711,instagram_data2
28184,-4.2547092,-3.3478436,instagram_data2
12992,-5.828673,-0.21994433,instagram_data
8921,-0.2652001,-2.4802585,instagram_data
27804,11.020239,11.070455,instagram_data2
9189,9.267864,12.728122,instagram_data
25090,-2.2970653,2.2718909,instagram_data2
11361,-7.2864046,1.8540978,instagram_data
2559,-0.8695597,0.38651475,instagram_data
26471,1.410317,-0.82238,instagram_data2
13771,1.5654492,9.39345,instagram_data
15092,4.262672,-5.532508,instagram_data
28590,16.676058,0.5014057,instagram_data2
18843,-3.9783294,-5.280345,instagram_data
24426,-1.0600382,12.708468,instagram_data2
894,3.425957,-4.530581,instagram_data
8515,8.677207,0.38462326,instagram_data
13725,2.7954094,7.151188,instagram_data
528,6.195989,-2.9825053,instagram_data
5860,-3.4131398,6.9666395,instagram_data
21745,-3.010909,-4.0822883,instagram_data2
3533,-3.557049,-3.2027273,instagram_data
14314,-7.0339074,0.062008824,instagram_data
24260,0.8794865,11.496005,instagram_data2
16528,0.7851107,3.1955018,instagram_data
2749,-2.1343763,0.3879661,instagram_data
19202,1.6208433,-6.0974836,instagram_data
11532,12.37437,-14.848696,instagram_data
3093,-14.877052,-1.7961798,instagram_data
11261,0.44307607,-5.338533,instagram_data
2982,0.43610606,3.9970498,instagram_data
30171,0.032469064,5.4230313,instagram_data2
266,2.3728936,13.051762,instagram_data
23993,-3.7486596,3.401031,instagram_data2
1905,-9.598327,1.060463,instagram_data
9592,-5.01422,-3.997402,instagram_data
11386,-5.253484,-4.775564,instagram_data
34486,-5.7033577,-7.8298373,instagram_data2
18822,-10.729436,-0.34877512,instagram_data
9113,4.2467494,1.1770225,instagram_data
10437,5.2556014,2.380669,instagram_data
12380,8.934868,1.2606508,instagram_data
24923,-3.8480012,7.639487,instagram_data2
6890,9.970321,8.757252,instagram_data
18771,1.329796,9.770887,instagram_data
28826,12.67089,-3.9655821,instagram_data2
463,-5.1272535,3.5517697,instagram_data
32163,1.9219068,3.019744,instagram_data2
30731,9.495963,-6.0288606,instagram_data2
19264,9.001687,8.067927,instagram_data
3091,-1.1858532,4.4785776,instagram_data
14545,10.74139,1.7657351,instagram_data
25043,3.2082694,0.31619668,instagram_data2
6636,11.30232,13.898954,instagram_data
33610,2.3940685,0.16838436,instagram_data2
23936,-10.387209,-7.6399217,instagram_data2
17074,-12.993864,1.6072055,instagram_data
17166,6.4616375,-8.1102295,instagram_data
25366,5.211156,-1.1428299,instagram_data2
20935,-10.405397,-1.7537668,instagram_data2
18186,4.555427,-2.8682837,instagram_data
31632,-11.208227,-6.0728636,instagram_data2
23661,-5.0545793,-6.935145,instagram_data2
4516,-5.4017196,2.0863855,instagram_data
8658,-8.174251,-5.2246823,instagram_data
7880,0.75724846,7.366084,instagram_data
1088,-14.542383,-3.3376522,instagram_data
10075,-7.4310083,0.8805308,instagram_data
34256,0.027933463,1.8653607,instagram_data2
913,4.6407065,8.525067,instagram_data
13344,-5.4699287,-1.5141072,instagram_data
10200,-5.323827,4.2803316,instagram_data
4070,-1.1940575,4.362524,instagram_data
2224,-10.917014,-3.8180196,instagram_data
13171,6.8321,3.6101928,instagram_data
12339,-9.06093,-2.0187116,instagram_data
11932,-8.044255,0.7007615,instagram_data
673,4.897752,-2.7600513,instagram_data
12391,0.47442898,-0.48207125,instagram_data
26452,4.0015926,7.026026,instagram_data2
14152,-14.437908,-4.4398675,instagram_data
11355,16.655401,16.29181,instagram_data
19687,6.8742485,6.172758,instagram_data
16536,-8.437782,-3.2657673,instagram_data
26470,-14.553492,-3.3498387,instagram_data2
12777,2.6578279,3.360788,instagram_data
23301,-2.1465077,-0.6357993,instagram_data2
19695,0.9974684,-1.1083603,instagram_data
33294,-2.4073737,5.0139375,instagram_data2
12066,-9.977199,-5.0298123,instagram_data
19741,6.093429,-8.807975,instagram_data
1208,9.4926195,-0.090191916,instagram_data
19854,-10.6098175,4.8453894,instagram_data
2508,-7.7259135,-1.5425774,instagram_data
9809,5.9370794,-16.521606,instagram_data
27819,-3.790991,5.5609074,instagram_data2
26977,-1.5589786,-2.5730324,instagram_data2
19487,10.34886,-4.3746004,instagram_data
4874,16.458317,-0.9328187,instagram_data
4811,8.787843,8.933737,instagram_data
4957,-1.0260166,2.3106112,instagram_data
13537,1.5745547,-0.7349132,instagram_data
19093,-14.078003,0.22466286,instagram_data
18395,1.2331296,-4.3930707,instagram_data
16750,-2.498714,9.903486,instagram_data
13683,8.463964,5.789785,instagram_data
5256,-4.314278,0.6315379,instagram_data
13776,8.307019,-11.380836,instagram_data
15573,2.3942413,-14.661904,instagram_data
28063,-9.862499,-5.828092,instagram_data2
14450,-10.631137,3.2596738,instagram_data
10779,-13.490483,-0.12945887,instagram_data
34354,-5.751659,-2.6779747,instagram_data2
1881,11.924991,-11.008823,instagram_data
30866,10.027057,8.90269,instagram_data2
15136,9.219198,-14.729838,instagram_data
19639,7.0234203,-7.2840047,instagram_data
9439,8.841943,19.726768,instagram_data
32995,5.37629,-11.468714,instagram_data2
28833,5.1296005,6.7756257,instagram_data2
17550,-14.701375,-3.4583943,instagram_data
18037,-0.7226844,-1.7495178,instagram_data
22757,-7.613489,3.9676268,instagram_data2
15650,-2.7065678,-0.035206452,instagram_data
3883,10.030159,-1.0507885,instagram_data
15143,11.441366,-5.168191,instagram_data
10813,-5.1591983,-3.6887102,instagram_data
22907,-4.7225676,8.265009,instagram_data2
8812,6.0899887,1.1603378,instagram_data
796,-14.442943,-4.7747693,instagram_data
14388,12.203117,-10.118354,instagram_data
11629,-5.134748,2.4236367,instagram_data
25803,-9.839755,0.060919963,instagram_data2
27829,-5.2301135,-8.737012,instagram_data2
28146,-3.6380713,7.279157,instagram_data2
33729,-5.7050586,-0.7997409,instagram_data2
1854,7.338763,-4.6728463,instagram_data
24391,-10.200979,-4.6325965,instagram_data2
14228,6.2239647,-13.389409,instagram_data
18578,-1.0775274,-12.891393,instagram_data
15000,-6.079176,-2.7802012,instagram_data
14457,8.760375,13.927116,instagram_data
17602,-4.4853916,5.863129,instagram_data
11157,-6.5578613,-11.00998,instagram_data
33586,19.708937,-6.70776,instagram_data2
25335,-7.5202885,-4.3674073,instagram_data2
29727,-11.375048,-2.3317463,instagram_data2
853,1.519702,13.358289,instagram_data
11132,-9.88863,-3.1756198,instagram_data
10061,8.392906,-4.9632735,instagram_data
7027,-8.734696,0.0323434,instagram_data
31609,4.932799,-5.918048,instagram_data2
26019,-10.232591,5.39737,instagram_data2
1240,-0.009185706,-3.6143334,instagram_data
18740,0.45315644,8.075796,instagram_data
15567,-5.586225,2.663091,instagram_data
34206,-9.845702,-2.1427293,instagram_data2
4480,0.81177014,8.540823,instagram_data
33334,12.014954,12.14395,instagram_data2
18530,-3.1712105,0.22809704,instagram_data
14436,4.0061293,11.579708,instagram_data
3178,-13.167532,0.19021568,instagram_data
1138,7.904094,5.3166757,instagram_data
32988,1.9369301,10.34707,instagram_data2
28151,-4.190737,11.266933,instagram_data2
31452,0.69645035,4.2847776,instagram_data2
13756,-8.056574,-2.1876264,instagram_data
10772,-0.19859774,-1.712836,instagram_data
4332,-3.8916242,-0.36297774,instagram_data
34292,17.703331,-0.53673303,instagram_data2
21568,19.65065,-9.888465,instagram_data2
20260,5.116129,7.3519964,instagram_data
13739,-1.0031415,2.0668159,instagram_data
15186,3.2076595,-4.8818517,instagram_data
16106,8.1504345,8.08029,instagram_data
20174,-8.739431,-0.79729295,instagram_data
10128,-10.325049,-4.654885,instagram_data
7743,-3.2326484,8.055011,instagram_data
11607,-5.98086,-8.506798,instagram_data
349,-6.6980944,2.9402385,instagram_data
26683,19.278175,4.809841,instagram_data2
28006,2.8746696,-2.314325,instagram_data2
6074,-0.75815403,7.2219625,instagram_data
2398,-5.1931853,-4.313038,instagram_data
15068,9.851034,13.412948,instagram_data
34399,4.358465,-0.5318711,instagram_data2
25470,-10.910064,-4.7244515,instagram_data2
24959,21.670725,15.655842,instagram_data2
22610,-1.036768,10.135553,instagram_data2
22718,-10.275628,1.2966838,instagram_data2
8059,-4.1112742,-1.5389603,instagram_data
29541,-10.346049,-0.29057223,instagram_data2
26846,-11.20019,-7.125336,instagram_data2
26083,2.0432138,8.245883,instagram_data2
4290,-9.629201,-1.4456276,instagram_data
10320,-1.961665,-3.8953679,instagram_data
27922,-5.5052133,-1.6817158,instagram_data2
22633,-8.273945,2.3199131,instagram_data2
10506,-10.362396,-5.71573,instagram_data
13244,7.781217,3.0098932,instagram_data
13408,8.097943,-2.853128,instagram_data
7916,-8.146366,-0.8122734,instagram_data
24909,1.6448803,7.6880913,instagram_data2
34107,8.128677,5.337467,instagram_data2
30308,-6.471255,-3.7965071,instagram_data2
24821,-2.0794044,-0.14389852,instagram_data2
18960,-2.2248366,7.9334564,instagram_data
4211,-9.406531,-0.14278275,instagram_data
11916,-0.764779,1.3863484,instagram_data
29028,8.006826,9.498375,instagram_data2
16469,1.2859787,4.3241224,instagram_data
9201,-5.212753,-8.098929,instagram_data
16602,2.755203,5.1199827,instagram_data
15876,0.7405234,12.813802,instagram_data
21168,2.3798385,-1.1434145,instagram_data2
19915,3.909342,-0.15624455,instagram_data
31282,4.7328734,3.2380598,instagram_data2
32477,4.3583713,-3.570248,instagram_data2
20893,-4.1179934,7.571379,instagram_data2
23472,-3.0806699,0.16167763,instagram_data2
9848,-4.0352087,-2.507237,instagram_data
5459,5.401417,-5.024738,instagram_data
28992,8.865476,-12.14099,instagram_data2
29683,-11.58353,-2.837317,instagram_data2
813,5.463581,8.70664,instagram_data
9478,3.7326193,-8.414767,instagram_data
2277,4.1096725,-17.094215,instagram_data
479,4.6615295,4.056724,instagram_data
3162,10.109377,-1.4250102,instagram_data
2955,10.880914,-4.5831575,instagram_data
19875,-10.68813,3.1415246,instagram_data
23282,-5.4383707,-2.3709846,instagram_data2
10726,11.279485,13.59962,instagram_data
32554,0.023675295,8.386594,instagram_data2
6521,7.5492864,5.8276296,instagram_data
18799,-1.7415133,-7.131893,instagram_data
25892,-3.481411,0.7771456,instagram_data2
22426,-8.437335,5.9287205,instagram_data2
749,4.0384507,10.904239,instagram_data
20613,14.916573,-0.2949356,instagram_data2
12216,-7.0511427,6.2139664,instagram_data
1714,-8.577791,3.7534897,instagram_data
25125,18.186356,0.65975964,instagram_data2
10335,18.212757,6.8515754,instagram_data
22233,-9.316835,-0.6853422,instagram_data2
29322,1.8075385,1.2651793,instagram_data2
33132,-14.525913,-2.8602417,instagram_data2
15505,10.611113,-0.30083957,instagram_data
8322,-4.179998,-6.5236506,instagram_data
14294,12.4237175,-18.152643,instagram_data
25087,0.0983425,0.5574162,instagram_data2
7089,0.1727364,4.4629817,instagram_data
18343,3.5156083,8.793415,instagram_data
20543,26.94045,-18.707907,instagram_data2
27888,-5.9857697,8.557947,instagram_data2
19835,-1.9989417,-2.0420682,instagram_data
1914,1.6614558,-1.3208578,instagram_data
19274,3.382879,0.3392205,instagram_data
21445,3.3677099,-5.0267315,instagram_data2
20982,3.3223636,-6.1884065,instagram_data2
22165,-1.9241202,6.3117723,instagram_data2
11905,-8.660612,3.0400515,instagram_data
6384,10.678041,6.305782,instagram_data
11733,-12.691155,-3.7554626,instagram_data
18464,-6.9484076,-5.808795,instagram_data
16522,7.4041376,2.9004068,instagram_data
20328,-3.3869014,6.906534,instagram_data
31359,-2.6967754,-0.04762788,instagram_data2
28817,1.8182204,11.094513,instagram_data2
34452,-4.6728168,2.3752537,instagram_data2
397,-1.7637869,-0.7034478,instagram_data
19562,0.52879524,2.1115303,instagram_data
13555,4.69587,8.68793,instagram_data
444,5.1629744,1.1689886,instagram_data
90,-4.5492554,9.203914,instagram_data
7884,5.409269,7.0130453,instagram_data
8660,-11.812431,1.3779823,instagram_data
34663,-7.629668,-8.078603,instagram_data2
25617,7.2358108,0.20068564,instagram_data2
18458,-4.75431,1.921111,instagram_data
8459,4.57636,-5.425184,instagram_data
524,-2.5238092,3.2194686,instagram_data
7760,-9.964701,-0.52654827,instagram_data
29807,2.8770325,10.882019,instagram_data2
26989,-4.819953,3.025069,instagram_data2
5742,-6.7301006,-3.850422,instagram_data
13055,-4.0701995,5.9195757,instagram_data
9551,13.11662,-1.3964323,instagram_data
3974,-3.689413,-3.0220597,instagram_data
22914,-7.3528495,0.6023622,instagram_data2
31230,-8.745862,-4.7408853,instagram_data2
5763,6.6311855,3.1838467,instagram_data
3538,-10.200344,1.4203153,instagram_data
5253,-1.0155298,9.20667,instagram_data
16151,0.7781474,13.352796,instagram_data
13453,-8.001942,5.084932,instagram_data
8135,0.95201445,0.21610554,instagram_data
13061,-14.349529,-5.033714,instagram_data
22675,5.1715045,-5.810771,instagram_data2
15826,23.366972,10.502165,instagram_data
320,5.205994,-7.747407,instagram_data
9656,4.0768924,-7.568503,instagram_data
3443,-9.18727,-4.363549,instagram_data
17292,-4.177602,2.1631567,instagram_data
7011,13.433215,4.794472,instagram_data
3482,-6.902988,0.513701,instagram_data
27463,5.3582296,-5.672646,instagram_data2
19317,-1.2671499,12.970676,instagram_data
3349,-1.2477758,2.9662638,instagram_data
2491,1.2884364,-5.7468734,instagram_data
23221,-5.1613812,2.012084,instagram_data2
26149,-0.5900249,-12.810495,instagram_data2
5070,3.7498238,3.294735,instagram_data
32347,12.07754,10.792505,instagram_data2
8618,7.3965716,-1.0677398,instagram_data
31671,0.70043373,-6.197538,instagram_data2
3628,-0.8729757,-3.469268,instagram_data
26843,-0.43116927,0.50424874,instagram_data2
552,9.601539,-22.211842,instagram_data
17455,7.362054,7.18285,instagram_data
12501,-2.6872034,-1.9426783,instagram_data
2581,-7.205419,-1.4596393,instagram_data
2961,-13.811028,-1.1103736,instagram_data
33422,7.232103,10.830157,instagram_data2
8484,19.38342,-8.063891,instagram_data
33939,-6.5937943,-1.8082147,instagram_data2
7755,2.3591096,6.327909,instagram_data
24786,-2.6495264,2.503832,instagram_data2
11078,-7.460976,4.3637176,instagram_data
24481,-2.0713062,2.4163952,instagram_data2
31721,-0.62727326,-7.301587,instagram_data2
32180,2.398739,2.9849713,instagram_data2
25497,3.9892495,8.387962,instagram_data2
9755,2.7263741,-12.726479,instagram_data
33394,4.1463547,11.159219,instagram_data2
12927,4.528104,8.0311365,instagram_data
21997,-5.5738387,5.8576064,instagram_data2
32895,-3.0714269,6.488504,instagram_data2
8068,-9.207724,-9.21454,instagram_data
21419,-4.165766,1.0841343,instagram_data2
34225,2.9953077,-11.351238,instagram_data2
10436,-6.287698,-1.5697664,instagram_data
33192,9.716418,-11.788162,instagram_data2
26996,1.4243526,-8.859653,instagram_data2
31833,13.147633,-11.006027,instagram_data2
981,-3.1981854,-5.2623878,instagram_data
34560,-9.820814,-0.95141715,instagram_data2
17934,1.3051368,4.6425204,instagram_data
8170,5.999437,-2.1965656,instagram_data
23590,6.176104,-15.837255,instagram_data2
15212,-2.5235386,7.1564455,instagram_data
10914,3.469911,4.8516507,instagram_data
5654,-0.16378893,8.709268,instagram_data
7614,2.8495486,15.406456,instagram_data
23799,-11.054857,-2.3613937,instagram_data2
33749,3.4479523,5.007249,instagram_data2
19113,7.6163154,-10.541288,instagram_data
30097,4.9121675,-11.245721,instagram_data2
26070,-3.0229008,4.1143,instagram_data2
33821,5.096808,2.5143027,instagram_data2
30492,7.5054092,8.302808,instagram_data2
443,-6.5609756,9.606153,instagram_data
30781,-7.8182645,-0.19456504,instagram_data2
13164,1.5653795,-10.564547,instagram_data
24070,-4.2475924,-2.6482158,instagram_data2
29841,-7.76869,-1.7466972,instagram_data2
14093,3.8167813,-13.25122,instagram_data
6302,-5.762246,1.6475394,instagram_data
19851,14.936739,2.0880725,instagram_data
7248,-6.1720805,0.05374242,instagram_data
13763,1.926668,-0.89889044,instagram_data
11368,-7.479614,-6.3674955,instagram_data
19270,6.4829073,1.2555848,instagram_data
8507,-5.6177936,-1.9117025,instagram_data
20504,2.345513,3.503498,instagram_data
28562,-1.9519763,-6.9140596,instagram_data2
16923,-2.130928,10.897514,instagram_data
1006,9.3971195,13.131182,instagram_data
22227,6.0034604,0.25342637,instagram_data2
9353,-6.918852,-2.3885915,instagram_data
28555,-0.90039366,-8.157843,instagram_data2
23925,-3.4760833,0.3708334,instagram_data2
33531,6.2265153,0.2831638,instagram_data2
19775,1.0648776,3.034798,instagram_data
15950,-1.1420895,3.974178,instagram_data
24253,3.801578,-1.8665129,instagram_data2
18289,17.514526,-3.2031426,instagram_data
34915,-12.216915,-4.179136,instagram_data2
21949,10.588918,14.497846,instagram_data2
29611,3.232003,-6.529147,instagram_data2
13932,-4.445033,2.56298,instagram_data
19013,11.340509,1.2685103,instagram_data
30028,-12.747573,-2.3021991,instagram_data2
16821,-7.2769604,1.896401,instagram_data
3756,7.354621,15.007141,instagram_data
3474,2.750835,0.102057554,instagram_data
11218,3.0384176,-2.3674202,instagram_data
15017,-13.763791,-1.3255191,instagram_data
14392,0.24559371,3.0950394,instagram_data
4097,0.94380057,-4.3343515,instagram_data
7307,-14.999325,-1.54569,instagram_data
21060,-10.940988,-2.656684,instagram_data2
27846,-6.9024343,7.750689,instagram_data2
18579,-1.3198469,5.1447268,instagram_data
4599,3.0924816,5.0139813,instagram_data
22260,11.379756,8.0240555,instagram_data2
27170,6.799228,9.511871,instagram_data2
13892,-14.518474,0.15757306,instagram_data
32137,-7.4526043,1.7798986,instagram_data2
4418,-10.307779,-3.2590013,instagram_data
5088,-4.313457,10.43715,instagram_data
25548,-6.0082316,2.7683425,instagram_data2
2499,5.2167473,-1.9313486,instagram_data
29462,3.8460808,10.103177,instagram_data2
26725,0.6481373,3.784455,instagram_data2
2681,10.797898,3.1983306,instagram_data
7646,23.591984,-2.354129,instagram_data
11335,6.4824576,-1.6369632,instagram_data
27480,2.3308938,-0.11403755,instagram_data2
9367,2.2925,12.594591,instagram_data
8910,-10.467614,-3.1845434,instagram_data
30088,-8.62855,0.86430186,instagram_data2
22968,10.667279,7.3971934,instagram_data2
1369,-10.609719,-0.5045125,instagram_data
17809,10.762458,-5.171421,instagram_data
1645,14.032904,2.5534253,instagram_data
1131,-7.018656,3.1806865,instagram_data
30694,-5.462295,-4.542464,instagram_data2
26925,23.192076,-29.875147,instagram_data2
2249,4.9101667,-8.886994,instagram_data
8240,-4.697888,3.6493359,instagram_data
21265,-7.5299945,0.8428849,instagram_data2
16492,-9.52759,-0.08402778,instagram_data
22826,0.20813093,-0.6821668,instagram_data2
29388,9.311185,4.177385,instagram_data2
4935,6.604615,-3.5091481,instagram_data
7855,-4.027572,8.66624,instagram_data
5907,-8.569731,10.64292,instagram_data
28415,-1.7166066,1.8727818,instagram_data2
8692,-1.1122375,-4.3966556,instagram_data
23658,0.37602898,1.9341465,instagram_data2
29501,-7.4134526,-3.0347822,instagram_data2
16104,-8.492183,-12.163106,instagram_data
1099,-14.877361,-3.5630224,instagram_data
18698,7.2317142,-7.3438272,instagram_data
30126,-4.0106525,1.4090118,instagram_data2
3916,-3.373402,2.1693583,instagram_data
14814,-13.441976,-5.02606,instagram_data
5467,5.072366,7.2030463,instagram_data
32345,-7.843272,-5.0118885,instagram_data2
14293,-1.9746807,-11.647417,instagram_data
15971,8.85521,6.6000166,instagram_data
1614,10.535721,-7.609666,instagram_data
24483,4.8594327,-5.7915545,instagram_data2
22450,-9.303639,-1.837452,instagram_data2
9778,0.70017964,-8.41007,instagram_data
31620,-2.370184,-3.9355607,instagram_data2
31967,7.2061706,5.046641,instagram_data2
8733,3.3080225,2.586249,instagram_data
9285,-8.248196,3.599367,instagram_data
2664,-4.7632976,-0.1396934,instagram_data
7416,-4.4712496,-4.541934,instagram_data
16346,1.6204369,-0.27323893,instagram_data
410,1.5635574,2.8892653,instagram_data
841,-11.629838,1.2952449,instagram_data
8643,-3.889383,1.9605098,instagram_data
9647,-14.3922825,-3.3911765,instagram_data
6024,-3.656994,-3.103517,instagram_data
31858,-11.581807,-1.3072782,instagram_data2
33120,-10.838625,-1.5036305,instagram_data2
10915,-10.862048,-9.457157,instagram_data
3201,4.1527696,11.695117,instagram_data
7000,-7.670427,5.0282865,instagram_data
28798,1.5538008,-5.27926,instagram_data2
1417,9.530388,5.5869913,instagram_data
11380,3.8622108,2.0721364,instagram_data
14304,-1.3641245,3.042761,instagram_data
7692,-13.017704,-0.5688474,instagram_data
32262,1.5085945,-9.587685,instagram_data2
2073,1.7898247,4.2884912,instagram_data
9692,-8.065467,1.5158155,instagram_data
10855,-8.013434,-2.5244784,instagram_data
6715,9.444357,6.8700204,instagram_data
24122,-8.531811,0.19501851,instagram_data2
20768,6.623415,3.134599,instagram_data2
32878,-11.39679,-3.2741208,instagram_data2
23334,5.395812,0.2214023,instagram_data2
20310,-6.867074,2.3889012,instagram_data
14972,1.1530826,1.8765754,instagram_data
430,0.75522715,-0.83001244,instagram_data
4768,5.6648517,7.4448934,instagram_data
6523,-12.341273,-2.1982465,instagram_data
34911,-6.3032527,-0.11740731,instagram_data2
6575,10.249064,10.278165,instagram_data
5722,5.6366434,3.7823596,instagram_data
24883,-5.6586833,-1.6513938,instagram_data2
4735,2.4860651,0.6576631,instagram_data
312,0.9885257,-11.413348,instagram_data
25089,-10.024394,2.5336485,instagram_data2
24259,-14.951622,-3.4723108,instagram_data2
18357,0.5063639,6.8781853,instagram_data
32184,-4.037085,7.349721,instagram_data2
18786,1.7121794,-0.8098258,instagram_data
21717,-10.791728,-4.3796077,instagram_data2
1488,4.973617,-8.443715,instagram_data
7990,-2.7046318,6.1470175,instagram_data
30087,-5.3933825,-0.18349074,instagram_data2
28695,0.3532845,4.3091965,instagram_data2
1300,-0.39845705,-1.6955391,instagram_data
6348,9.90885,-10.940362,instagram_data
34251,14.125047,18.523186,instagram_data2
29333,3.087185,1.8463442,instagram_data2
28007,-4.465402,2.6933374,instagram_data2
17017,10.478765,0.68364173,instagram_data
18490,-13.481945,-2.2454274,instagram_data
8441,-4.3752756,0.40084866,instagram_data
10438,-10.485498,-0.48295176,instagram_data
2162,-9.019048,-5.568371,instagram_data
29206,8.960405,-1.360126,instagram_data2
21506,-9.166306,-8.015795,instagram_data2
18721,10.46258,0.2461259,instagram_data
7468,-4.083877,3.8029053,instagram_data
11944,8.977374,-3.7255006,instagram_data
5861,13.402697,-3.7768989,instagram_data
15072,4.886388,-2.9851942,instagram_data
8073,-2.0730407,-3.6172082,instagram_data
33556,1.965245,-3.0041618,instagram_data2
20964,-3.6875174,4.2345505,instagram_data2
391,4.256418,-3.3235505,instagram_data
2852,9.543202,-0.5416642,instagram_data
32890,-12.536526,0.13723366,instagram_data2
10379,-2.5958622,-1.3726304,instagram_data
5125,24.604061,-4.00321,instagram_data
18535,-2.9865875,7.3835697,instagram_data
27122,3.0841146,9.002918,instagram_data2
10608,-5.0944843,2.8761227,instagram_data
21235,14.756109,4.989311,instagram_data2
20909,12.082714,11.053834,instagram_data2
8337,-5.2652864,1.206971,instagram_data
11608,1.0630414,-1.6976078,instagram_data
32569,-8.332647,2.7894874,instagram_data2
8651,5.8475423,-3.219365,instagram_data
656,-10.503245,1.659737,instagram_data
14664,13.6133585,-13.878631,instagram_data
21057,3.922328,3.6231632,instagram_data2
441,1.2937417,9.975796,instagram_data
8133,-4.545056,-3.0338762,instagram_data
29042,2.104927,-8.670111,instagram_data2
28392,5.7476654,-2.620277,instagram_data2
23493,5.190304,5.2962456,instagram_data2
31126,12.340513,3.557705,instagram_data2
138,1.6762146,-9.306791,instagram_data
23487,3.4453604,4.9983964,instagram_data2
25368,7.4754806,6.22279,instagram_data2
27758,14.5367155,-5.6751246,instagram_data2
31681,3.7443714,8.3325205,instagram_data2
14870,-3.7715015,-0.5403376,instagram_data
3146,-8.495904,-1.3878511,instagram_data
24209,6.1536746,-4.974139,instagram_data2
22209,-8.767713,6.397719,instagram_data2
11114,2.491645,7.762067,instagram_data
13512,-5.503657,4.3586316,instagram_data
7890,-3.6732662,4.4022784,instagram_data
15461,5.1997724,-0.3396218,instagram_data
13543,-10.934205,2.9537518,instagram_data
8318,-3.154113,1.7060688,instagram_data
25268,-9.122739,2.0173638,instagram_data2
28932,5.301741,-5.9640036,instagram_data2
1452,0.9510188,3.1274202,instagram_data
235,5.587112,0.3783488,instagram_data
3678,7.682664,17.00262,instagram_data
18410,4.6659,8.465655,instagram_data
18178,3.3576016,-1.2395885,instagram_data
21797,-11.316321,-1.9313588,instagram_data2
31717,-0.25854474,2.6764178,instagram_data2
24462,-2.0559602,-1.4079297,instagram_data2
19420,3.821998,-6.7438774,instagram_data
1994,-4.5106587,-1.3847011,instagram_data
12842,1.6297714,8.284659,instagram_data
25556,-12.185754,-1.8555197,instagram_data2
27708,-4.4298716,-2.969622,instagram_data2
25046,1.8797357,4.7055078,instagram_data2
30516,11.108565,8.346538,instagram_data2
19781,2.6179335,-10.295291,instagram_data
34542,-11.918986,-4.147033,instagram_data2
27518,-9.071565,3.9919186,instagram_data2
7982,3.7246723,0.91409147,instagram_data
11453,0.6442054,-1.205332,instagram_data
27365,-8.134662,-8.042522,instagram_data2
13046,-4.605606,-0.098778956,instagram_data
17789,25.841946,-16.240864,instagram_data
1352,2.9553216,-12.128071,instagram_data
34573,18.960747,0.519819,instagram_data2
22501,8.127354,-1.9883446,instagram_data2
22884,-2.7558818,7.163245,instagram_data2
10619,-13.182976,-0.5641628,instagram_data
23645,3.1995788,3.0965385,instagram_data2
5102,-3.02183,-9.123161,instagram_data
7200,0.86504966,5.112999,instagram_data
29479,9.936908,-1.1652404,instagram_data2
22816,15.465632,-2.7443795,instagram_data2
2929,11.0912,-4.4653654,instagram_data
16338,-3.5841525,-1.8825915,instagram_data
25887,-7.5976295,-6.552162,instagram_data2
23169,-1.598643,7.3148866,instagram_data2
3157,4.9749746,-9.483858,instagram_data
15111,21.122068,-5.556746,instagram_data
23594,-14.020101,-1.4969642,instagram_data2
23906,6.096721,2.159501,instagram_data2
31541,-8.453336,1.1965847,instagram_data2
34903,-10.235355,-8.85837,instagram_data2
8480,-0.2312318,-3.1570914,instagram_data
8758,-4.2111034,-9.164798,instagram_data
14074,-9.976147,1.2487425,instagram_data
15716,4.789509,8.24294,instagram_data
29567,-1.7732003,2.6473815,instagram_data2
9115,4.5866504,2.6544867,instagram_data
1751,6.262973,-1.484658,instagram_data
9457,-3.0645163,9.542743,instagram_data
34000,5.7178144,6.981805,instagram_data2
24360,-12.338857,-5.4355626,instagram_data2
11666,10.576913,-6.8106565,instagram_data
21898,5.7019873,-14.336314,instagram_data2
290,8.824507,-0.34108576,instagram_data
15011,3.6901217,-5.015746,instagram_data
16334,-6.6007648,1.2343794,instagram_data
22105,6.5385623,-5.5605593,instagram_data2
7997,-11.5478735,-1.325525,instagram_data
4905,-6.7195253,-4.984014,instagram_data
34569,8.633003,-2.669489,instagram_data2
7227,-7.175813,2.8069234,instagram_data
27307,-2.3358278,0.95808685,instagram_data2
34701,-5.003652,-3.2677736,instagram_data2
25662,-3.6001918,4.2956057,instagram_data2
26849,18.151619,10.069704,instagram_data2
20098,-6.1324697,-1.7132744,instagram_data
33114,-0.8433355,-8.057946,instagram_data2
22410,2.341004,0.79055005,instagram_data2
15858,-4.1003513,4.2990417,instagram_data
23956,1.6708293,-2.7325745,instagram_data2
18427,-10.972721,-2.0531342,instagram_data
7845,6.842778,1.2966577,instagram_data
27380,-4.4858737,-1.7285894,instagram_data2
32280,21.298038,6.8221536,instagram_data2
10070,-0.7019594,4.8074546,instagram_data
27850,-9.859408,2.5850596,instagram_data2
34051,16.705069,8.705301,instagram_data2
3865,-2.7075083,-2.7819514,instagram_data
12454,-6.934763,-1.9586011,instagram_data
20635,-8.956401,1.8988836,instagram_data2
33109,-1.668449,-9.309936,instagram_data2
16695,-1.2998686,-2.872145,instagram_data
29387,16.08324,-1.2911503,instagram_data2
19022,19.918581,6.0493855,instagram_data
3497,-4.1296687,5.45766,instagram_data
10151,10.383806,4.3284354,instagram_data
14159,2.0737348,3.0819914,instagram_data
18996,0.6517966,-0.90256906,instagram_data
13183,0.3707983,8.136268,instagram_data
29711,-9.970721,-5.903343,instagram_data2
4375,-11.434664,-1.8103707,instagram_data
29737,11.863968,1.720909,instagram_data2
14966,3.4237309,2.737866,instagram_data
4156,7.8478904,-10.408395,instagram_data
12667,9.61514,15.221295,instagram_data
7435,4.1979094,10.040517,instagram_data
3670,-2.7086627,6.573164,instagram_data
9098,-7.7961173,2.7948482,instagram_data
722,10.617333,6.164885,instagram_data
29297,-1.6950414,3.2121165,instagram_data2
2570,36.251507,-12.184761,instagram_data
8328,-10.506951,-4.958169,instagram_data
25113,-0.13328484,1.7369207,instagram_data2
13259,18.0143,7.6268616,instagram_data
21477,15.538049,4.23008,instagram_data2
33517,4.7896085,6.612528,instagram_data2
16934,0.3135111,10.495401,instagram_data
19918,-10.775023,1.4492222,instagram_data
10948,0.08720426,-3.1340845,instagram_data
3788,13.722237,-5.179272,instagram_data
22169,-4.619983,7.0240192,instagram_data2
19711,-1.8788079,9.762998,instagram_data
28175,3.7350023,0.2107508,instagram_data2
3834,5.830407,-0.2900848,instagram_data
6511,-3.9137843,-1.3459007,instagram_data
33666,3.8041222,-0.4996532,instagram_data2
14434,-5.9294353,-0.9045607,instagram_data
3079,-0.9877291,4.0098863,instagram_data
5054,3.6042376,-4.898336,instagram_data
29875,7.9288483,-3.8509033,instagram_data2
17148,-10.546447,0.8399344,instagram_data
16704,3.9094605,-0.3144723,instagram_data
33453,-1.8217609,0.6721059,instagram_data2
15662,3.043256,-12.626891,instagram_data
13931,0.4010173,3.3035443,instagram_data
32889,-1.2931038,1.1248493,instagram_data2
24351,8.163211,-3.7380645,instagram_data2
12689,-1.2143238,4.320958,instagram_data
578,12.611904,3.7502046,instagram_data
13533,-13.576514,-3.412934,instagram_data
6801,-6.9850698,-0.39030984,instagram_data
4176,-7.594869,-1.1068269,instagram_data
20841,7.2102003,-4.0763154,instagram_data2
14632,-2.6735988,-2.6776621,instagram_data
6703,9.293293,0.86164004,instagram_data
3580,-11.707811,-0.4491263,instagram_data
30899,12.254967,16.32273,instagram_data2
20414,6.748518,6.2527056,instagram_data
23259,11.499398,-1.9949487,instagram_data2
34535,-6.009098,-3.8408442,instagram_data2
6252,-1.7682037,1.3287238,instagram_data
4877,-1.3115271,-2.73343,instagram_data
16850,-5.365366,2.6579297,instagram_data
2643,-0.4290098,3.0502524,instagram_data
77,-0.3062702,0.8734048,instagram_data
3427,0.6305941,-5.006233,instagram_data
6671,-9.960204,2.3588822,instagram_data
10109,-9.861521,-4.3476133,instagram_data
5174,-2.462574,-7.953479,instagram_data
28182,-2.505918,-0.56651276,instagram_data2
26141,0.3738456,-10.84755,instagram_data2
32492,8.471663,7.0427456,instagram_data2
33123,-11.719588,-2.7508,instagram_data2
689,-10.755858,-2.34193,instagram_data
4996,-10.704942,-3.0396295,instagram_data
14896,28.613281,11.541577,instagram_data
25487,9.782479,-4.4262195,instagram_data2
14785,-0.22610678,-4.022478,instagram_data
24389,-2.0309303,0.19233945,instagram_data2
2141,-6.1705365,-2.820774,instagram_data
19318,-0.78556484,4.067338,instagram_data
12121,5.91152,-15.426476,instagram_data
4285,1.7836636,-11.261297,instagram_data
6357,17.381613,-6.5078974,instagram_data
10248,-13.140452,-0.3450256,instagram_data
31669,5.725327,-1.6450878,instagram_data2
20122,9.221175,12.4352665,instagram_data
17668,-7.573953,2.117495,instagram_data
4392,13.2092905,4.738328,instagram_data
13465,-2.549477,-1.3408514,instagram_data
6482,-13.179315,0.08332052,instagram_data
12650,-8.524442,2.951515,instagram_data
31385,-2.002445,3.1704,instagram_data2
29574,-0.30123,10.532609,instagram_data2
4127,-11.001299,0.42185834,instagram_data
4606,-1.6582186,8.349259,instagram_data
8865,-3.1427865,-2.4644248,instagram_data
16707,0.5195564,11.537007,instagram_data
34831,-3.1717718,3.815646,instagram_data2
6040,-7.0702543,10.04641,instagram_data
5573,12.427528,-7.1971183,instagram_data
19667,0.35493448,-0.43834147,instagram_data
24219,-9.82216,3.5580454,instagram_data2
32865,-7.861113,-5.4221964,instagram_data2
21180,10.836946,-20.320078,instagram_data2
11746,-1.0078838,5.804914,instagram_data
28045,-8.699919,-2.4425461,instagram_data2
33106,-8.968356,4.6530027,instagram_data2
22700,-7.207708,5.4448404,instagram_data2
16503,13.996059,8.726213,instagram_data
14887,8.881504,-2.9269555,instagram_data
26408,9.16434,-8.252728,instagram_data2
9373,-14.789475,-1.4973376,instagram_data
8119,1.1002144,-4.93472,instagram_data
28172,-3.796741,4.664244,instagram_data2
21632,-10.924271,-1.5882338,instagram_data2
9526,-4.0357914,4.3176956,instagram_data
11653,-4.588792,-1.2951705,instagram_data
6578,12.043683,-1.3910431,instagram_data
20676,14.653422,6.462255,instagram_data2
9147,0.7265814,12.244237,instagram_data
32356,-2.6576457,14.307441,instagram_data2
22648,-6.8679776,1.007195,instagram_data2
10361,-3.7065654,-2.2813466,instagram_data
31322,6.9138885,0.8662739,instagram_data2
10042,-2.643428,9.684389,instagram_data
1660,10.137401,4.8380947,instagram_data
34637,4.825612,8.098846,instagram_data2
28360,-0.5135701,-6.296139,instagram_data2
14733,0.7522133,0.31495702,instagram_data
22597,-2.0273216,-2.273079,instagram_data2
3927,-5.130331,-3.009267,instagram_data
17813,7.151836,11.263448,instagram_data
12356,9.328754,-5.4464874,instagram_data
6620,21.999664,12.231466,instagram_data
7553,17.072683,2.9654047,instagram_data
13925,7.6727824,-9.106677,instagram_data
20130,-3.0769577,-4.5527964,instagram_data
11558,-12.34997,-2.2464771,instagram_data
29039,13.391249,4.0857825,instagram_data2
27985,12.428829,12.134449,instagram_data2
30418,0.809654,-11.805712,instagram_data2
4155,-6.504802,-2.714181,instagram_data
13911,-5.763434,2.9159358,instagram_data
16746,8.405274,9.407228,instagram_data
34340,-8.931294,-2.2203383,instagram_data2
20590,-9.641499,-0.32293707,instagram_data2
4386,-1.1847545,7.5550656,instagram_data
11213,-5.2897487,-14.910404,instagram_data
18229,-6.2024035,-1.6222817,instagram_data
15203,23.142616,-4.092689,instagram_data
26893,-4.9013996,-3.7078269,instagram_data2
33891,15.056896,-8.709656,instagram_data2
3306,7.9026194,1.9818469,instagram_data
30367,6.009336,-1.2531871,instagram_data2
13558,5.6633625,12.257654,instagram_data
10571,12.885402,-11.198618,instagram_data
11242,-6.905996,-10.001453,instagram_data
16103,2.316897,-2.1242929,instagram_data
28467,-5.4074225,9.623636,instagram_data2
8814,6.187018,1.1818423,instagram_data
25183,-4.527596,-4.5589395,instagram_data2
34458,-8.971318,-4.778306,instagram_data2
12639,-8.667295,3.9868586,instagram_data
32643,-7.9357295,0.1635945,instagram_data2
3299,18.267263,17.846844,instagram_data
29621,10.244689,-1.8439404,instagram_data2
20047,7.6433907,-7.028675,instagram_data
24895,11.533636,11.4943905,instagram_data2
29381,11.7876,-10.007578,instagram_data2
22198,-13.866166,-4.4452014,instagram_data2
23837,3.5320525,4.707181,instagram_data2
15948,-1.7329718,3.9635003,instagram_data
16191,-10.52463,3.5679448,instagram_data
23433,-4.8222823,-8.052486,instagram_data2
13529,10.617987,5.1840158,instagram_data
30773,6.9056373,-11.0443945,instagram_data2
31169,-7.102791,3.8430672,instagram_data2
20563,-10.556508,1.1873758,instagram_data2
28278,-6.774247,5.042579,instagram_data2
9157,7.0267496,-5.120105,instagram_data
13281,5.351043,-0.9459693,instagram_data
14565,-4.945961,1.8227421,instagram_data
10758,-2.3744059,9.968094,instagram_data
28397,-9.863227,-9.915297,instagram_data2
2997,-3.4377909,-6.578703,instagram_data
34646,-6.1814365,-4.420351,instagram_data2
32104,1.9492693,10.073902,instagram_data2
28150,-1.5819889,6.468205,instagram_data2
16998,17.324718,-3.6771998,instagram_data
23018,-12.469176,-1.8985761,instagram_data2
18827,9.329182,13.478152,instagram_data
4867,1.7795968,-10.132657,instagram_data
14836,16.096128,-1.1714971,instagram_data
10866,-4.865904,1.7412357,instagram_data
18109,19.429441,3.6805053,instagram_data
13785,-5.897828,-13.119481,instagram_data
8552,-1.2358898,3.1168458,instagram_data
12226,-11.579881,-4.0842237,instagram_data
27986,-8.419103,-1.2936699,instagram_data2
24072,-2.9979682,8.612143,instagram_data2
27259,-5.3536925,1.3008604,instagram_data2
15145,8.682472,0.038274188,instagram_data
15009,-7.373649,-2.9495707,instagram_data
16427,12.945051,4.9217052,instagram_data
8653,2.6432736,-1.9368651,instagram_data
30895,4.598946,-13.350046,instagram_data2
2593,0.3845769,-3.6315687,instagram_data
14094,22.689,-1.0952126,instagram_data
14533,10.619154,-13.131556,instagram_data
8061,-9.614222,-0.80409604,instagram_data
2208,-0.9856044,7.523388,instagram_data
13005,-8.895572,-1.7418376,instagram_data
8436,-5.244084,-3.483828,instagram_data
18686,5.4544373,-16.543695,instagram_data
24124,-9.705498,-1.9194906,instagram_data2
27320,-6.6814733,0.91115135,instagram_data2
27428,6.0902557,5.121397,instagram_data2
5947,-11.653945,2.1879535,instagram_data
12096,0.7783845,0.7010358,instagram_data
19287,-3.0673597,5.5940638,instagram_data
19646,-0.47155926,4.4114137,instagram_data
3547,-4.877458,2.7083933,instagram_data
8976,21.238123,-1.0753292,instagram_data
33391,3.267118,6.330658,instagram_data2
23781,-5.872645,0.7440668,instagram_data2
12219,-12.298543,-3.8019578,instagram_data
7713,15.746534,6.7289476,instagram_data
7454,5.654075,-0.9714485,instagram_data
31799,-10.036652,-1.8661451,instagram_data2
19382,-5.358678,-8.767221,instagram_data
20721,7.7285013,2.3874192,instagram_data2
15780,-5.8661504,0.2507639,instagram_data
28438,-12.981968,-0.5356944,instagram_data2
22813,-8.68515,-1.2535279,instagram_data2
11308,-8.462615,-2.82624,instagram_data
17163,15.244596,-16.326433,instagram_data
2128,4.847924,7.728217,instagram_data
16335,-12.040672,2.4637384,instagram_data
326,2.079491,1.7463468,instagram_data
22344,-4.09685,3.3862638,instagram_data2
4487,8.391038,-12.493851,instagram_data
4931,0.69553035,-1.0364348,instagram_data
28649,-4.8071523,-6.1624117,instagram_data2
30751,9.719815,-15.751105,instagram_data2
1338,5.8581753,-0.8830471,instagram_data
27326,13.554949,-8.089193,instagram_data2
10465,7.802717,2.0507998,instagram_data
5064,-1.3429554,-12.572676,instagram_data
27713,6.254131,-11.254105,instagram_data2
22919,-8.787161,0.082049206,instagram_data2
32376,12.246609,-14.332758,instagram_data2
11288,-12.073069,-0.8766705,instagram_data
32383,5.874187,15.155545,instagram_data2
27419,-8.116573,4.1327014,instagram_data2
14446,9.6704,-4.905474,instagram_data
22396,-4.947737,6.9925466,instagram_data2
2483,2.6380544,2.6025429,instagram_data
2871,-0.9568955,1.2078735,instagram_data
27222,-10.114119,-1.8217164,instagram_data2
23349,-11.717831,-2.8524332,instagram_data2
10944,10.48251,3.6182861,instagram_data
5230,-4.917325,3.036177,instagram_data
19517,6.35493,-4.7597575,instagram_data
16854,-6.6728444,-0.20193996,instagram_data
27275,-3.1105874,-2.2049837,instagram_data2
16147,-6.546705,6.2211275,instagram_data
30265,3.8993576,3.635161,instagram_data2
6607,4.300575,8.72501,instagram_data
26405,-7.6928105,0.08463416,instagram_data2
31200,-10.35406,-0.07329919,instagram_data2
14047,15.197815,-4.425132,instagram_data
9015,-13.355638,-0.9233361,instagram_data
24709,-1.6235818,-2.9790418,instagram_data2
20833,-7.385306,0.61330074,instagram_data2
30221,20.141111,-5.362721,instagram_data2
34528,0.3460661,5.6269083,instagram_data2
10222,-10.48993,0.3845704,instagram_data
25739,1.0936648,-13.024393,instagram_data2
3664,9.69255,10.707816,instagram_data
33188,-15.503155,-4.75478,instagram_data2
20796,0.16147718,-3.7694223,instagram_data2
32048,-1.4227033,-0.022371868,instagram_data2
30665,3.5026038,-2.7820792,instagram_data2
29359,8.000506,-4.5127444,instagram_data2
27698,-8.6873455,1.5724295,instagram_data2
30031,-11.618072,-1.3308086,instagram_data2
29148,-1.0356007,5.8935547,instagram_data2
23278,-4.552308,-4.392607,instagram_data2
16173,5.6700583,3.533886,instagram_data
28814,-3.41942,-5.264579,instagram_data2
12021,-3.7690783,-2.025164,instagram_data
10820,-10.180481,0.041860107,instagram_data
8695,-4.9667625,-0.28115636,instagram_data
31333,0.6192545,2.7720997,instagram_data2
6819,8.618207,3.8547983,instagram_data
16327,-9.313485,-5.798906,instagram_data
25247,-3.945129,-2.073343,instagram_data2
18142,5.2504716,-4.1043453,instagram_data
6307,8.0249815,4.66058,instagram_data
27135,23.318754,-10.751939,instagram_data2
32263,4.7619643,-14.301065,instagram_data2
2803,-4.0049148,2.6952047,instagram_data
14893,2.9558797,8.400631,instagram_data
12606,-1.9843549,5.524079,instagram_data
24494,-0.8015739,-3.109432,instagram_data2
8686,-0.7173416,-10.915232,instagram_data
34619,-5.591856,3.610331,instagram_data2
24913,-5.8713164,-10.636045,instagram_data2
12641,1.4343588,8.992243,instagram_data
1920,15.182531,-0.48594514,instagram_data
13668,-3.4707077,6.296035,instagram_data
24274,-10.154209,1.9196136,instagram_data2
6195,6.7088723,-5.702912,instagram_data
21248,-14.250155,-6.2091236,instagram_data2
21276,4.9597826,2.6451125,instagram_data2
6803,-0.48245114,9.949294,instagram_data
34360,15.1522,-3.1750157,instagram_data2
23541,-6.0278597,-6.7482085,instagram_data2
12758,0.51924306,8.983158,instagram_data
1145,3.3648694,-9.279505,instagram_data
2247,-5.871752,-4.027029,instagram_data
835,-3.9770777,4.120962,instagram_data
26528,-12.449626,-0.0834729,instagram_data2
19225,0.29340902,6.909934,instagram_data
19962,-0.9878249,3.1314793,instagram_data
7166,-7.809415,2.164446,instagram_data
2204,11.176901,-1.9419575,instagram_data
14939,-3.6890585,-2.744774,instagram_data
26376,-3.637201,-2.571338,instagram_data2
909,-3.7560017,0.7127562,instagram_data
5466,-2.6671073,4.4623165,instagram_data
1209,2.5045722,0.6902848,instagram_data
15220,-3.627512,4.3382983,instagram_data
25947,11.837834,-15.193173,instagram_data2
5080,-8.981137,0.5327519,instagram_data
2417,6.7662835,-2.0373304,instagram_data
5984,-13.783366,-0.35484192,instagram_data
32833,-14.455912,-2.593527,instagram_data2
11985,-5.001121,-9.888602,instagram_data
14685,-0.9936761,-12.499756,instagram_data
23340,3.1632953,0.049685962,instagram_data2
22822,2.2462337,8.894466,instagram_data2
14595,12.240781,-11.259357,instagram_data
1759,1.0062745,3.6612194,instagram_data
21335,-11.792447,-2.7013116,instagram_data2
4484,11.599891,9.864176,instagram_data
14563,0.42876175,-0.38974947,instagram_data
28675,3.7770116,0.7477783,instagram_data2
3094,-13.373271,-3.58947,instagram_data
7950,-6.885458,0.87430984,instagram_data
23120,4.0744042,-3.5697231,instagram_data2
33937,12.859876,1.6463746,instagram_data2
30770,-6.410075,3.0676823,instagram_data2
3589,-1.3828241,-1.5287127,instagram_data
26761,2.6435134,7.914673,instagram_data2
21097,16.989367,-27.527573,instagram_data2
31986,-7.895188,-0.8637235,instagram_data2
29814,4.0958943,-0.067573585,instagram_data2
18813,-3.2407641,8.9684105,instagram_data
29586,13.243327,-3.4304175,instagram_data2
9564,-10.926392,-3.9058661,instagram_data
11574,15.882792,7.1155863,instagram_data
10174,-9.138911,1.1005849,instagram_data
13921,-5.5441318,-1.1048056,instagram_data
15037,-0.17272836,4.4053173,instagram_data
6637,-9.298074,-11.278081,instagram_data
5967,-4.993445,-12.620525,instagram_data
27017,2.434905,0.83804953,instagram_data2
5663,7.0281515,7.6574454,instagram_data
12278,-4.75106,-3.3449054,instagram_data
7736,5.1994743,5.262806,instagram_data
19984,-0.75085443,3.0727441,instagram_data
11488,-11.923182,-2.5825624,instagram_data
33431,-4.122915,4.7522683,instagram_data2
20479,-4.0949564,6.4791956,instagram_data
30407,3.6193783,5.6073747,instagram_data2
8292,-12.765018,-4.917221,instagram_data
2957,-12.129388,2.1108656,instagram_data
16369,5.970161,15.441897,instagram_data
5418,-8.435627,0.67102206,instagram_data
4631,7.5242667,-6.512076,instagram_data
25681,1.3317729,-3.547521,instagram_data2
5432,0.9431483,2.0748699,instagram_data
1207,4.054599,-1.2703319,instagram_data
13831,0.37435058,-9.519683,instagram_data
5751,-2.1992974,3.0808487,instagram_data
723,13.073262,-1.4254874,instagram_data
20767,-5.4963875,9.009054,instagram_data2
31332,5.5339046,13.420616,instagram_data2
33681,1.8479705,15.055866,instagram_data2
16097,16.625217,-5.664629,instagram_data
27197,-2.556948,4.096377,instagram_data2
2763,-5.8395333,-2.2835512,instagram_data
21699,-1.7270378,4.9674554,instagram_data2
33476,8.910189,4.9756007,instagram_data2
13654,-3.2270875,-4.086132,instagram_data
20200,-3.6572428,6.735797,instagram_data
2437,-3.6717699,-3.4710827,instagram_data
3130,7.000115,-6.944978,instagram_data
11427,-6.367303,-1.9263288,instagram_data
14230,-9.074753,0.2786816,instagram_data
7324,-4.4675627,0.7711396,instagram_data
26615,0.92372143,7.436876,instagram_data2
26569,-1.0820978,-7.4190784,instagram_data2
31261,8.610747,8.711313,instagram_data2
15904,11.454708,-18.567984,instagram_data
31137,5.653968,1.671264,instagram_data2
29476,16.983515,-0.71987844,instagram_data2
14967,-4.1285906,3.252266,instagram_data
14082,-2.3882492,4.086043,instagram_data
15239,-2.8938093,6.2770724,instagram_data
14683,-2.226572,-11.914346,instagram_data
7385,19.158049,-11.533913,instagram_data
10117,-6.090991,2.749357,instagram_data
5034,17.884485,-16.137268,instagram_data
15767,8.721151,-8.532293,instagram_data
27728,-3.104801,3.3222632,instagram_data2
3683,-1.4593946,11.972877,instagram_data
21200,-4.283755,1.399961,instagram_data2
16555,8.179957,14.996714,instagram_data
18393,9.31742,-3.2362087,instagram_data
4739,9.028768,-10.513597,instagram_data
1516,17.633944,-11.949465,instagram_data
18353,10.6960535,5.8839417,instagram_data
8958,-0.77017796,-5.7921705,instagram_data
7015,11.8239355,11.74223,instagram_data
29696,-11.232491,1.2868016,instagram_data2
14444,6.4860516,-9.046419,instagram_data
13169,10.527943,4.9046755,instagram_data
32824,-12.246093,-3.8033817,instagram_data2
17538,-7.783083,0.54118896,instagram_data
6351,10.387585,-6.1340322,instagram_data
12238,-0.42135128,-3.817415,instagram_data
34153,12.465089,14.830541,instagram_data2
11273,1.8582884,7.051553,instagram_data
17331,14.187144,10.027354,instagram_data
21605,4.248069,-9.829014,instagram_data2
5049,-7.2231536,-1.6675823,instagram_data
8971,-3.9636364,-0.8089076,instagram_data
33940,28.753954,0.055970762,instagram_data2
29342,-13.026854,2.3452,instagram_data2
34446,0.9107977,5.71816,instagram_data2
20517,7.2575755,-6.0332427,instagram_data2
12415,-10.151062,4.029667,instagram_data
11215,-0.71406645,-0.7473806,instagram_data
24376,3.8939257,-6.408952,instagram_data2
15919,3.433873,-1.4347131,instagram_data
1050,0.78603387,11.850983,instagram_data
16913,14.956346,14.798333,instagram_data
27502,-10.747955,-0.49392548,instagram_data2
4750,1.19056,13.806425,instagram_data
1020,-2.859777,-2.1936522,instagram_data
30052,-8.277402,-0.22124635,instagram_data2
34445,-0.64492786,9.822975,instagram_data2
2571,9.845138,-6.961648,instagram_data
12867,0.18507944,12.16259,instagram_data
12600,-8.644241,-2.321274,instagram_data
22024,-8.517188,0.40370888,instagram_data2
27430,-4.681246,3.984145,instagram_data2
4785,-12.579719,-1.3093226,instagram_data
9381,9.551328,-3.8340845,instagram_data
6048,-3.6667483,-9.267364,instagram_data
16006,-1.2547086,1.8584971,instagram_data
34923,9.733888,-2.8735437,instagram_data2
10079,-8.893281,2.3474138,instagram_data
16206,-3.1970603,0.99819994,instagram_data
13726,15.661235,-2.7857563,instagram_data
16455,-3.1771843,5.785431,instagram_data
1680,7.2722254,-4.578331,instagram_data
34638,-7.8537626,1.7564747,instagram_data2
31376,-1.9574745,-5.4100814,instagram_data2
14961,11.852938,4.175178,instagram_data
31843,-0.036297105,1.9522785,instagram_data2
4837,-8.060158,-0.08181385,instagram_data
19705,4.597011,-9.260921,instagram_data
25643,-5.8097324,-4.2303658,instagram_data2
34342,-0.20403984,-0.8272557,instagram_data2
13521,9.999998,-6.331837,instagram_data
3471,-9.42289,1.1589017,instagram_data
1436,2.338991,-9.815999,instagram_data
25038,-11.884444,1.0749173,instagram_data2
15812,-2.1051037,-1.434125,instagram_data
17443,-10.170203,-2.3503158,instagram_data
6340,-10.305638,-2.809094,instagram_data
28589,4.9816036,9.037934,instagram_data2
4428,0.16625585,2.0258179,instagram_data
7021,-10.118043,-1.2834374,instagram_data
27330,2.4400897,-1.296473,instagram_data2
1557,9.863629,-13.827456,instagram_data
19884,-0.18789603,5.7945375,instagram_data
25437,9.697014,4.9464126,instagram_data2
20273,8.068478,0.23432733,instagram_data
23037,19.973465,-15.420018,instagram_data2
8545,2.2239199,-5.680897,instagram_data
4229,10.579362,8.56207,instagram_data
23420,2.5811923,0.6066837,instagram_data2
709,2.0418837,9.487764,instagram_data
23701,-9.503407,0.9461031,instagram_data2
2873,0.90562236,13.937581,instagram_data
6459,-9.13805,-5.0287547,instagram_data
22316,-6.2733755,1.5529481,instagram_data2
21507,10.027897,-17.148508,instagram_data2
20094,-1.5682628,-1.1704179,instagram_data
34102,-0.5473686,0.7337339,instagram_data2
12622,-7.9746656,-0.83890295,instagram_data
17187,-2.358132,0.16891906,instagram_data
31706,7.6274366,4.8038297,instagram_data2
1195,0.96796256,1.1596662,instagram_data
737,-6.2128615,7.8536415,instagram_data
14029,11.372575,2.1308384,instagram_data
32343,-8.831019,3.5566623,instagram_data2
12099,0.091834426,-1.4908694,instagram_data
31662,0.89593333,2.7418554,instagram_data2
11698,-5.3714967,1.6892443,instagram_data
19258,2.5020423,8.084564,instagram_data
23021,-4.8639855,9.975552,instagram_data2
17149,-1.5718186,4.799349,instagram_data
32269,8.049834,-16.167336,instagram_data2
7332,-12.771708,-3.814773,instagram_data
34257,-3.3784904,7.1033483,instagram_data2
25528,2.5501966,-16.405684,instagram_data2
13947,17.655954,-13.003534,instagram_data
25570,-10.000649,1.681042,instagram_data2
12778,-5.3758225,-11.621651,instagram_data
18311,-9.934563,-1.8960218,instagram_data
13839,-7.0101194,-3.5829535,instagram_data
12881,-12.696158,-2.3244934,instagram_data
31965,16.939112,-12.624527,instagram_data2
21579,-2.403753,1.4182106,instagram_data2
22763,-3.11547,0.8774945,instagram_data2
291,9.069129,-3.7595508,instagram_data
11265,-12.687789,-0.80458134,instagram_data
31603,2.124739,-5.32723,instagram_data2
14998,-1.420068,2.5500908,instagram_data
23964,-14.779983,-2.9437435,instagram_data2
19636,7.373609,11.477078,instagram_data
20828,6.795015,3.8646069,instagram_data2
21264,15.410815,7.55249,instagram_data2
33492,-4.1154118,0.69243735,instagram_data2
33252,-0.87858945,1.7582073,instagram_data2
9093,2.8883648,-7.675189,instagram_data
18598,1.8903202,17.59077,instagram_data
6427,-9.059246,1.8367399,instagram_data
11120,-5.383621,-2.646806,instagram_data
30024,0.37930325,5.9864182,instagram_data2
18317,-2.8905096,-12.499972,instagram_data
188,5.0141835,8.340534,instagram_data
22475,10.733929,-1.3801808,instagram_data2
4966,-6.695816,3.5152242,instagram_data
30373,22.050495,-25.522131,instagram_data2
9863,7.713085,3.1786747,instagram_data
34614,11.929219,-5.522713,instagram_data2
8743,-0.2591958,-2.1126556,instagram_data
34001,7.8380275,11.87056,instagram_data2
16675,3.86244,3.9810648,instagram_data
14717,-0.11878528,5.0375175,instagram_data
17879,-4.5930877,-2.9984496,instagram_data
3164,-1.7824076,0.6769997,instagram_data
6844,-6.8203363,1.8437518,instagram_data
13781,-4.3048463,-10.00226,instagram_data
27517,4.4431114,10.232182,instagram_data2
9232,-9.571202,-2.2021017,instagram_data
30484,12.876395,-20.303392,instagram_data2
11693,5.357913,-0.6713972,instagram_data
6505,-1.6175057,8.338506,instagram_data
32825,-12.502484,-2.0623507,instagram_data2
9432,-4.7040124,-5.7998176,instagram_data
26253,5.68717,1.2014678,instagram_data2
25008,3.1428342,8.109694,instagram_data2
23922,-5.1714225,4.9512243,instagram_data2
26647,7.773934,-0.7925468,instagram_data2
29967,0.3690117,-4.8547783,instagram_data2
23931,-6.741871,-5.865635,instagram_data2
10649,-3.664175,1.138401,instagram_data
23875,2.4456923,-1.926164,instagram_data2
25235,1.0444801,-3.2377346,instagram_data2
12952,-10.300935,-0.6266306,instagram_data
21218,8.764278,10.55022,instagram_data2
22474,4.169534,-1.015696,instagram_data2
19976,-5.390091,-12.537857,instagram_data
8667,-8.307717,-4.2184544,instagram_data
20894,8.784558,0.85333115,instagram_data2
15159,-1.3947115,3.2346208,instagram_data
3129,-6.0703645,-2.2526605,instagram_data
25518,14.666062,0.025447642,instagram_data2
5115,9.891786,-9.220648,instagram_data
24591,6.7266083,3.2158358,instagram_data2
6179,3.267816,-1.0390176,instagram_data
22567,-10.3473625,-3.3920197,instagram_data2
14529,1.6033281,2.380615,instagram_data
5292,-5.2936316,-3.6286523,instagram_data
5980,-13.76067,-4.232803,instagram_data
28346,-9.424069,0.71571076,instagram_data2
6220,-9.423085,5.0799007,instagram_data
21346,9.80071,-6.2731457,instagram_data2
31245,-4.073391,6.9465346,instagram_data2
8923,-0.43983498,5.006076,instagram_data
8062,8.866539,11.258307,instagram_data
27357,0.025171451,9.153164,instagram_data2
10750,-6.9135933,-0.92033094,instagram_data
8992,0.65025604,6.1929555,instagram_data
8604,0.7420529,-5.060859,instagram_data
9595,-8.851929,1.9360665,instagram_data
23683,1.5923011,-11.10238,instagram_data2
10164,-2.8949056,-7.43226,instagram_data
20943,-11.341626,-0.5282239,instagram_data2
10879,2.975408,4.167105,instagram_data
9391,-9.858089,-2.7548308,instagram_data
3366,0.4246014,-0.29753965,instagram_data
33656,10.587633,0.54833156,instagram_data2
1250,5.8360324,-0.31871298,instagram_data
17471,7.681633,8.969511,instagram_data
30973,-8.767143,-1.1214181,instagram_data2
177,-6.246697,-5.7980123,instagram_data
34016,5.5983987,7.270527,instagram_data2
8004,-5.793341,-1.2440741,instagram_data
16622,1.3611798,8.482964,instagram_data
10385,-11.897513,2.4578443,instagram_data
33541,-13.392475,-2.23115,instagram_data2
2166,-9.906354,-7.680141,instagram_data
32276,3.3180096,9.190357,instagram_data2
11166,-11.233358,-2.8947809,instagram_data
5771,-2.0559464,-4.2789416,instagram_data
34596,-2.7966712,-0.24140476,instagram_data2
4327,-0.0032239256,0.9299477,instagram_data
11909,5.891556,0.40048647,instagram_data
16348,-3.8667965,1.4145182,instagram_data
1828,2.546688,-0.07821286,instagram_data
7515,-9.097291,-2.204927,instagram_data
13,-0.3012775,11.104663,instagram_data
15166,0.08319053,-0.8794855,instagram_data
28215,-11.409445,-1.5688916,instagram_data2
34568,3.2154768,-0.04165982,instagram_data2
4309,-6.0970945,-3.8750558,instagram_data
21803,-6.440702,-6.1894407,instagram_data2
12642,2.1011233,9.091206,instagram_data
15450,-12.678581,-3.0430036,instagram_data
24935,-5.838464,6.837158,instagram_data2
2413,-5.292537,-0.96015966,instagram_data
13457,0.37473854,8.502342,instagram_data
18259,-1.287067,1.1001124,instagram_data
31131,-6.0357704,6.0593405,instagram_data2
6591,2.8649242,0.5175759,instagram_data
8540,2.480465,14.37612,instagram_data
15678,49.329304,1.848977,instagram_data
12513,-2.6627903,8.281355,instagram_data
16879,5.863932,6.3793945,instagram_data
2774,-5.5907,0.3138693,instagram_data
20165,-5.136066,-5.1921515,instagram_data
19634,7.83641,-13.278755,instagram_data
30646,8.9986,3.8814733,instagram_data2
12027,-0.57628864,7.696979,instagram_data
1412,0.5558287,0.60569245,instagram_data
4227,14.158757,-11.70462,instagram_data
78,-10.013124,-2.2403476,instagram_data
32051,7.8508663,7.6672482,instagram_data2
7748,-4.2067456,7.051546,instagram_data
31627,-2.6816785,9.16902,instagram_data2
28894,0.098160766,-10.121016,instagram_data2
14056,7.1619887,-11.14558,instagram_data
23666,-13.729415,-5.3082314,instagram_data2
27325,-2.8598638,-8.908197,instagram_data2
8834,-9.420239,1.1422244,instagram_data
27640,-12.90601,-2.7356791,instagram_data2
17911,3.4505925,4.732436,instagram_data
6471,-6.1575346,-7.4360185,instagram_data
24421,-6.7159457,-0.88636124,instagram_data2
18092,0.6857667,-3.1503265,instagram_data
17530,5.2428293,0.87811714,instagram_data
4568,-2.0858912,1.5870881,instagram_data
12516,0.93340564,-5.8345704,instagram_data
20892,15.915769,8.9714365,instagram_data2
744,-14.315964,-3.3835983,instagram_data
17594,-11.830617,-4.336419,instagram_data
1796,7.62731,2.9839056,instagram_data
2130,-10.469341,4.9256105,instagram_data
14033,4.730398,15.918352,instagram_data
12260,-2.6439397,-14.189436,instagram_data
23763,-1.1196903,1.0218524,instagram_data2
31835,0.9462047,7.0231953,instagram_data2
5766,-7.073617,-1.5704731,instagram_data
19871,-3.0818,-4.6192036,instagram_data
4342,-8.427342,-3.1070004,instagram_data
20177,-4.3394427,5.0593014,instagram_data
1666,2.0973945,-7.259933,instagram_data
3813,16.541136,-21.497335,instagram_data
1672,6.9123816,-9.382607,instagram_data
34616,3.2448845,7.067621,instagram_data2
22386,-9.453151,2.907538,instagram_data2
33832,14.226273,-1.7184148,instagram_data2
1128,-8.747655,3.9084392,instagram_data
11417,-2.16869,0.28121716,instagram_data
27856,-4.18235,0.19364877,instagram_data2
7909,1.2019697,4.8235435,instagram_data
32807,-8.5325,-0.2514741,instagram_data2
16101,-0.1893117,-9.876298,instagram_data
17057,13.639082,-2.3019001,instagram_data
26216,3.5899255,-0.6482627,instagram_data2
22503,16.195997,-4.7166424,instagram_data2
33057,-6.26568,5.0740542,instagram_data2
30870,8.10877,-8.633331,instagram_data2
2728,-7.188105,5.870151,instagram_data
21660,-1.7271432,3.8126755,instagram_data2
18762,34.955975,-10.29311,instagram_data
3833,10.336528,-6.467241,instagram_data
1083,5.5625,2.0421228,instagram_data
5673,8.65919,-1.1253847,instagram_data
6287,2.7780967,-3.337373,instagram_data
2239,-13.630477,-1.5544351,instagram_data
28053,6.462468,-4.7207794,instagram_data2
3516,0.3402063,-1.8130245,instagram_data
2250,13.569561,-7.733993,instagram_data
29127,13.7190075,-2.0488732,instagram_data2
11723,-9.116802,-1.5767457,instagram_data
21428,3.0341194,-3.1640146,instagram_data2
20510,-1.7437121,2.5546763,instagram_data
23115,-5.583422,-6.2884235,instagram_data2
17156,-6.37162,2.1250815,instagram_data
4021,0.50783014,-2.1650593,instagram_data
26578,1.2661684,2.8191395,instagram_data2
3351,-10.247255,3.7887115,instagram_data
5998,-14.12929,-1.0203998,instagram_data
911,0.07139237,-6.831856,instagram_data
421,4.2262626,17.120594,instagram_data
13894,-10.591244,0.4623004,instagram_data
1650,6.8834295,-17.636082,instagram_data
2461,-11.364747,-4.7091827,instagram_data
30115,-2.882927,9.261009,instagram_data2
10930,-1.6447178,9.408937,instagram_data
4474,4.145309,15.70017,instagram_data
19364,27.570362,-0.25027424,instagram_data
9469,-6.6155043,1.0088457,instagram_data
776,-6.0315332,5.5982137,instagram_data
7417,-13.76451,-3.7831817,instagram_data
26036,-4.4189515,-2.002489,instagram_data2
15960,10.126755,7.7456894,instagram_data
34442,25.005117,8.66846,instagram_data2
28532,-0.18378235,-1.6245699,instagram_data2
31320,18.917057,0.71055335,instagram_data2
10902,-3.6383336,-9.3175955,instagram_data
27202,10.543144,17.348135,instagram_data2
13166,1.1297879,-8.166142,instagram_data
30319,-7.857578,-5.2919683,instagram_data2
33659,-2.2209857,-5.170694,instagram_data2
9238,-4.7892175,2.76003,instagram_data
13224,4.3749013,-2.3967183,instagram_data
28856,8.598084,12.915703,instagram_data2
20834,-4.5969253,0.004108436,instagram_data2
24287,10.758943,5.3241186,instagram_data2
29093,0.4788144,8.617165,instagram_data2
3571,12.141553,12.814406,instagram_data
26515,4.7903543,13.124219,instagram_data2
7771,-1.9665064,8.12138,instagram_data
18718,9.610437,-0.617232,instagram_data
21635,-1.1231816,-0.820824,instagram_data2
4402,-3.602886,-5.1668396,instagram_data
30725,17.66996,-13.47146,instagram_data2
1254,8.747769,0.091014214,instagram_data
11958,8.168477,-10.02208,instagram_data
907,-0.7831409,4.557627,instagram_data
33152,-2.5888913,4.3365445,instagram_data2
7392,-8.251894,4.1118317,instagram_data
25289,16.413807,3.3946621,instagram_data2
27867,-11.282981,1.6838399,instagram_data2
1794,4.0279827,-0.60067606,instagram_data
17889,-4.3545113,-2.460202,instagram_data
4934,6.494671,-7.0107336,instagram_data
14175,0.015839245,7.4341483,instagram_data
23519,2.316181,17.37477,instagram_data2
16483,-3.0945673,7.148968,instagram_data
14280,2.4291687,-16.152088,instagram_data
8737,-14.958282,0.15025906,instagram_data
10417,15.439128,-2.79256,instagram_data
3154,14.465219,6.3995404,instagram_data
18800,9.078141,8.800052,instagram_data
12895,-8.153975,2.761888,instagram_data
27158,-9.271833,4.4904,instagram_data2
12748,-9.180669,-5.5283837,instagram_data
15305,22.688793,-7.753588,instagram_data
17360,-0.043217357,2.6851013,instagram_data
25687,7.342741,13.660727,instagram_data2
32729,-9.375522,2.0516372,instagram_data2
26966,5.737576,-3.6188,instagram_data2
25591,6.9402647,-9.2298355,instagram_data2
24654,11.882094,-13.093563,instagram_data2
183,3.3754537,6.13621,instagram_data
26205,2.4876666,-0.5243118,instagram_data2
14889,-3.1051307,-2.5449212,instagram_data
13266,-10.413523,-3.4415927,instagram_data
13988,39.950012,-12.866441,instagram_data
27051,-6.605432,-1.4161936,instagram_data2
7230,-2.9831045,2.7897153,instagram_data
24303,3.2284079,-3.0129707,instagram_data2
9348,1.3252596,3.9946446,instagram_data
5687,-2.566773,-3.3057349,instagram_data
29973,10.952745,-5.585878,instagram_data2
15157,-13.4186535,-2.5731387,instagram_data
28802,7.354365,14.006269,instagram_data2
12078,4.495082,7.323943,instagram_data
32662,12.659281,8.108695,instagram_data2
30066,-15.253241,0.97826,instagram_data2
678,-5.1581025,4.3999944,instagram_data
9070,3.0133648,-0.90150064,instagram_data
4089,3.653967,-6.6170177,instagram_data
8529,5.6701317,-1.2645131,instagram_data
14985,-6.8893433,4.5276513,instagram_data
1592,1.6523868,-8.371849,instagram_data
12114,-1.8568097,-7.8517294,instagram_data
13898,-6.9082947,-9.339965,instagram_data
5713,0.7377256,6.2660275,instagram_data
6769,1.3794297,-5.3179984,instagram_data
30364,-8.71087,-6.66992,instagram_data2
18671,4.1031213,4.9437814,instagram_data
3839,5.889272,-8.551681,instagram_data
23880,-0.7073421,0.96605396,instagram_data2
4986,11.337037,-3.9815168,instagram_data
25934,-5.9301567,-2.2436783,instagram_data2
33528,-7.6392965,1.8955545,instagram_data2
3466,-4.2173553,-1.5133783,instagram_data
27571,7.3969326,2.572345,instagram_data2
4220,19.33292,26.547758,instagram_data
28880,26.454618,1.2032866,instagram_data2
21162,8.356638,0.80503595,instagram_data2
4370,22.046757,-5.3612447,instagram_data
24090,-9.603148,4.588295,instagram_data2
29373,8.409505,-6.9437656,instagram_data2
16993,-8.991415,4.7523284,instagram_data
32193,21.69626,0.9105053,instagram_data2
15257,0.158877,11.88513,instagram_data
31202,-11.391402,-1.2494723,instagram_data2
23141,-3.9753044,-13.757833,instagram_data2
24464,-11.166528,-2.2774618,instagram_data2
16906,1.3223763,3.126103,instagram_data
33353,-7.765997,1.9315592,instagram_data2
14652,-4.041629,5.299899,instagram_data
5144,13.099922,12.6677685,instagram_data
32590,-3.219787,-2.1683564,instagram_data2
1929,8.825745,7.34098,instagram_data
23631,-8.854616,6.3004603,instagram_data2
3963,-5.0096807,-3.7206328,instagram_data
17784,-5.7430573,-2.7049234,instagram_data
20598,-5.99025,4.38765,instagram_data2
5611,-1.1133299,-9.280557,instagram_data
333,13.480299,10.982804,instagram_data
30277,9.628717,11.255952,instagram_data2
23138,-10.676789,2.8657513,instagram_data2
31937,0.80138797,2.037266,instagram_data2
25010,-3.0219269,1.8409585,instagram_data2
12722,-2.141127,11.134286,instagram_data
28209,-2.3227026,7.1844163,instagram_data2
3147,1.3994656,8.181493,instagram_data
25762,-3.186993,-4.423854,instagram_data2
12498,20.277458,-26.258804,instagram_data
28110,1.9090763,-1.2716175,instagram_data2
32317,3.6822307,-4.911214,instagram_data2
21570,18.347511,3.797985,instagram_data2
20306,-7.2304535,4.2761745,instagram_data
16413,3.856554,7.4198117,instagram_data
34472,-1.2133164,3.8382058,instagram_data2
2006,6.246244,-7.125165,instagram_data
16786,-7.129001,3.2628093,instagram_data
5149,14.010011,9.023384,instagram_data
18267,6.9586477,4.3752866,instagram_data
18737,18.603298,-14.749712,instagram_data
19598,-6.3855886,7.481999,instagram_data
3913,-3.9767013,0.9046537,instagram_data
2385,-0.08385156,3.964776,instagram_data
14996,7.14234,12.052525,instagram_data
16719,2.431171,-0.25365192,instagram_data
26962,-3.873362,-5.733883,instagram_data2
11767,-7.93922,-0.28096697,instagram_data
33859,3.737709,5.8511515,instagram_data2
2082,2.060024,8.082413,instagram_data
26869,-3.222018,10.031969,instagram_data2
30834,8.496414,10.98436,instagram_data2
19123,3.999193,-7.3687234,instagram_data
25185,-1.6524911,-6.49003,instagram_data2
12392,14.271433,-10.404194,instagram_data
33355,-2.6299202,0.59096146,instagram_data2
18838,-5.1713877,-3.552336,instagram_data
32236,13.31041,-15.017378,instagram_data2
29906,0.4717522,3.845409,instagram_data2
15358,1.4676219,-2.837066,instagram_data
31734,-5.1013637,5.459764,instagram_data2
22492,-6.663258,-3.4316275,instagram_data2
22659,12.32631,-2.3237712,instagram_data2
15887,-6.626661,-0.1864284,instagram_data
3565,0.0035276453,5.3690405,instagram_data
21287,-12.1537285,-0.8950748,instagram_data2
15922,-4.211853,1.6923457,instagram_data
31417,9.342983,-1.8693719,instagram_data2
31302,-12.906495,-1.5431972,instagram_data2
17617,14.667763,-3.5817542,instagram_data
12455,-7.4950595,4.51452,instagram_data
34191,-0.8338162,-6.4663363,instagram_data2
1407,-4.5707626,-4.043965,instagram_data
18804,7.990137,-2.163667,instagram_data
12067,-3.8937845,-3.4000387,instagram_data
22368,-5.1099796,5.6140275,instagram_data2
21985,-13.659498,-1.8560643,instagram_data2
20584,-4.299343,1.0885621,instagram_data2
11092,-4.502541,-6.499753,instagram_data
20175,1.5588866,-5.932341,instagram_data
27271,1.591363,5.2573595,instagram_data2
8302,-10.218944,-4.5106845,instagram_data
17774,-6.907168,2.7955806,instagram_data
4449,8.017339,10.842649,instagram_data
16511,2.5251625,0.33703318,instagram_data
29885,-1.9398972,3.773338,instagram_data2
21953,1.7132334,7.281109,instagram_data2
439,-14.847168,-1.8919779,instagram_data
5284,-2.0128853,-8.3557205,instagram_data
27536,-2.2034333,5.5883894,instagram_data2
11373,1.254723,-9.376046,instagram_data
11951,-7.95167,-5.3842716,instagram_data
24917,-1.6521682,-6.0610642,instagram_data2
22373,-4.2202034,1.9805086,instagram_data2
7288,2.9528444,6.716877,instagram_data
22435,-12.656237,-2.9699173,instagram_data2
31954,-9.940318,-8.778703,instagram_data2
5897,-8.2634535,3.8316135,instagram_data
32827,-8.071854,5.711526,instagram_data2
15687,-2.2747545,0.14099619,instagram_data
17659,-8.48335,1.3978118,instagram_data
24326,-3.9059932,1.6245327,instagram_data2
1543,14.053716,-0.90082544,instagram_data
34043,16.79352,8.439248,instagram_data2
12717,-5.11744,1.3621725,instagram_data
9805,3.3021452,0.18463998,instagram_data
26363,-8.274987,-3.8329823,instagram_data2
20001,-11.42453,-1.7756841,instagram_data
20481,-1.8921902,5.0437436,instagram_data
11492,-4.047124,2.1263852,instagram_data
9451,10.95351,-6.6503105,instagram_data
4533,14.944353,14.888543,instagram_data
25496,-5.62831,3.3394983,instagram_data2
2473,2.3256824,-5.672726,instagram_data
7940,2.8548582,-5.196823,instagram_data
7380,-6.878264,-7.738664,instagram_data
22912,3.6868877,-6.3365912,instagram_data2
31988,-10.9325905,-7.2372146,instagram_data2
10242,-7.723303,-7.1597385,instagram_data
5223,10.407537,2.6688237,instagram_data
16419,9.2262745,3.0289335,instagram_data
32460,-7.5644016,6.456477,instagram_data2
5135,21.935385,-6.641258,instagram_data
2631,8.359545,9.610094,instagram_data
476,9.288669,-4.9904017,instagram_data
28388,13.4415045,-1.3281907,instagram_data2
10194,-14.392809,-0.57243466,instagram_data
10348,-3.464335,-7.340097,instagram_data
22051,-4.6335707,11.897082,instagram_data2
13918,-0.7297332,-14.337201,instagram_data
2485,-3.7884426,1.9602811,instagram_data
2804,-1.2137022,2.1144898,instagram_data
18026,-10.104237,-0.43577927,instagram_data
26455,-5.660676,-7.0474114,instagram_data2
21164,-3.7690454,3.3813653,instagram_data2
6961,5.719059,-3.5059967,instagram_data
14204,0.049334917,-13.999136,instagram_data
17425,-5.868479,1.4766654,instagram_data
1505,24.946194,-28.701017,instagram_data
27486,-10.284331,-3.1809282,instagram_data2
15122,2.826773,12.684321,instagram_data
16737,-6.2907987,3.213004,instagram_data
15049,-7.09635,0.93144685,instagram_data
7891,-11.889568,0.9266917,instagram_data
11460,2.6798737,-2.1536536,instagram_data
30001,12.439149,-15.1861725,instagram_data2
21535,-7.4454036,-0.28216153,instagram_data2
25474,-4.1345067,-6.296629,instagram_data2
12166,-1.0553914,14.838834,instagram_data
17547,4.90375,1.0129611,instagram_data
22045,0.8056877,8.809098,instagram_data2
17772,-0.782569,5.878841,instagram_data
1884,9.339055,-2.7386985,instagram_data
5548,33.2882,-14.846324,instagram_data
8727,6.0922112,7.271324,instagram_data
15575,3.6101246,4.5033813,instagram_data
1231,9.683579,3.0556183,instagram_data
29475,-3.9631882,-2.956751,instagram_data2
26963,-12.468793,-2.7028418,instagram_data2
12395,-1.9862413,3.5892859,instagram_data
4881,-7.224816,0.9226931,instagram_data
26399,10.710669,16.221956,instagram_data2
19638,12.500784,0.667585,instagram_data
20726,-6.3125434,6.4322243,instagram_data2
22891,-7.5518217,4.2399387,instagram_data2
7541,-4.429852,6.793386,instagram_data
27628,-6.5324755,3.3079698,instagram_data2
31903,2.0039182,-10.901908,instagram_data2
21667,-11.770431,-3.0030115,instagram_data2
34544,-12.236326,-3.476444,instagram_data2
13014,-7.7718987,1.2547792,instagram_data
18765,16.203363,-0.24795721,instagram_data
7926,-1.4774044,0.62780243,instagram_data
683,13.509389,-15.618412,instagram_data
18268,-12.467247,-2.0128748,instagram_data
7542,-4.132706,5.7712164,instagram_data
8843,-0.58595955,-9.182902,instagram_data
3136,-11.453018,-2.1361465,instagram_data
34855,1.9120641,-1.7926505,instagram_data2
19746,8.646466,-7.279812,instagram_data
10230,-1.9387661,-2.30231,instagram_data
28238,-3.389091,4.3488264,instagram_data2
8192,-8.942691,1.7989869,instagram_data
21178,22.057858,0.03567401,instagram_data2
32815,-13.838899,-1.8922285,instagram_data2
3770,-0.54307234,5.3846,instagram_data
1518,17.010534,1.7932452,instagram_data
8261,8.957613,-2.001252,instagram_data
29016,0.29837006,-1.1930739,instagram_data2
21291,8.413106,-10.289755,instagram_data2
27028,-14.265309,-4.491663,instagram_data2
24127,-0.53166705,15.411229,instagram_data2
27099,-13.401703,-4.7762995,instagram_data2
16552,-9.937148,1.0673032,instagram_data
5599,7.1251593,3.765686,instagram_data
15781,-0.23783651,4.34217,instagram_data
18572,10.84593,-5.5070796,instagram_data
10285,-3.1702182,-5.056669,instagram_data
10001,-2.5062287,7.1131473,instagram_data
27190,22.15814,1.8296201,instagram_data2
24706,0.47613952,3.032441,instagram_data2
34295,13.488647,11.319819,instagram_data2
308,10.921591,-7.864368,instagram_data
23229,-11.859029,3.6283264,instagram_data2
15409,26.747778,-8.880825,instagram_data
17636,-8.913503,-3.6146958,instagram_data
9691,-5.515611,-1.9784783,instagram_data
8023,-0.703367,3.0967767,instagram_data
28747,1.1604663,-13.547983,instagram_data2
26335,1.3145511,-7.7443943,instagram_data2
25717,6.5647664,-0.61851346,instagram_data2
29204,10.026734,-10.134272,instagram_data2
26406,2.059106,-3.2668712,instagram_data2
33734,3.1272135,4.9791756,instagram_data2
19677,-3.349505,11.615959,instagram_data
18463,2.6937642,4.592363,instagram_data
8742,-13.290271,-1.1300577,instagram_data
20722,-1.1453459,-0.55628073,instagram_data2
9021,4.342741,14.807704,instagram_data
18277,-8.695651,6.541653,instagram_data
17510,-4.5885196,1.1274356,instagram_data
18315,-9.358024,-0.34851044,instagram_data
3469,-5.4809465,-0.039886303,instagram_data
18778,5.687358,-1.1152507,instagram_data
31819,-8.401355,-6.728921,instagram_data2
23815,-4.241232,3.6688528,instagram_data2
4425,-1.4157816,0.72270066,instagram_data
25388,1.5566758,-5.5995646,instagram_data2
9675,-14.1214485,-1.709835,instagram_data
19206,6.189945,5.7903123,instagram_data
20645,-12.939928,0.50478745,instagram_data2
4520,4.553123,-3.6131492,instagram_data
21040,-5.5225625,0.16558856,instagram_data2
18503,-6.5939336,0.20732208,instagram_data
29187,7.6088095,3.4755576,instagram_data2
8869,-0.04239168,-1.3209244,instagram_data
15395,11.287737,-5.2111654,instagram_data
27302,8.085651,7.2478957,instagram_data2
26423,-8.271151,4.1911583,instagram_data2
25904,-2.1648462,2.2884166,instagram_data2
4582,1.5097377,-7.6072707,instagram_data
23281,-8.042811,-5.3957376,instagram_data2
904,-2.504044,6.1320186,instagram_data
17891,5.899313,5.361606,instagram_data
27601,7.9564624,-3.2855177,instagram_data2
33614,5.4425793,-6.9529204,instagram_data2
2025,2.3825943,-8.713149,instagram_data
31823,0.09786743,3.3054092,instagram_data2
17531,7.685217,-9.032627,instagram_data
14827,9.845992,-15.162786,instagram_data
27855,-7.4699,-0.8134971,instagram_data2
4711,4.4906597,16.129757,instagram_data
3863,13.19556,-6.71251,instagram_data
9876,1.7593066,-2.7395973,instagram_data
25750,-1.9481112,-5.364409,instagram_data2
23181,-5.3424826,-2.6841943,instagram_data2
912,10.060137,1.3605435,instagram_data
17543,-11.7152815,-0.3139658,instagram_data
28080,-1.904105,3.5300775,instagram_data2
17751,-3.2892988,4.789864,instagram_data
17158,-8.489853,4.203889,instagram_data
34595,9.855895,14.619585,instagram_data2
19505,13.193416,8.364535,instagram_data
28113,-13.536843,-2.0811906,instagram_data2
32033,9.272859,8.999908,instagram_data2
3899,9.547365,12.113896,instagram_data
2812,-9.366502,-0.86446995,instagram_data
31848,0.7594208,5.3268933,instagram_data2
27936,-5.750929,4.1086035,instagram_data2
24585,13.5255165,2.445551,instagram_data2
5239,17.566044,13.793828,instagram_data
15870,4.459439,-2.2603343,instagram_data
33592,-3.2560103,-5.5050015,instagram_data2
12880,-12.168596,0.1519867,instagram_data
34303,-7.6850076,-0.1872864,instagram_data2
12609,-5.784268,2.7598681,instagram_data
16329,4.086271,-0.2314823,instagram_data
11849,2.8261104,4.7257724,instagram_data
31826,-4.7888155,-3.5858555,instagram_data2
23619,-10.382154,1.6724795,instagram_data2
26038,-0.858836,5.191688,instagram_data2
16399,-4.292545,5.3412914,instagram_data
7411,-14.924915,-0.54304546,instagram_data
7109,4.380891,-12.073249,instagram_data
10332,-3.6940043,0.98398787,instagram_data
6789,-8.355692,2.4801037,instagram_data
9320,-2.2143445,-6.6643906,instagram_data
32595,-1.8050574,-0.0052380394,instagram_data2
23632,-6.1648645,4.49929,instagram_data2
692,5.5601068,-11.397876,instagram_data
5851,-3.6118095,-8.209919,instagram_data
14586,-3.46007,-6.7980247,instagram_data
20148,1.7745826,6.21934,instagram_data
18107,-6.8966837,-6.134574,instagram_data
34518,-7.6063337,-4.450344,instagram_data2
3687,-11.486544,-1.6589117,instagram_data
5494,-12.590379,-3.3207211,instagram_data
2546,-0.51805305,6.4407697,instagram_data
5141,-1.9732393,-1.2999884,instagram_data
15688,3.7028756,9.458634,instagram_data
3962,-9.530045,3.720405,instagram_data
19135,-2.394569,-10.312819,instagram_data
9603,7.408014,-3.256424,instagram_data
18513,15.7601795,4.3768415,instagram_data
21142,-2.3753471,-1.7572018,instagram_data2
20143,10.896634,-17.48676,instagram_data
6476,3.4841347,5.920142,instagram_data
7151,10.377733,-13.700602,instagram_data
4258,-7.0696716,-9.381016,instagram_data
4119,25.339436,-6.6603904,instagram_data
23749,2.4029021,-3.5228224,instagram_data2
15557,-9.877518,3.8499658,instagram_data
27426,-6.8998475,2.2017932,instagram_data2
12295,1.6602477,-10.782732,instagram_data
11024,2.5935004,-2.5984232,instagram_data
19242,-7.8430963,-6.1582384,instagram_data
22342,-0.033676893,5.3433337,instagram_data2
32911,-11.126993,-0.3220859,instagram_data2
24382,-5.9718647,-2.6208456,instagram_data2
23043,1.571604,15.521029,instagram_data2
21448,14.929568,-2.1293247,instagram_data2
9540,19.166533,-2.467588,instagram_data
1018,-4.575229,3.2943769,instagram_data
18931,12.1687765,-8.4918,instagram_data
19977,-8.334545,4.677051,instagram_data
15613,-9.173549,-0.5287315,instagram_data
8383,3.2219458,-4.5736513,instagram_data
34439,-1.5282595,3.0837283,instagram_data2
18412,16.337713,-4.5994225,instagram_data
14816,15.826047,-4.3480344,instagram_data
17061,2.5834773,9.358813,instagram_data
21963,4.4241576,4.459179,instagram_data2
19310,-6.5076394,-7.1200294,instagram_data
27957,-9.328956,0.08700576,instagram_data2
27262,4.0898685,-3.3977742,instagram_data2
20695,-5.656334,-3.9002874,instagram_data2
1439,18.646713,-5.519201,instagram_data
14164,-3.1881213,2.70168,instagram_data
8346,-8.097456,-1.6654326,instagram_data
31928,-10.059099,-1.5400789,instagram_data2
787,-3.3951054,12.513536,instagram_data
33228,-2.1773999,2.2683084,instagram_data2
28691,12.145817,-11.072982,instagram_data2
28137,-6.902054,-3.9867957,instagram_data2
33054,-10.051588,-3.9278889,instagram_data2
22609,-4.1238985,4.41407,instagram_data2
26094,-2.510019,5.69013,instagram_data2
31918,1.1636509,-8.0117655,instagram_data2
3326,4.4657154,8.922298,instagram_data
23501,-2.165418,-5.196176,instagram_data2
7293,-13.87695,-1.5138354,instagram_data
29098,3.1637673,-3.0380912,instagram_data2
31283,1.1846242,3.8661718,instagram_data2
23401,3.3951886,-5.2311206,instagram_data2
29552,-7.811335,-2.0402403,instagram_data2
3502,-10.545338,1.8596691,instagram_data
15364,-9.75917,-3.4535105,instagram_data
34118,-3.941003,7.2395916,instagram_data2
18860,-7.9623246,-1.007198,instagram_data
21382,-4.5515223,2.2172725,instagram_data2
8999,4.5031323,-7.560516,instagram_data
20364,-2.9740653,1.347543,instagram_data
11064,-2.4815645,-4.2556453,instagram_data
31217,-3.7016177,-5.222051,instagram_data2
12533,8.296777,-6.1037836,instagram_data
9062,-10.100558,-3.0099196,instagram_data
6597,-4.790397,1.7083942,instagram_data
2510,-8.51306,-2.5194752,instagram_data
15738,3.991132,-2.4178064,instagram_data
29410,1.3710978,-2.1565278,instagram_data2
17044,2.8049824,5.879869,instagram_data
29483,5.544135,4.2439246,instagram_data2
29062,-6.196054,4.085004,instagram_data2
30226,-1.1927657,4.7926774,instagram_data2
3205,1.111158,-4.5455565,instagram_data
7689,-0.03389295,5.2575183,instagram_data
18273,-5.3321986,2.8665714,instagram_data
20679,2.930925,-0.87863904,instagram_data2
21730,-8.97897,-0.6925969,instagram_data2
11121,-0.8148031,12.069443,instagram_data
11071,-5.5184493,5.6286554,instagram_data
27373,-1.7941284,-6.888956,instagram_data2
9924,-1.9383322,7.0205207,instagram_data
29397,-3.4758236,2.886244,instagram_data2
22318,-4.8255296,10.458595,instagram_data2
12983,-0.61417705,4.7705574,instagram_data
26341,0.6007439,6.921635,instagram_data2
17232,-6.8289723,1.9363515,instagram_data
17479,-6.8168545,-5.745946,instagram_data
11459,-4.3456855,-5.09421,instagram_data
8256,-4.425487,-2.6041985,instagram_data
24237,-10.069075,-0.89528346,instagram_data2
22849,-2.7107491,8.963509,instagram_data2
15758,6.3021755,15.48684,instagram_data
5271,12.217005,-5.1982207,instagram_data
16508,15.237655,-9.901896,instagram_data
12186,6.2200413,-16.544779,instagram_data
15093,20.08627,-2.797732,instagram_data
5790,-7.476649,-2.1175938,instagram_data
3820,-6.790867,-0.109016664,instagram_data
23992,11.210055,-1.3229225,instagram_data2
15956,13.932237,-1.5957141,instagram_data
28141,6.3638887,11.1286,instagram_data2
33852,11.499727,7.3152223,instagram_data2
23164,-8.339407,-6.5097666,instagram_data2
16802,3.722748,9.079198,instagram_data
13649,-10.292932,-3.2166061,instagram_data
10460,1.8717787,-1.7700757,instagram_data
11675,2.2705798,-9.135767,instagram_data
11126,9.872866,-1.1888728,instagram_data
6721,6.0799856,6.172537,instagram_data
13944,4.7518373,-7.392013,instagram_data
9996,-7.802891,0.10653779,instagram_data
8280,2.4461834,14.315916,instagram_data
26429,-0.08913939,8.915437,instagram_data2
20109,-9.074596,-4.6224036,instagram_data
17435,-2.105464,-3.3607833,instagram_data
16364,-0.7522399,-0.67677706,instagram_data
23860,21.962692,-9.390562,instagram_data2
16911,7.4866853,-3.232545,instagram_data
22611,6.7221274,-4.220794,instagram_data2
21450,11.451512,-11.352567,instagram_data2
2487,-12.488764,-2.375393,instagram_data
25930,-14.342803,-3.3308525,instagram_data2
17110,6.258972,-0.5989537,instagram_data
27168,-5.971129,2.1782272,instagram_data2
25145,-2.1656067,-0.23531277,instagram_data2
11243,-7.0249004,-11.051401,instagram_data
2083,13.032588,3.9687414,instagram_data
12236,-9.288428,-3.702947,instagram_data
27659,5.6752524,8.746842,instagram_data2
25722,-10.158229,-5.3450236,instagram_data2
23494,18.204006,6.429023,instagram_data2
29279,-5.1109824,-1.5914342,instagram_data2
24216,7.35844,-11.795939,instagram_data2
11298,3.1526136,-3.1518607,instagram_data
16950,-8.683098,-0.3053495,instagram_data
20506,2.803481,-4.4080787,instagram_data
18803,11.790465,-2.195982,instagram_data
24521,-1.681723,-12.361236,instagram_data2
25333,-6.064058,-1.2635514,instagram_data2
33987,-5.7899165,5.5288873,instagram_data2
20168,4.3916316,2.550356,instagram_data
34627,16.75764,-8.329878,instagram_data2
13794,-7.81619,-8.329645,instagram_data
29688,-11.737308,-0.8592622,instagram_data2
13202,34.122154,-12.859987,instagram_data
19033,10.055971,-0.34461528,instagram_data
21983,-9.252037,0.39718795,instagram_data2
17293,-8.164103,-1.5588597,instagram_data
30239,-6.0029135,4.4295497,instagram_data2
20202,0.23490494,1.9002894,instagram_data
17312,5.0266953,4.378216,instagram_data
22014,-2.7362723,7.9472723,instagram_data2
20849,-3.7169785,2.8571737,instagram_data2
34480,-3.5297425,-3.6908107,instagram_data2
34545,-13.012542,-3.0281491,instagram_data2
29929,-7.1044145,1.6156967,instagram_data2
3806,9.446064,-11.375352,instagram_data
5679,5.180395,-7.614002,instagram_data
4416,7.9052677,-0.7927419,instagram_data
11297,-7.6922064,-4.4213033,instagram_data
23030,-9.637148,2.0906434,instagram_data2
3877,11.797865,16.22874,instagram_data
27342,-5.951494,2.2756941,instagram_data2
25295,-2.9837544,-0.50834423,instagram_data2
15440,-5.9223027,1.4185733,instagram_data
33304,-11.450568,3.4251082,instagram_data2
33513,3.6088626,4.3201976,instagram_data2
26223,3.489878,-0.36113697,instagram_data2
27169,-9.727432,0.78300977,instagram_data2
32397,-3.1499174,2.9887803,instagram_data2
29324,8.457439,22.316513,instagram_data2
27078,3.6020243,0.76859254,instagram_data2
24601,-3.1414013,-8.65299,instagram_data2
3012,-11.513344,2.591037,instagram_data
8124,3.9969685,-2.4439867,instagram_data
17306,-13.82614,-3.4789033,instagram_data
28890,4.1095176,11.966781,instagram_data2
4348,-11.821332,-4.8760443,instagram_data
15512,8.32231,-0.6858004,instagram_data
6115,-0.40652877,6.866506,instagram_data
33174,1.1785558,1.5146921,instagram_data2
28758,2.4878337,8.140809,instagram_data2
33215,-10.972082,0.7702772,instagram_data2
12775,1.6007552,8.609031,instagram_data
2923,-9.625176,-0.3521477,instagram_data
29076,-3.0338845,5.3248444,instagram_data2
24156,-5.9092097,8.3862095,instagram_data2
12104,-4.5221395,7.1455197,instagram_data
18320,-7.7065144,-1.3886667,instagram_data
22285,-3.218536,-2.950193,instagram_data2
23622,5.311233,-4.2635574,instagram_data2
23051,11.612754,-8.044364,instagram_data2
1253,2.137816,-2.4810603,instagram_data
12172,15.628455,13.164702,instagram_data
7457,-3.311498,11.477453,instagram_data
10744,1.3080639,8.447372,instagram_data
17591,-1.3432233,-4.4859858,instagram_data
32767,6.9123,3.1965609,instagram_data2
8104,4.004115,15.734276,instagram_data
28102,24.290518,-0.081168905,instagram_data2
29238,-3.6957192,-2.0666552,instagram_data2
34835,-7.7577686,-0.079584494,instagram_data2
26751,4.92373,-0.08367321,instagram_data2
27219,-13.224083,-3.3993144,instagram_data2
34320,5.0845146,-6.6138425,instagram_data2
27807,6.497942,5.405861,instagram_data2
11738,-1.1744312,-0.5138276,instagram_data
21492,-9.275063,-0.86582845,instagram_data2
20579,3.6355956,-3.461828,instagram_data2
27930,-12.642315,-4.317848,instagram_data2
11968,-9.557453,-1.4530534,instagram_data
31537,-9.531759,-2.9605684,instagram_data2
13801,-7.8507853,0.39721566,instagram_data
22856,-5.560435,0.30078018,instagram_data2
15696,-5.553968,3.741479,instagram_data
27448,3.7414603,-10.791545,instagram_data2
31121,-2.4878583,3.4667542,instagram_data2
11466,8.11414,-12.808762,instagram_data
24871,1.0959302,1.7787268,instagram_data2
11489,-2.3835084,-14.329332,instagram_data
30426,-2.2388568,-5.4887295,instagram_data2
8248,2.8460138,-2.4179106,instagram_data
2673,1.875447,-4.5396943,instagram_data
22766,8.144685,11.169615,instagram_data2
1775,15.409558,5.182665,instagram_data
591,2.6943872,-3.7397015,instagram_data
8007,7.272441,0.26823214,instagram_data
14414,15.188654,8.258471,instagram_data
16478,1.4973427,-6.839516,instagram_data
25030,-11.088538,-2.9051526,instagram_data2
4773,-2.0960846,-9.332602,instagram_data
7517,9.921741,8.019707,instagram_data
20366,-7.563052,-3.896312,instagram_data
10857,-8.587584,-2.4671707,instagram_data
2870,-5.6842723,-6.1073017,instagram_data
6524,0.26998922,9.868665,instagram_data
34393,21.843304,-7.3590236,instagram_data2
11130,-14.340346,-2.0593193,instagram_data
25389,-2.5021641,-8.488675,instagram_data2
9770,9.98213,-15.898464,instagram_data
12782,-7.5706596,2.9046454,instagram_data
25330,10.831489,0.36709708,instagram_data2
1230,3.2752504,2.7123773,instagram_data
7718,-8.904678,-3.9916964,instagram_data
32337,-8.50479,1.9907632,instagram_data2
1653,15.229226,-8.206467,instagram_data
32381,8.621579,-6.264474,instagram_data2
13709,-1.0729649,-1.9687303,instagram_data
31892,-12.255179,-2.5711613,instagram_data2
31247,6.5818624,-18.095444,instagram_data2
6122,-7.4146304,1.5105454,instagram_data
98,5.644205,-3.079157,instagram_data
2261,5.1321955,11.743329,instagram_data
16941,3.4957867,10.527763,instagram_data
22739,-0.870228,-7.9176774,instagram_data2
12105,-11.937056,-1.6942589,instagram_data
29992,-10.356245,-1.6934872,instagram_data2
10265,-12.939569,0.96636164,instagram_data
26343,12.8674755,12.48841,instagram_data2
28906,18.48225,-14.802102,instagram_data2
21414,6.4491086,-0.78282076,instagram_data2
1002,-0.73875034,6.413925,instagram_data
24066,-9.957263,4.9463787,instagram_data2
7963,3.9930987,-2.8400688,instagram_data
12735,-1.1708617,-3.1458156,instagram_data
5624,-1.8947012,0.63674915,instagram_data
30574,-0.47666445,-0.37344274,instagram_data2
2170,0.58450985,9.350845,instagram_data
22346,-7.9896607,5.1200705,instagram_data2
32220,4.5083256,-8.766702,instagram_data2
20498,7.210858,1.8001981,instagram_data
30390,2.592009,8.5803585,instagram_data2
31859,-2.9169745,2.0799878,instagram_data2
16357,8.53353,-15.198787,instagram_data
5215,-3.6753833,9.922257,instagram_data
33606,2.3339765,-1.3201905,instagram_data2
29968,10.658307,-13.18718,instagram_data2
25641,-2.7119653,10.58171,instagram_data2
22781,-5.459011,2.062715,instagram_data2
4559,-11.239099,-1.7845618,instagram_data
29661,14.403262,-8.525192,instagram_data2
19865,0.950598,0.026858075,instagram_data
9219,-0.5335406,-5.900389,instagram_data
5089,-0.8855214,8.263638,instagram_data
9997,4.7567205,3.8764896,instagram_data
10409,-5.6356153,-10.979775,instagram_data
30333,11.24474,-13.086564,instagram_data2
13815,10.68137,-3.5705187,instagram_data
10795,-12.000425,-4.686629,instagram_data
33346,1.7532895,-10.242565,instagram_data2
21774,16.721546,2.3233857,instagram_data2
25770,-1.5452584,0.8414687,instagram_data2
29510,-13.317513,-3.0704896,instagram_data2
25931,3.4807959,-4.116723,instagram_data2
26796,18.308086,5.949995,instagram_data2
33380,-2.1580503,0.8796103,instagram_data2
29756,16.599047,-6.3952436,instagram_data2
22506,-11.212399,-2.4836466,instagram_data2
2295,-10.544172,-1.8526251,instagram_data
10328,4.3088784,1.100752,instagram_data
2154,21.42565,8.518491,instagram_data
11053,-6.2722855,-5.9276466,instagram_data
25562,-11.165632,-3.553356,instagram_data2
24618,15.927268,-7.349851,instagram_data2
3359,-9.95261,-3.614348,instagram_data
32633,-10.094176,-2.4281063,instagram_data2
3293,-9.93631,-0.353998,instagram_data
4337,7.2305875,-0.04818332,instagram_data
33382,1.6923596,1.7270911,instagram_data2
7519,-4.741144,-1.0759354,instagram_data
27673,-10.644116,1.7510873,instagram_data2
17245,-6.1000648,-8.277038,instagram_data
34572,-6.273139,-0.3826262,instagram_data2
13452,1.0795449,-7.3846197,instagram_data
3488,-11.854569,-3.51164,instagram_data
21460,-9.754242,0.90211374,instagram_data2
22981,6.707869,13.928497,instagram_data2
32281,0.4193982,-3.4552383,instagram_data2
32931,11.281524,17.59977,instagram_data2
10733,15.038025,-14.765017,instagram_data
18443,-7.2147975,7.009454,instagram_data
29801,11.105582,-17.943962,instagram_data2
25874,3.7942448,-13.466802,instagram_data2
18189,15.948001,13.826549,instagram_data
20643,-7.246376,-6.1218185,instagram_data2
20780,-6.861315,4.035015,instagram_data2
1930,-3.080364,3.2118149,instagram_data
26023,-8.598542,-0.45219466,instagram_data2
28125,-9.7803,-5.5526853,instagram_data2
14979,6.819213,-1.1070573,instagram_data
30291,-6.1166925,-7.0657797,instagram_data2
27071,1.3258452,-4.8396497,instagram_data2
13893,-13.721244,0.39148995,instagram_data
2994,-12.763572,-0.1951466,instagram_data
17975,11.548703,-9.704379,instagram_data
22293,-5.861661,-0.22821592,instagram_data2
25427,-3.4429643,-1.7660939,instagram_data2
32160,-1.1675068,-0.06129086,instagram_data2
2121,-5.5265546,-6.954601,instagram_data
27950,-10.780028,3.818601,instagram_data2
3258,2.899955,1.4872411,instagram_data
1482,13.347162,-7.651465,instagram_data
27613,-8.58992,-0.57113147,instagram_data2
11599,-5.649851,5.000561,instagram_data
1800,14.162272,-6.4288206,instagram_data
19829,0.8582855,-3.205711,instagram_data
28636,12.640071,-0.048213437,instagram_data2
22363,-5.983977,1.037568,instagram_data2
30200,11.955345,9.897757,instagram_data2
33558,-7.811285,0.55920434,instagram_data2
4154,-1.4321305,-3.4781673,instagram_data
34804,-8.320879,7.07186,instagram_data2
9761,-0.042007446,-1.9530464,instagram_data
197,8.8879595,-7.643533,instagram_data
34366,10.666416,-11.641797,instagram_data2
5538,-2.4670844,-9.557734,instagram_data
28696,14.823345,10.058243,instagram_data2
18208,7.0945377,-9.182832,instagram_data
17924,-3.7922397,6.943111,instagram_data
8094,23.197998,-10.714487,instagram_data
3540,-3.5974913,4.395667,instagram_data
2860,-4.737313,-0.7438561,instagram_data
18303,10.464823,-5.2299085,instagram_data
8451,1.4103196,-4.7484736,instagram_data
29925,-2.7397287,-4.3015556,instagram_data2
3509,0.13648044,10.823323,instagram_data
25810,-1.302839,10.952355,instagram_data2
32324,3.7073436,11.73397,instagram_data2
6551,17.002163,12.261535,instagram_data
21553,17.956116,9.131793,instagram_data2
2343,-2.0512624,-2.6864443,instagram_data
34262,13.309606,5.695318,instagram_data2
509,-1.7328507,-3.8808053,instagram_data
27919,-8.235079,7.87127,instagram_data2
14113,0.33158588,7.758541,instagram_data
28660,18.925886,-11.799626,instagram_data2
19600,-4.370524,2.7746816,instagram_data
25075,-4.1589317,6.5799394,instagram_data2
5816,-5.5660505,-10.439717,instagram_data
28973,1.5524081,5.8419127,instagram_data2
12519,-10.137,-6.670409,instagram_data
17585,-11.273487,-2.3817048,instagram_data
29120,0.49324167,-1.3509976,instagram_data2
28176,-2.3668585,-5.191984,instagram_data2
12421,-12.6782,0.57518226,instagram_data
12913,-10.504405,0.6900362,instagram_data
25325,-5.5819926,-0.21152991,instagram_data2
9638,-5.12347,4.4768634,instagram_data
19406,-13.666039,-4.699013,instagram_data
33157,0.14935622,0.56601703,instagram_data2
5536,2.8883083,0.3779381,instagram_data
19488,-3.658028,-14.306547,instagram_data
30344,-6.9195523,-6.8546457,instagram_data2
20936,-4.233271,-6.2655,instagram_data2
17322,-2.9039001,0.9482539,instagram_data
7681,-3.260653,10.322501,instagram_data
18439,13.268196,-6.876018,instagram_data
21160,0.35930094,0.007468939,instagram_data2
12145,6.6139994,0.6552084,instagram_data
22987,2.081102,8.725656,instagram_data2
29178,1.016728,-13.200796,instagram_data2
19563,-6.9440923,2.2251973,instagram_data
20661,2.0673165,6.4008684,instagram_data2
32560,-5.1951995,-7.7410426,instagram_data2
27953,-5.0689697,1.6007959,instagram_data2
23270,-4.519624,-4.5299273,instagram_data2
22073,1.279514,8.487831,instagram_data2
11824,-4.031877,-1.6312453,instagram_data
29959,-5.834589,0.30801064,instagram_data2
20116,1.1098332,7.384629,instagram_data
8638,-0.73857194,-5.977856,instagram_data
31855,-9.209119,-1.0511653,instagram_data2
23383,-8.805099,-1.9992,instagram_data2
33356,1.908909,-7.9700036,instagram_data2
7053,-7.1116004,7.2235413,instagram_data
1519,0.09808054,-8.62808,instagram_data
4369,4.788141,-1.6201698,instagram_data
4224,-9.017759,-0.6033561,instagram_data
17753,6.2039037,1.4011098,instagram_data
9779,0.12838237,-11.481127,instagram_data
517,4.752577,18.119663,instagram_data
17589,13.326616,11.970813,instagram_data
14064,-5.7841153,7.8486614,instagram_data
24932,13.331874,2.0330024,instagram_data2
25095,26.53577,0.9454109,instagram_data2
26312,-13.045157,-1.4349188,instagram_data2
4478,-0.6780406,2.1088676,instagram_data
5337,9.517966,-9.687964,instagram_data
26870,8.229681,-1.7831576,instagram_data2
26715,9.247606,9.781177,instagram_data2
30650,1.5950298,-3.055478,instagram_data2
23751,20.138813,-5.3807325,instagram_data2
6821,3.8875215,-6.848521,instagram_data
32294,-1.414542,-1.0991373,instagram_data2
9706,-4.2158213,-1.129051,instagram_data
12376,9.997912,12.498159,instagram_data
12115,-12.404694,-6.2691407,instagram_data
6355,7.2455106,-7.5144486,instagram_data
19862,4.251959,-8.782763,instagram_data
24662,-4.2161603,-6.2186794,instagram_data2
14958,9.343374,-1.764107,instagram_data
4411,1.5921586,5.808756,instagram_data
29703,0.65184844,-5.449991,instagram_data2
33118,19.118633,9.126121,instagram_data2
6144,-13.216516,-3.3116193,instagram_data
9418,-8.147154,-7.2874765,instagram_data
14615,7.620475,11.633741,instagram_data
33324,2.5319045,4.1230893,instagram_data2
2733,10.070362,-7.450968,instagram_data
27714,8.471758,-5.676342,instagram_data2
19520,0.35909358,8.348788,instagram_data
25889,-0.1596078,-9.075527,instagram_data2
7653,-0.7626327,-0.55375624,instagram_data
27631,4.1063614,3.8989913,instagram_data2
20946,4.2998133,9.462517,instagram_data2
9002,-11.590685,1.5710082,instagram_data
12633,-11.349379,-4.152105,instagram_data
1764,2.5801537,-10.569159,instagram_data
26372,-4.224757,-2.063956,instagram_data2
21208,-7.156726,4.0337596,instagram_data2
26812,-10.550003,2.2257087,instagram_data2
4189,11.984629,2.1810856,instagram_data
13170,17.269709,-8.316468,instagram_data
5665,-3.294845,-0.4202088,instagram_data
18933,-2.175865,6.5682554,instagram_data
6096,7.4294233,15.528877,instagram_data
34860,0.32626513,-10.020453,instagram_data2
16498,5.3356333,-2.46459,instagram_data
34523,-6.605847,-2.78778,instagram_data2
3631,-9.445836,-1.9596238,instagram_data
8836,6.5405807,-5.0824556,instagram_data
17267,7.123348,3.1666117,instagram_data
22504,-9.195777,1.6076145,instagram_data2
14100,-6.439519,-1.6397713,instagram_data
3810,-8.090549,-7.124386,instagram_data
28853,6.024935,7.204012,instagram_data2
2394,-6.300512,-4.2874875,instagram_data
5068,-2.3175833,3.2794037,instagram_data
14162,-5.9163733,2.2698886,instagram_data
32759,-8.763392,0.086203426,instagram_data2
6051,-7.278434,2.477517,instagram_data
24413,3.7422562,4.894077,instagram_data2
14182,-5.7020855,5.3026567,instagram_data
8021,18.525867,15.73976,instagram_data
10223,-5.7445116,4.583447,instagram_data
21615,23.854246,-12.072357,instagram_data2
1985,-2.0770216,2.8883092,instagram_data
2736,-6.7586675,0.35853413,instagram_data
25883,15.327266,9.787086,instagram_data2
20802,-9.139401,-3.4526136,instagram_data2
24744,7.248365,-3.96432,instagram_data2
11523,3.3197029,-7.2625966,instagram_data
20464,-3.0156784,4.353339,instagram_data
29579,0.6764131,0.63703406,instagram_data2
350,3.4357548,4.6159096,instagram_data
31204,0.73078483,-7.7023525,instagram_data2
20697,-4.328088,-5.391871,instagram_data2
5523,19.36481,-8.31451,instagram_data
21611,-6.528699,-4.7133913,instagram_data2
18362,6.208813,-0.92506194,instagram_data
10501,-4.4951186,2.1827695,instagram_data
9342,-10.032253,-6.6771426,instagram_data
14919,-2.9486709,4.3445697,instagram_data
21307,1.1119635,0.66049397,instagram_data2
2315,16.398708,13.786147,instagram_data
34309,1.9018208,5.5540123,instagram_data2
20401,-4.3851895,-2.5477593,instagram_data
32694,-3.975394,1.9253405,instagram_data2
28153,-6.925233,6.5031443,instagram_data2
2827,-11.823545,2.8682127,instagram_data
14840,-15.278287,-4.8035455,instagram_data
5066,3.5232067,-1.9784117,instagram_data
7643,-0.038782004,3.840626,instagram_data
29366,7.3070107,-5.714192,instagram_data2
21132,1.6825258,-1.1035686,instagram_data2
14748,2.6040637,10.790376,instagram_data
21961,-3.1618044,5.201515,instagram_data2
31171,-3.5417738,-0.51762986,instagram_data2
9668,-2.5848958,5.9607654,instagram_data
26428,-0.046477374,1.2673808,instagram_data2
23959,-8.118661,0.56435025,instagram_data2
34474,-11.682328,-4.9465194,instagram_data2
1588,27.10826,-10.544943,instagram_data
20382,11.020508,0.48585784,instagram_data
23899,-13.983501,-3.3766093,instagram_data2
9911,24.637325,-25.69297,instagram_data
14466,21.293121,-21.55333,instagram_data
18569,5.249901,0.4946824,instagram_data
20157,4.258202,12.143031,instagram_data
16039,-1.9273536,5.3119736,instagram_data
1940,-6.922393,1.6288991,instagram_data
2248,5.560596,-5.2311683,instagram_data
18764,4.643971,3.9881601,instagram_data
14493,-13.392628,-0.81370854,instagram_data
18478,-0.19698344,-2.3549545,instagram_data
33915,3.26213,-3.1151667,instagram_data2
30698,-6.644555,-2.3983955,instagram_data2
15230,-3.028673,5.4529395,instagram_data
30257,10.424259,-8.058288,instagram_data2
9766,-9.911247,0.769539,instagram_data
2269,-6.2194247,2.3052144,instagram_data
13860,6.963718,-9.835736,instagram_data
17930,13.541096,8.543433,instagram_data
33119,-14.873061,-4.9229126,instagram_data2
16020,-0.9557621,13.47257,instagram_data
16918,11.111594,-4.002076,instagram_data
19376,-1.5077093,16.482624,instagram_data
6076,-11.256587,-2.1903872,instagram_data
13955,10.453285,-14.302023,instagram_data
1149,0.91231984,-1.5961287,instagram_data
30874,11.054175,-4.4228487,instagram_data2
22865,-4.516678,8.182062,instagram_data2
21374,2.5708764,-9.266367,instagram_data2
8166,-12.743944,-1.4616395,instagram_data
19224,3.7858298,10.737738,instagram_data
30795,-7.0380683,-5.826046,instagram_data2
318,8.323408,12.104468,instagram_data
19391,-7.204441,-5.9415355,instagram_data
19725,2.0664518,4.267905,instagram_data
9330,-1.9967986,-10.262158,instagram_data
26695,31.976793,-7.121414,instagram_data2
20637,-1.1568522,0.11912344,instagram_data2
14399,7.4227567,10.699895,instagram_data
13885,-0.7533158,-0.76407903,instagram_data
20711,-14.91729,-4.2690616,instagram_data2
34793,-7.766475,-4.8147235,instagram_data2
16521,11.995537,8.73447,instagram_data
19390,17.813166,6.222403,instagram_data
9943,-7.8133287,-2.3608394,instagram_data
2342,8.490823,-3.9048522,instagram_data
19193,-0.32819226,1.8870097,instagram_data
7016,-6.1569676,0.31667846,instagram_data
32087,6.8137918,9.753543,instagram_data2
15134,20.501574,-19.039871,instagram_data
24194,4.531026,-8.695443,instagram_data2
24946,-14.010588,-2.5431948,instagram_data2
24203,-0.2818139,0.4618265,instagram_data2
32168,-14.764119,-3.1609452,instagram_data2
10950,-6.60264,-1.2206742,instagram_data
20071,-5.0787935,7.2165303,instagram_data
12984,-6.7709885,-2.2705402,instagram_data
18369,2.5087113,6.5677342,instagram_data
23576,-4.377472,-1.4165422,instagram_data2
15810,-10.540464,-2.0647392,instagram_data
25397,-2.3804061,-3.088932,instagram_data2
24403,3.484547,-9.95915,instagram_data2
28726,-7.648632,-2.6681392,instagram_data2
7797,-5.7847075,-1.7500384,instagram_data
22854,7.186324,2.3672092,instagram_data2
20158,-7.851726,1.9121425,instagram_data
33172,-4.403978,9.461896,instagram_data2
3626,13.180227,3.2015376,instagram_data
4328,24.963749,-6.4481792,instagram_data
149,6.181151,2.8828716,instagram_data
11010,1.5953487,-6.212941,instagram_data
28676,11.540122,-5.6235247,instagram_data2
29142,-7.8869586,-0.98573077,instagram_data2
11708,-2.4616404,-0.6854958,instagram_data
16932,-6.5605903,8.069933,instagram_data
23144,5.0540814,3.7669575,instagram_data2
633,-5.0904865,0.65993935,instagram_data
27470,-0.79114956,3.524054,instagram_data2
5001,-1.5484263,-6.6260333,instagram_data
2097,-6.7876873,-4.604137,instagram_data
29706,-4.6599164,-0.7304502,instagram_data2
19215,-2.2863088,-7.0446186,instagram_data
6558,1.9558924,6.433886,instagram_data
24878,-2.2481534,15.557079,instagram_data2
5276,-5.896826,4.1245155,instagram_data
29378,-3.5663571,3.8274782,instagram_data2
33967,2.780505,7.6318135,instagram_data2
20831,0.20202374,5.511704,instagram_data2
8351,0.95570594,-2.3291721,instagram_data
25540,-0.15665668,3.7115636,instagram_data2
31524,-5.260057,7.820714,instagram_data2
31241,3.5550804,-0.85616565,instagram_data2
5904,1.9346726,17.330698,instagram_data
9073,-4.935335,-8.20604,instagram_data
3420,-0.29068196,9.636556,instagram_data
21255,-3.0350614,8.377439,instagram_data2
12299,11.8162,10.005424,instagram_data
8766,-10.984822,-3.1776068,instagram_data
31419,4.406073,-9.500348,instagram_data2
8759,-13.073129,-2.2698824,instagram_data
5046,-2.951251,-1.6367943,instagram_data
9909,3.2608125,14.218198,instagram_data
22664,2.503603,-4.723247,instagram_data2
11660,-11.104986,-0.45993602,instagram_data
11255,-8.017638,1.1125307,instagram_data
18932,1.0988463,-13.982886,instagram_data
10237,3.8505611,4.5836496,instagram_data
29424,-1.083101,-9.758558,instagram_data2
29723,7.6285105,6.220741,instagram_data2
9625,-13.412472,-0.7433414,instagram_data
22389,-6.894968,-3.9789438,instagram_data2
7749,1.3135684,9.853005,instagram_data
5955,-1.9089713,-6.6319175,instagram_data
20881,-8.305856,-4.8662868,instagram_data2
11845,-2.9178858,1.3701291,instagram_data
11185,-12.859382,-0.70367974,instagram_data
2176,-10.00558,-1.9514947,instagram_data
34384,5.743303,13.901993,instagram_data2
9736,-8.601285,2.0563414,instagram_data
30060,-10.232687,-1.3873148,instagram_data2
15384,3.4043248,-6.5865946,instagram_data
4546,0.241236,4.7759795,instagram_data
22696,-12.905244,-0.18462151,instagram_data2
25950,-6.5279417,0.7030914,instagram_data2
21031,2.498718,1.4856615,instagram_data2
23999,-6.3877625,0.85342956,instagram_data2
32871,-1.9724088,8.581721,instagram_data2
1844,10.081423,-10.738785,instagram_data
9813,-11.447963,-0.1225134,instagram_data
19552,-3.5805724,0.6729242,instagram_data
18632,9.753261,10.876438,instagram_data
1387,4.001503,-1.0355611,instagram_data
20299,-4.0980425,-1.1095324,instagram_data
14713,5.0753803,-7.7538843,instagram_data
20251,-7.274425,-5.8193426,instagram_data
498,-1.0704409,7.98912,instagram_data
18601,2.345922,-8.035154,instagram_data
22456,-3.4361527,-6.144397,instagram_data2
32552,-2.6631718,0.662446,instagram_data2
3120,5.842315,5.200864,instagram_data
35,4.5429883,1.8064508,instagram_data
25154,-4.3915415,-2.2225993,instagram_data2
12503,-1.1654752,3.0500133,instagram_data
16236,2.3624709,-4.4487333,instagram_data
20536,0.06326651,-1.0926334,instagram_data2
7407,-10.519237,-1.2160331,instagram_data
10083,-6.7932563,11.813936,instagram_data
15345,7.385501,1.113207,instagram_data
25464,-0.6900917,-0.9652456,instagram_data2
12744,9.60659,12.391406,instagram_data
28426,-8.780982,-6.3799367,instagram_data2
14000,0.0952474,4.4072504,instagram_data
11740,-7.5390773,2.5865486,instagram_data
28359,-5.6521797,-2.8396814,instagram_data2
17567,-14.297906,-2.5109053,instagram_data
27576,-5.6344595,-4.436716,instagram_data2
28493,-3.989328,-2.5002828,instagram_data2
16108,1.5177752,-14.362144,instagram_data
11620,-4.4782076,-9.672485,instagram_data
24715,24.28609,-16.1034,instagram_data2
27451,7.458857,7.36512,instagram_data2
29918,7.0348506,17.178476,instagram_data2
32330,-3.6248007,0.5037892,instagram_data2
4466,-1.10213,-5.5152035,instagram_data
6712,5.9365263,18.899422,instagram_data
4644,15.664996,13.587095,instagram_data
10376,7.905898,2.081027,instagram_data
34388,8.100313,10.270421,instagram_data2
31003,7.824281,-3.525315,instagram_data2
28883,-0.86262566,6.54134,instagram_data2
9543,4.897584,-2.359825,instagram_data
1776,14.7708845,-12.850608,instagram_data
22818,-4.715563,-6.745315,instagram_data2
15295,-13.355462,0.11886478,instagram_data
14549,7.4399147,-11.7555275,instagram_data
7289,5.433438,4.0487638,instagram_data
8455,-8.077214,-4.1581326,instagram_data
34261,10.347307,17.419003,instagram_data2
15033,-4.6875043,-1.3226037,instagram_data
21464,0.35780466,-11.08654,instagram_data2
19322,0.27486143,-7.3728876,instagram_data
20969,10.785242,7.7208605,instagram_data2
4933,22.291758,-0.48841858,instagram_data
15004,-1.1676432,-5.659534,instagram_data
6532,-3.533023,2.4148831,instagram_data
16361,2.6688294,6.3290715,instagram_data
5966,11.4741125,9.136625,instagram_data
21041,17.608665,20.09865,instagram_data2
33254,8.839469,1.5457846,instagram_data2
6926,-1.8858784,-9.975877,instagram_data
3734,-7.530676,-2.2116656,instagram_data
12097,3.880581,-6.191684,instagram_data
11088,-3.6123183,0.0917644,instagram_data
24803,-10.47615,-1.3700749,instagram_data2
15868,16.960823,-7.442593,instagram_data
2964,-5.5958123,8.307575,instagram_data
18212,1.9000964,-5.969192,instagram_data
22577,-13.420779,-0.6733438,instagram_data2
3429,-10.145435,-2.4127736,instagram_data
15407,2.28125,-2.8538306,instagram_data
20055,-7.500877,-1.8464931,instagram_data
5390,0.17538883,5.933851,instagram_data
26651,9.512918,-2.572767,instagram_data2
29553,-2.6793573,-4.7553544,instagram_data2
13565,-1.0236874,0.49626657,instagram_data
16162,-6.546705,6.2211275,instagram_data
34539,3.463579,-5.2380133,instagram_data2
1045,2.9166672,0.5764481,instagram_data
12294,-3.3138325,2.950016,instagram_data
17959,0.66882396,-2.3838964,instagram_data
29673,-11.197513,-1.2166399,instagram_data2
11564,29.770706,-6.16471,instagram_data
21234,-8.172839,-1.6565839,instagram_data2
15825,3.0630949,2.9233873,instagram_data
3823,6.659458,0.7424698,instagram_data
20757,-13.811585,-2.1888237,instagram_data2
17193,-8.488245,1.5736383,instagram_data
21551,-13.212203,-2.4223526,instagram_data2
5808,2.8337913,-3.310448,instagram_data
28805,16.007784,10.272504,instagram_data2
8648,-8.423854,-1.3086524,instagram_data
18758,0.94244576,-9.019583,instagram_data
798,-10.225605,-0.6580614,instagram_data
7724,-4.8074083,-11.602583,instagram_data
10391,-13.402342,-2.9370215,instagram_data
10555,18.448685,-22.703861,instagram_data
32722,4.662822,7.1130056,instagram_data2
31068,-2.3513296,-0.89246285,instagram_data2
8501,-4.137995,-6.894206,instagram_data
12037,8.195405,-3.5509982,instagram_data
29200,1.9556794,-5.731665,instagram_data2
15627,3.2213347,6.5979657,instagram_data
10976,4.139494,-1.6341203,instagram_data
28450,-10.121764,-3.761824,instagram_data2
8048,-8.077798,-5.305841,instagram_data
30057,0.4576752,7.86999,instagram_data2
22512,-11.54172,-2.6750007,instagram_data2
31104,-10.237591,-4.515866,instagram_data2
10611,-6.528403,-1.8590698,instagram_data
17005,23.337194,18.056595,instagram_data
25320,0.9888679,8.991463,instagram_data2
21345,-2.9041796,4.8969173,instagram_data2
13990,4.4117866,-7.695036,instagram_data
21258,7.527769,-0.89346325,instagram_data2
4861,0.1634663,3.2209086,instagram_data
27831,-6.327162,4.8401537,instagram_data2
29896,-9.652791,-3.3419933,instagram_data2
34499,-9.814642,-5.9978485,instagram_data2
30986,-2.579318,5.271028,instagram_data2
8837,-4.7810483,7.123576,instagram_data
30012,4.3509088,2.5444295,instagram_data2
1040,3.579499,-1.1891483,instagram_data
12434,-12.642992,0.25454104,instagram_data
31703,-3.0033238,0.5711526,instagram_data2
11898,-4.9268656,5.016464,instagram_data
13423,-10.033559,-3.2934084,instagram_data
10,-5.176109,3.0649312,instagram_data
3008,-8.6847725,2.532495,instagram_data
880,10.655401,-6.381038,instagram_data
25788,-0.47950128,13.165107,instagram_data2
33928,6.5680265,-8.071595,instagram_data2
22380,6.446438,12.131396,instagram_data2
19467,-8.976829,-0.5489295,instagram_data
17854,0.8923372,0.7621329,instagram_data
15319,-7.400623,7.427088,instagram_data
3287,-3.770719,-8.382342,instagram_data
7120,8.4121275,-11.2907505,instagram_data
31298,12.311895,-7.804531,instagram_data2
4358,0.9194349,2.5020661,instagram_data
1934,22.315401,-13.4603195,instagram_data
23202,-12.5582075,-1.8409462,instagram_data2
31008,-5.995465,-2.9803455,instagram_data2
7058,-2.205125,-8.081374,instagram_data
26721,5.747989,-6.54094,instagram_data2
32094,18.605045,8.79075,instagram_data2
20534,1.4667188,-7.3282228,instagram_data2
2138,0.7958218,-2.8518639,instagram_data
21931,-1.5346231,-4.431054,instagram_data2
21497,-9.390599,1.6433938,instagram_data2
12630,8.462645,15.276012,instagram_data
3284,15.792102,10.852084,instagram_data
22824,-3.6779575,5.3543577,instagram_data2
17619,9.039523,-16.946075,instagram_data
31743,-2.374953,-2.5483727,instagram_data2
4806,-2.1453567,-8.742852,instagram_data
15749,-8.906751,3.0786946,instagram_data
27063,-2.7629585,-3.8587923,instagram_data2
4875,-4.9690576,1.1020064,instagram_data
27528,-4.459921,3.65702,instagram_data2
10869,10.419664,-8.957884,instagram_data
34556,-7.061436,4.522598,instagram_data2
10023,-8.125771,5.5479455,instagram_data
25157,-11.608943,-1.3951308,instagram_data2
25554,-10.986036,-5.755646,instagram_data2
3611,1.9765874,-5.9044757,instagram_data
1406,-7.4499264,-2.8305013,instagram_data
3763,-8.646879,5.7172985,instagram_data
21478,-4.4055543,-9.5643,instagram_data2
23304,-1.1491251,0.562965,instagram_data2
21796,-3.9913745,1.722619,instagram_data2
2160,21.34365,22.156624,instagram_data
4551,-4.1565027,-6.4256024,instagram_data
6527,1.7939844,14.06638,instagram_data
14731,2.6384296,-12.603484,instagram_data
21969,-10.5967245,-1.1542177,instagram_data2
634,-6.342515,-2.6102884,instagram_data
6062,-9.198122,-2.5063288,instagram_data
6008,-9.506575,0.2072574,instagram_data
18041,-12.298124,-3.435483,instagram_data
20951,-4.328198,-4.9366565,instagram_data2
31692,-9.343664,0.025060399,instagram_data2
32565,-1.2260793,8.864309,instagram_data2
5938,-2.6512094,-4.0076804,instagram_data
30435,17.558578,-9.575109,instagram_data2
25430,-2.0017135,3.3745272,instagram_data2
17474,-2.0046837,-5.6344314,instagram_data
19544,-6.6463523,2.5332263,instagram_data
1330,-1.875303,-3.569141,instagram_data
199,12.599112,-11.246431,instagram_data
2177,-10.210972,-3.1436112,instagram_data
15162,12.625444,-16.513565,instagram_data
22589,2.891777,-0.5793236,instagram_data2
18287,-7.9725757,-2.609772,instagram_data
25034,-11.2189665,1.1455537,instagram_data2
11980,8.296292,12.20898,instagram_data
13714,0.9508094,3.4109657,instagram_data
28133,-7.0367785,-4.788158,instagram_data2
8267,12.622824,-14.938687,instagram_data
9207,-6.0900087,-1.3132567,instagram_data
16195,14.310435,-13.40085,instagram_data
32693,14.606052,7.630237,instagram_data2
9612,13.012578,2.0847254,instagram_data
25146,-1.2515097,-6.594405,instagram_data2
64,-10.603418,2.932577,instagram_data
27869,-11.098779,3.2810605,instagram_data2
5442,26.783463,-0.20905614,instagram_data
27638,-1.6950545,3.8818932,instagram_data2
12818,7.007498,15.349989,instagram_data
4397,-5.114028,6.2359514,instagram_data
34508,9.376067,1.9258374,instagram_data2
5295,5.8201013,14.152899,instagram_data
25901,1.1340361,3.8668334,instagram_data2
32140,0.21271096,4.3819118,instagram_data2
1568,0.27382827,-14.543379,instagram_data
6952,-10.658066,-1.7167345,instagram_data
16247,3.9677553,1.169293,instagram_data
28263,-9.0871,-2.0325937,instagram_data2
17256,4.7606544,2.8284414,instagram_data
3127,-0.23973717,2.3197083,instagram_data
9066,10.195882,9.739808,instagram_data
24918,-3.4570603,-5.1369367,instagram_data2
12514,4.5736437,-16.368193,instagram_data
14540,2.159948,3.5360796,instagram_data
34186,-5.9107046,5.7387395,instagram_data2
22413,0.00043560096,7.5432525,instagram_data2
27627,10.778065,3.771321,instagram_data2
15086,9.934531,-18.902327,instagram_data
388,-1.6972222,-7.6541452,instagram_data
12171,12.430862,1.2564985,instagram_data
834,-1.5891582,9.097367,instagram_data
20474,-0.14891936,7.6961145,instagram_data
4998,-9.434243,1.1476355,instagram_data
31610,-7.8637,-3.5648894,instagram_data2
22020,-1.3082052,-3.0982068,instagram_data2
27849,-11.038953,1.8692663,instagram_data2
10098,-7.5933394,-4.253003,instagram_data
32391,5.5081577,0.546546,instagram_data2
31475,5.786903,17.150116,instagram_data2
22012,-4.556546,-4.1106687,instagram_data2
4519,-9.351749,5.7926226,instagram_data
31775,1.5441475,6.9282303,instagram_data2
31436,-1.254403,-4.4354568,instagram_data2
207,6.0259943,14.368691,instagram_data
959,12.615102,-13.984529,instagram_data
26768,3.2136781,-10.098045,instagram_data2
26037,3.0728486,7.756629,instagram_data2
16681,0.6261356,-7.333945,instagram_data
34065,-4.9820356,-5.2714405,instagram_data2
34785,10.544086,3.4568558,instagram_data2
33500,-4.1748857,11.210228,instagram_data2
12046,4.4285903,-7.8211126,instagram_data
1509,1.9772818,-5.286918,instagram_data
5036,5.5976605,7.1725206,instagram_data
15546,-7.410551,-3.589639,instagram_data
32725,-0.7037349,3.5179772,instagram_data2
4340,-1.761584,-3.6867962,instagram_data
34203,-3.9033382,-1.5167208,instagram_data2
11389,-8.330984,1.7027868,instagram_data
15975,11.590249,12.146238,instagram_data
10207,-1.3467182,7.1233797,instagram_data
24799,1.5552411,-7.811808,instagram_data2
23891,-4.556711,4.9834833,instagram_data2
6435,-9.339745,2.1933033,instagram_data
20240,2.730807,5.650978,instagram_data
11294,-5.757564,7.4146256,instagram_data
23437,19.200994,-1.1902858,instagram_data2
26419,-3.2841368,6.8157053,instagram_data2
3738,0.4774376,15.383993,instagram_data
9128,-2.6316073,8.98939,instagram_data
30621,13.773916,6.2754917,instagram_data2
27903,-7.0707693,-2.8591099,instagram_data2
17137,-1.4786286,16.47275,instagram_data
7725,-5.95585,-0.5601247,instagram_data
25781,16.772167,4.723158,instagram_data2
5574,15.236067,-5.8276095,instagram_data
5446,-4.0038943,-9.130799,instagram_data
12098,0.090303056,3.9972737,instagram_data
17266,-8.050793,-1.9655405,instagram_data
24881,11.786294,-13.342965,instagram_data2
13390,-4.581335,3.6675463,instagram_data
18858,1.0260167,9.931942,instagram_data
4132,-2.161927,5.1131096,instagram_data
4999,-6.9275045,6.457861,instagram_data
25114,5.0730486,0.28607613,instagram_data2
13109,4.1869345,3.8502097,instagram_data
21318,1.3005022,-4.471078,instagram_data2
6865,-1.2580584,12.585009,instagram_data
8828,-11.360952,0.7372004,instagram_data
23266,-4.3119955,-1.217598,instagram_data2
17634,-5.8266897,-1.6503646,instagram_data
1393,-2.305183,-2.5368624,instagram_data
3276,-4.6770835,3.5300071,instagram_data
23475,6.9145074,0.4712429,instagram_data2
12764,10.140102,-1.3874487,instagram_data
11116,-5.256887,-2.485651,instagram_data
10235,15.008425,16.308344,instagram_data
10655,-11.647768,-0.8834767,instagram_data
10550,-5.6855283,2.8287063,instagram_data
14051,22.791252,-19.734877,instagram_data
21063,6.1068134,-7.8203893,instagram_data2
14806,11.263872,-14.904435,instagram_data
4067,-0.00076748955,2.8743575,instagram_data
15830,-3.885292,1.4905694,instagram_data
200,6.443723,-18.504934,instagram_data
33402,-11.036332,0.077747054,instagram_data2
28194,-11.902087,-4.7445292,instagram_data2
13236,15.700258,8.452728,instagram_data
14954,1.4765974,-7.625797,instagram_data
19185,1.1941537,-4.0782013,instagram_data
7265,10.94654,18.775955,instagram_data
34214,17.774042,-10.356,instagram_data2
9868,-7.638989,2.6384668,instagram_data
15555,9.191067,-1.0321292,instagram_data
13760,-0.6188924,-8.497443,instagram_data
6514,-8.104129,-1.4280034,instagram_data
6766,4.8681374,6.8826666,instagram_data
2937,-3.9651046,0.08358162,instagram_data
22601,2.0125422,5.485916,instagram_data2
26610,6.3424907,-5.1766987,instagram_data2
1893,15.506638,2.8009465,instagram_data
8128,14.037159,-16.7225,instagram_data
9288,1.7231264,-1.8064035,instagram_data
6454,-2.782624,2.249331,instagram_data
32563,0.16063827,8.338155,instagram_data2
26762,3.439081,5.4755807,instagram_data2
30823,-1.2819333,-4.9716167,instagram_data2
23801,-12.378028,-3.7984984,instagram_data2
27596,16.438707,-8.530693,instagram_data2
7486,-5.8811245,2.5390537,instagram_data
6894,-1.376295,3.3362772,instagram_data
28325,7.8849883,-1.1820058,instagram_data2
34334,-3.1572282,-4.196682,instagram_data2
7394,-7.3150444,-3.1580684,instagram_data
5525,-0.7326648,-4.3486695,instagram_data
24657,-0.18269964,-3.109543,instagram_data2
25149,-3.6721132,-4.449358,instagram_data2
8735,-12.592935,-0.5936239,instagram_data
10166,-13.180106,0.32282698,instagram_data
23300,-4.0249853,1.8045468,instagram_data2
17805,-3.3945994,-2.9959955,instagram_data
22222,7.5574064,7.151163,instagram_data2
2331,3.2846131,6.0331545,instagram_data
20416,10.978565,-15.438398,instagram_data
20226,2.3753262,-10.880688,instagram_data
1032,1.8914047,5.2181716,instagram_data
28138,-4.191701,-0.85292304,instagram_data2
34081,19.815577,8.667802,instagram_data2
16754,5.2962794,-2.7385287,instagram_data
4968,-13.708396,-1.3598882,instagram_data
20377,-11.723107,-2.417959,instagram_data
10792,-6.578212,0.0228297,instagram_data
801,1.2051058,12.897171,instagram_data
28316,-4.4781756,4.121934,instagram_data2
1494,9.691599,-2.4203944,instagram_data
26807,-0.0023910452,1.3665625,instagram_data2
13297,23.57874,1.1657234,instagram_data
14629,-0.31956723,0.108435005,instagram_data
8107,10.111114,-16.646997,instagram_data
32547,-10.393712,-2.8876126,instagram_data2
14609,-10.896968,-0.6895578,instagram_data
30247,7.5675306,-3.8294518,instagram_data2
16462,-3.3865638,1.1161903,instagram_data
30785,12.960675,2.8244474,instagram_data2
27216,1.7377454,-7.225096,instagram_data2
4862,5.3385687,7.731488,instagram_data
29009,-0.35230494,3.8849778,instagram_data2
2642,-0.7715885,2.8253565,instagram_data
1066,-1.6375921,-10.168925,instagram_data
22048,3.5185883,0.8218392,instagram_data2
14210,6.1901407,1.977366,instagram_data
28018,3.7044768,-3.5090706,instagram_data2
9827,-9.160623,-1.5506517,instagram_data
12442,-4.3149457,10.811104,instagram_data
22292,-2.5961552,-2.6640608,instagram_data2
14254,1.9289638,-7.1713057,instagram_data
11212,-4.793931,-6.4077773,instagram_data
20378,8.029115,-5.725864,instagram_data
21481,-4.397679,5.5183215,instagram_data2
31762,-11.676466,-7.1201334,instagram_data2
10116,9.33413,0.92129123,instagram_data
30944,5.7740355,-9.4649315,instagram_data2
26668,-5.8078156,-1.0596504,instagram_data2
22274,1.2988702,9.356091,instagram_data2
21439,-7.135217,-3.222521,instagram_data2
22509,-5.711929,-8.063068,instagram_data2
18149,-0.90096444,0.3391538,instagram_data
25775,4.599369,14.695231,instagram_data2
14196,4.780152,-9.251142,instagram_data
31254,-0.37194934,-4.0887556,instagram_data2
16308,-3.6116836,0.028381495,instagram_data
6974,-8.950562,-1.5132436,instagram_data
26127,-4.047428,-10.062136,instagram_data2
22802,14.590433,-12.732639,instagram_data2
4360,-5.3188577,0.14744732,instagram_data
25630,1.1229488,-13.035511,instagram_data2
25721,-3.964705,-2.26011,instagram_data2
24764,0.63412386,7.4358325,instagram_data2
23908,5.0634604,16.192045,instagram_data2
2376,3.3773568,-5.54974,instagram_data
12899,-1.3847649,6.086593,instagram_data
10206,-2.4790878,0.85466564,instagram_data
29069,1.6441935,-10.183843,instagram_data2
19941,11.364361,6.3468823,instagram_data
24266,0.46388564,-2.2582822,instagram_data2
29746,7.897794,7.678638,instagram_data2
21035,3.557702,9.178793,instagram_data2
1449,-3.1856575,-2.2327187,instagram_data
23868,-3.648039,-2.6068742,instagram_data2
11632,3.8873708,5.3964486,instagram_data
29964,-5.357394,-1.4634593,instagram_data2
9490,3.248047,-10.863848,instagram_data
8101,-7.8665333,-3.0516436,instagram_data
28407,-7.69976,-3.764031,instagram_data2
9224,20.765827,-1.8047619,instagram_data
22806,-10.758235,3.527901,instagram_data2
24671,-7.9150124,0.27559823,instagram_data2
23808,-12.14832,2.362498,instagram_data2
11363,-6.001956,-1.7312816,instagram_data
26568,2.3829467,3.1334186,instagram_data2
9593,-0.8803136,-1.8357131,instagram_data
12257,10.302593,13.521005,instagram_data
13862,-8.251131,0.61067486,instagram_data
5509,-7.44467,0.7236038,instagram_data
15314,16.517908,6.207002,instagram_data
8454,-11.139663,-1.0232391,instagram_data
9690,-12.306494,-0.03216968,instagram_data
25442,6.5104327,-20.241875,instagram_data2
8974,27.652447,-18.604761,instagram_data
26241,20.296766,-25.439165,instagram_data2
20011,-7.0967574,-2.4589584,instagram_data
11781,-9.139981,-1.7687465,instagram_data
5020,10.163399,8.609931,instagram_data
15001,-7.373367,1.5734524,instagram_data
26377,12.331506,-12.973182,instagram_data2
31571,12.849606,-0.0045158,instagram_data2
8671,-14.295167,-2.5474784,instagram_data
20641,-8.898993,2.4290469,instagram_data2
31597,-3.7573664,0.43204278,instagram_data2
5017,5.4888263,5.6024175,instagram_data
18279,19.719162,-8.854081,instagram_data
4979,-0.9338984,5.604543,instagram_data
11872,-3.9636872,-9.634639,instagram_data
1410,5.0452094,-1.8401365,instagram_data
12025,2.0315726,6.341006,instagram_data
29612,4.390661,-1.888927,instagram_data2
29196,-5.439484,1.8733735,instagram_data2
21741,-3.629322,0.20425603,instagram_data2
27236,0.19504434,2.7073529,instagram_data2
2965,-4.3515406,-7.2547984,instagram_data
16963,0.047370955,13.593463,instagram_data
11251,-3.615058,-3.8584886,instagram_data
26192,-11.953225,-2.2270215,instagram_data2
13951,16.921833,10.066641,instagram_data
1229,1.3408825,0.56464756,instagram_data
31477,-5.476256,6.679609,instagram_data2
2697,-1.308897,6.457868,instagram_data
1372,6.4129953,11.456738,instagram_data
18533,5.531054,4.2650456,instagram_data
13582,-11.473935,0.03127694,instagram_data
4597,5.8880434,-0.7728727,instagram_data
11833,7.483507,-3.9430723,instagram_data
23794,-8.797428,-3.684679,instagram_data2
21889,0.8788308,11.102248,instagram_data2
9781,-14.745849,-2.3588135,instagram_data
11901,0.60009027,11.617301,instagram_data
33371,-6.4876113,4.739398,instagram_data2
8607,-4.928161,-0.79529476,instagram_data
34126,-2.763716,4.1776204,instagram_data2
14593,5.9354124,-16.802454,instagram_data
13027,10.168014,9.3094225,instagram_data
9666,-3.1575253,-5.6051335,instagram_data
32853,-4.796747,-2.503035,instagram_data2
6310,-9.887508,5.1562185,instagram_data
33009,-6.602604,-5.011177,instagram_data2
10106,-11.664173,0.21907134,instagram_data
20105,7.2688184,-13.852901,instagram_data
34268,5.069063,-6.6833124,instagram_data2
1292,6.6770415,-4.4167395,instagram_data
21694,12.443665,9.685656,instagram_data2
12338,-10.815436,0.64500046,instagram_data
420,14.598027,-2.0953722,instagram_data
5622,-1.0257891,7.581047,instagram_data
11512,-0.30170807,5.891004,instagram_data
18138,1.8319553,2.6713731,instagram_data
24915,-11.344771,-6.8288608,instagram_data2
25849,2.0143409,-3.101146,instagram_data2
34729,4.324824,8.1677885,instagram_data2
2521,-14.441439,-3.3934984,instagram_data
19016,1.3479989,5.5953674,instagram_data
25398,-5.3193107,2.0914395,instagram_data2
3177,7.027439,15.626334,instagram_data
28616,-1.6315352,-6.0984325,instagram_data2
34679,-1.4365252,-10.176547,instagram_data2
10889,-6.9866843,-5.579428,instagram_data
8287,4.8517356,0.47682863,instagram_data
22129,-8.206952,-6.0397444,instagram_data2
34037,12.430811,-0.34881124,instagram_data2
9680,3.0304782,1.9607605,instagram_data
20034,1.0188341,9.070413,instagram_data
33948,11.638423,-4.108353,instagram_data2
26178,-2.7971814,-2.5782783,instagram_data2
32346,1.8940351,7.2544184,instagram_data2
22944,-5.5378013,-0.046747364,instagram_data2
13518,-14.080937,-2.6052525,instagram_data
29624,-3.191911,5.1129704,instagram_data2
18611,1.1930602,-3.3260314,instagram_data
15397,17.199995,-7.8594522,instagram_data
21761,-2.397088,-8.500641,instagram_data2
11406,16.092047,8.177973,instagram_data
25411,3.5687423,-0.7853388,instagram_data2
20898,17.94222,-8.947509,instagram_data2
17287,-4.271046,2.2846634,instagram_data
10549,1.9222964,-20.087994,instagram_data
29423,-8.943792,-1.2209383,instagram_data2
19058,-6.6515465,-2.7633593,instagram_data
20867,-0.14137131,-2.3803933,instagram_data2
26965,1.9282794,-3.048375,instagram_data2
6125,-13.277305,0.46782854,instagram_data
3857,-10.639945,-5.357171,instagram_data
26906,12.197928,-12.716456,instagram_data2
6861,-4.964591,-9.436023,instagram_data
32574,-10.524525,-1.1234063,instagram_data2
13000,13.383886,12.577461,instagram_data
6180,-9.833166,-0.5655886,instagram_data
33885,0.9338641,11.116938,instagram_data2
33313,-8.7726345,0.9498079,instagram_data2
10400,-2.5179682,1.0006611,instagram_data
11235,-11.342108,-3.5538814,instagram_data
32907,-4.751433,3.5240176,instagram_data2
26152,-8.140391,-6.586122,instagram_data2
25135,-5.9612694,1.386254,instagram_data2
19482,-2.3314757,10.136755,instagram_data
6110,1.9382716,10.177401,instagram_data
25521,6.0968757,3.2932754,instagram_data2
24736,10.017195,4.7090454,instagram_data2
31932,1.3260653,7.842837,instagram_data2
19844,-9.104056,1.5983094,instagram_data
31531,-1.6594756,2.0922377,instagram_data2
26003,-5.8839045,3.339292,instagram_data2
33854,-11.645736,-4.3222337,instagram_data2
13127,-0.17179045,4.3103433,instagram_data
14150,-14.305209,-4.3585677,instagram_data
29555,-6.1412477,5.3232713,instagram_data2
29295,-5.3315525,-14.866087,instagram_data2
28372,5.450467,-10.092802,instagram_data2
20484,-8.615325,3.0071926,instagram_data
30093,5.117408,-10.0345335,instagram_data2
22600,2.691791,-16.563185,instagram_data2
32883,-4.3690023,8.154877,instagram_data2
16296,-9.426409,-0.16430846,instagram_data
16863,-0.95985264,3.4183135,instagram_data
4824,-6.1029263,3.432122,instagram_data
31533,6.111623,6.134265,instagram_data2
4408,1.8534808,5.89981,instagram_data
29915,-3.2405112,3.0770233,instagram_data2
30685,-3.5268073,-6.4430304,instagram_data2
11276,0.63040733,-7.6434536,instagram_data
25160,-12.001095,-4.697638,instagram_data2
1710,-4.579745,-10.103374,instagram_data
8819,10.983714,-12.780786,instagram_data
12674,7.0630336,11.78579,instagram_data
28718,-3.7489188,8.572248,instagram_data2
30465,14.782428,-10.644799,instagram_data2
30091,6.2290196,5.6928344,instagram_data2
5327,-1.2384272,-4.8978176,instagram_data
13799,-3.4285169,-7.8810124,instagram_data
20128,-0.1795086,14.012055,instagram_data
11360,-13.662245,2.4900725,instagram_data
22390,20.789558,5.051644,instagram_data2
34064,-8.988897,-3.4725587,instagram_data2
6674,-0.45081663,9.150516,instagram_data
17883,-3.197759,-10.050965,instagram_data
14680,5.7703404,-1.7057338,instagram_data
28402,-6.8015075,-2.9685245,instagram_data2
14552,-4.414281,3.9115582,instagram_data
12118,-7.706483,1.3830199,instagram_data
20719,1.7022971,8.616571,instagram_data2
34310,-1.4851162,-2.2198582,instagram_data2
30141,-13.869323,-0.37765387,instagram_data2
20204,-9.478984,0.29749954,instagram_data
25872,4.9064403,-9.482622,instagram_data2
15304,1.5426267,-16.095697,instagram_data
27674,-0.7515276,-10.66621,instagram_data2
1351,-6.2658668,-5.55461,instagram_data
8884,-2.8450983,-0.761031,instagram_data
13401,6.7195168,2.5430915,instagram_data
2139,-3.7247548,4.269642,instagram_data
22552,-5.2997,0.1291981,instagram_data2
16500,-5.664578,6.231348,instagram_data
3185,-7.7644515,-3.4534163,instagram_data
28294,-3.1867561,-0.8097841,instagram_data2
24041,-6.280715,-5.0065103,instagram_data2
3544,-9.650723,1.5320728,instagram_data
18936,-10.18035,-4.340657,instagram_data
6936,0.39511403,10.410057,instagram_data
14355,-4.6310415,1.3326203,instagram_data
17539,-7.2938323,2.343514,instagram_data
1512,10.24621,-9.04963,instagram_data
22488,-1.3625817,-0.43952858,instagram_data2
29677,18.763704,-8.938279,instagram_data2
15867,-2.572473,8.199253,instagram_data
33983,-5.0195847,-8.930191,instagram_data2
8998,-12.495616,2.6380482,instagram_data
31079,6.6391563,9.660952,instagram_data2
10536,-13.364129,-2.8728256,instagram_data
3773,-12.239369,-3.1476922,instagram_data
10101,-6.6910505,-2.734171,instagram_data
33511,2.2382703,4.087184,instagram_data2
4777,8.870358,0.88859594,instagram_data
9425,17.618473,-20.339798,instagram_data
19456,42.16104,-27.911642,instagram_data
21952,-4.4558454,-10.040951,instagram_data2
15075,-3.6587625,-3.4818864,instagram_data
24258,-7.998377,3.3094187,instagram_data2
3709,5.5557866,-8.086794,instagram_data
13631,-7.912608,-4.043308,instagram_data
6344,4.1799784,5.6231384,instagram_data
25066,6.7086263,8.936566,instagram_data2
21600,-3.3909068,-9.145398,instagram_data2
20468,10.861995,8.805604,instagram_data
24549,6.431169,-12.498567,instagram_data2
26213,5.456631,12.162219,instagram_data2
13956,4.013762,-6.4315248,instagram_data
11290,-12.166409,-0.5317226,instagram_data
13989,9.212277,-6.6283407,instagram_data
7073,-4.840028,1.7228141,instagram_data
31548,6.5787096,12.042874,instagram_data2
640,2.256064,10.840076,instagram_data
27580,-7.322486,5.548891,instagram_data2
33603,-0.45819157,-1.2826687,instagram_data2
8130,0.43638512,15.1306715,instagram_data
3156,-10.966198,-5.8833237,instagram_data
6651,-4.0027695,-2.1721044,instagram_data
12297,-2.5315578,-0.80229855,instagram_data
153,-7.3026624,0.33705896,instagram_data
1832,-8.723508,-3.2010856,instagram_data
4744,-4.3384304,0.2047852,instagram_data
32250,-2.7667775,0.43391925,instagram_data2
15247,-1.8996594,6.242379,instagram_data
27555,2.3888366,2.5960116,instagram_data2
16566,-0.44569945,-7.5034223,instagram_data
14776,3.6539729,5.610812,instagram_data
3548,-8.785228,-4.7503734,instagram_data
14986,2.8609188,-11.475132,instagram_data
3405,-2.2767003,2.045563,instagram_data
30131,-6.0144577,2.551371,instagram_data2
19340,-5.489264,-11.830331,instagram_data
11893,9.461143,8.436671,instagram_data
3530,5.1138577,-10.571753,instagram_data
17094,-1.956726,1.4834545,instagram_data
4230,4.008818,-2.0850353,instagram_data
2425,-1.9859561,9.593036,instagram_data
10099,5.6674128,9.55097,instagram_data
11586,-2.0994701,2.650404,instagram_data
1306,3.730442,-1.4596578,instagram_data
20997,-5.433004,5.600685,instagram_data2
12938,-3.0138078,-8.311892,instagram_data
8370,-12.72903,0.9429595,instagram_data
15478,11.353729,-6.139239,instagram_data
19911,12.966202,-2.0567951,instagram_data
13962,3.6503239,-2.846421,instagram_data
11035,-6.612401,-0.5830008,instagram_data
31428,4.6661687,9.1898,instagram_data2
26295,0.8117719,-7.0168014,instagram_data2
33213,-14.48313,-3.6657817,instagram_data2
4869,11.590076,5.779165,instagram_data
8456,6.774325,-18.978424,instagram_data
29995,-3.293547,1.3069168,instagram_data2
15568,0.8033582,-16.648273,instagram_data
31041,14.768536,-15.706116,instagram_data2
2525,-4.223473,7.632493,instagram_data
25671,-10.981297,-1.0140796,instagram_data2
2517,1.242111,-1.6376998,instagram_data
5351,-7.017237,-7.246037,instagram_data
32091,11.890367,-3.6607335,instagram_data2
11522,-13.441936,-1.6992663,instagram_data
1797,-3.1953204,-12.528828,instagram_data
33945,-7.6807733,-0.28628996,instagram_data2
680,3.528304,12.0769415,instagram_data
22124,5.4947076,-9.819964,instagram_data2
5872,-11.549121,-5.451533,instagram_data
12794,-5.9464545,6.593425,instagram_data
15850,-0.14294435,4.087429,instagram_data
10273,-9.257555,-2.7462242,instagram_data
5876,-10.05846,-3.7438512,instagram_data
28794,7.1949577,4.6875167,instagram_data2
5943,-2.932922,7.3890295,instagram_data
23939,-0.9838142,-2.9503257,instagram_data2
8883,-3.1763508,-1.9064858,instagram_data
34282,-3.0253336,-9.213924,instagram_data2
18743,-1.5445135,-3.718152,instagram_data
7204,-12.429694,-2.857259,instagram_data
26011,-8.696828,1.0398883,instagram_data2
25846,-11.174855,-1.4575367,instagram_data2
11896,6.3039412,1.6435838,instagram_data
9268,-2.1196332,9.273884,instagram_data
15299,5.8296566,1.6674393,instagram_data
23190,6.7228327,8.711524,instagram_data2
33644,-10.870229,-5.9319897,instagram_data2
3784,9.960948,3.671182,instagram_data
30404,7.2955327,-3.6681843,instagram_data2
4109,-2.2326844,11.191592,instagram_data
23311,-6.5972323,-0.7668658,instagram_data2
5714,-6.7406206,4.6991267,instagram_data
4228,9.451009,-17.622328,instagram_data
25678,4.643006,5.6227684,instagram_data2
23544,27.898342,8.434024,instagram_data2
7184,-4.655321,11.474565,instagram_data
21017,-0.6469815,11.802814,instagram_data2
25733,10.388172,-1.7387176,instagram_data2
19777,-11.298066,-2.4855452,instagram_data
10838,20.083534,-12.835291,instagram_data
30918,-7.5699024,0.8948629,instagram_data2
15595,-0.94648945,1.4418514,instagram_data
18328,4.036078,3.815623,instagram_data
25181,-0.54655653,-6.3158274,instagram_data2
782,-11.7636795,3.7694876,instagram_data
11388,9.924743,6.596023,instagram_data
29930,21.560858,-4.3572617,instagram_data2
4300,-9.753195,-2.7183225,instagram_data
1876,-3.5813456,-4.1282706,instagram_data
11803,0.5769675,0.5347156,instagram_data
23289,-7.395716,-10.171727,instagram_data2
8449,-2.314918,-0.26105613,instagram_data
110,6.249718,-11.027955,instagram_data
20341,-3.5608203,3.9162223,instagram_data
13303,-8.071762,-3.0401635,instagram_data
19072,1.8516321,3.7928622,instagram_data
22740,-9.609896,3.929469,instagram_data2
15413,9.182197,-10.273131,instagram_data
18262,3.610747,16.015722,instagram_data
33588,-5.6596265,-6.222382,instagram_data2
17430,-3.6511524,-4.753996,instagram_data
588,3.8199046,8.039799,instagram_data
148,-5.861999,0.14661638,instagram_data
20861,-11.553624,-2.3671505,instagram_data2
6641,1.0093348,3.65004,instagram_data
8531,-7.581652,-0.7593639,instagram_data
1676,-8.7241125,0.62853616,instagram_data
30816,16.699427,-3.8839567,instagram_data2
6029,9.403641,0.30087793,instagram_data
25700,0.5146095,2.2256474,instagram_data2
1620,16.276653,3.4337637,instagram_data
32621,-9.072989,-7.534285,instagram_data2
28951,5.2352915,16.07268,instagram_data2
24482,2.5856843,-6.5359716,instagram_data2
21637,-4.89144,5.2465477,instagram_data2
28993,32.51867,-6.7835526,instagram_data2
24777,3.6779242,6.439198,instagram_data2
22170,-9.010491,0.2084141,instagram_data2
11476,2.20017,-2.392655,instagram_data
30497,-1.3877425,-3.3152237,instagram_data2
4294,-3.5202136,1.0839751,instagram_data
8624,7.2945952,-2.9768796,instagram_data
25814,1.7266115,-9.585011,instagram_data2
10305,-6.117694,-2.799069,instagram_data
12673,14.486338,3.4630709,instagram_data
17342,1.0309252,4.277016,instagram_data
25375,-0.81658155,-6.4647975,instagram_data2
10656,-4.110317,4.3696327,instagram_data
22448,9.001976,1.9836214,instagram_data2
21188,1.6741567,5.3006177,instagram_data2
14362,-0.49438712,6.14827,instagram_data
30029,-7.4996405,-2.5869706,instagram_data2
4347,-2.7101512,-4.829386,instagram_data
17346,-11.102394,-4.912941,instagram_data
32510,1.4966558,9.621786,instagram_data2
16810,2.8106668,11.468206,instagram_data
34300,13.383839,-0.53315955,instagram_data2
33851,9.430069,0.77604,instagram_data2
10443,-6.2092643,3.6307049,instagram_data
2702,-1.8914064,3.4356375,instagram_data
15755,-6.9252133,0.09089289,instagram_data
10674,-6.5731564,0.05680546,instagram_data
20404,0.7065907,-3.0032375,instagram_data
18234,-10.78102,-3.172917,instagram_data
11240,1.4989079,-2.2554357,instagram_data
14539,14.892409,-13.698282,instagram_data
128,4.947215,2.357527,instagram_data
12266,4.5740256,2.8625886,instagram_data
2172,7.8534226,17.383108,instagram_data
3520,-5.1436043,6.2345657,instagram_data
7523,5.656128,5.788553,instagram_data
22532,-12.535428,3.586184,instagram_data2
16408,15.616975,4.8092413,instagram_data
34008,0.43348885,8.169532,instagram_data2
3045,-7.3053837,-1.3635314,instagram_data
5048,-10.122018,-0.5892894,instagram_data
22798,-8.079222,2.8221028,instagram_data2
1745,12.409442,-0.32365704,instagram_data
9584,-6.147219,-3.2681074,instagram_data
26657,10.405881,7.661311,instagram_data2
30968,-5.97943,-10.334691,instagram_data2
20207,-0.5156166,5.234313,instagram_data
16738,-10.445511,3.1188633,instagram_data
26841,7.9500937,7.975337,instagram_data2
31027,-6.3488827,-1.2262653,instagram_data2
2693,-11.051439,-1.5936571,instagram_data
28918,-3.0599058,-1.1861206,instagram_data2
11164,-8.917316,-3.187827,instagram_data
11471,-4.0156817,-13.3387,instagram_data
8972,14.275655,10.572836,instagram_data
32194,31.746628,-18.08767,instagram_data2
25804,-2.0691316,0.025534574,instagram_data2
11049,5.834091,-1.9087418,instagram_data
19430,9.042117,-10.107361,instagram_data
19502,-7.265438,0.08942251,instagram_data
1332,7.204785,-9.252576,instagram_data
21531,14.762752,-10.463711,instagram_data2
24712,-6.5986543,2.1408951,instagram_data2
29199,3.6519275,-7.9990497,instagram_data2
11802,-4.62922,-2.8203816,instagram_data
7878,-3.0116825,5.4613905,instagram_data
29682,2.4138618,1.543038,instagram_data2
1382,-10.185055,0.015142503,instagram_data
8115,-5.869042,-2.7608209,instagram_data
1919,17.954884,-5.1880264,instagram_data
18200,10.39782,-5.922958,instagram_data
17328,-6.1053805,-3.604299,instagram_data
33712,6.214346,8.890011,instagram_data2
30307,1.3746957,1.0677375,instagram_data2
12476,4.177716,20.115936,instagram_data
16558,10.314533,15.799255,instagram_data
11478,2.6094246,5.072649,instagram_data
7608,0.81073904,8.955006,instagram_data
22855,7.030086,8.247178,instagram_data2
6072,-9.903107,2.2672338,instagram_data
32239,18.46128,-14.586545,instagram_data2
10387,-6.7000933,3.932207,instagram_data
6241,-0.25755197,6.432304,instagram_data
33855,-9.113186,-4.0763206,instagram_data2
17601,-8.195326,1.8145932,instagram_data
31780,-1.7854495,0.36985415,instagram_data2
27068,-7.696589,2.5242896,instagram_data2
7413,5.0081024,4.5963945,instagram_data
4288,3.2331057,6.7708354,instagram_data
15238,4.603334,9.663695,instagram_data
22352,-3.7378435,-11.07257,instagram_data2
1451,5.446682,9.654977,instagram_data
20217,-1.6708828,11.194878,instagram_data
19160,-1.6231401,4.8323274,instagram_data
27642,6.8610277,6.6195374,instagram_data2
19222,-6.503581,1.2484001,instagram_data
9004,-7.442684,-4.574033,instagram_data
14970,8.879557,-1.2656552,instagram_data
3692,0.9969561,2.514835,instagram_data
10641,4.0397043,1.0219022,instagram_data
19421,-0.86722857,-9.053388,instagram_data
21595,-5.846074,-7.4580507,instagram_data2
24146,-12.453809,-3.8105135,instagram_data2
17556,-3.7393968,1.3179736,instagram_data
14120,-2.249763,-4.4657607,instagram_data
1865,10.85295,-10.95621,instagram_data
32915,-8.498451,0.00039571594,instagram_data2
26597,10.442039,4.3178606,instagram_data2
28202,-10.622799,-2.7248957,instagram_data2
20866,-2.901132,-10.452247,instagram_data2
6249,-1.236854,-4.059616,instagram_data
32141,-8.607135,-5.7351284,instagram_data2
859,7.127688,15.571314,instagram_data
4049,-0.67607546,-1.578815,instagram_data
2885,-1.1925251,11.6109085,instagram_data
32479,-0.5386124,-0.5311725,instagram_data2
11796,-7.1349616,8.105563,instagram_data
26142,13.174925,5.1732054,instagram_data2
26041,15.886948,-15.835483,instagram_data2
21243,3.1353772,1.7382708,instagram_data2
14673,5.710551,2.0381193,instagram_data
5960,12.749508,-13.0950165,instagram_data
12111,-0.66753525,-7.0648284,instagram_data
29038,4.3990192,15.503894,instagram_data2
23826,4.877486,-10.963043,instagram_data2
17701,1.5051471,7.051966,instagram_data
19975,3.3414803,15.9274,instagram_data
9999,-5.793109,1.0945626,instagram_data
28549,0.77642566,2.1709814,instagram_data2
5717,-10.101269,2.076531,instagram_data
29806,3.358468,7.646694,instagram_data2
15640,-6.540975,5.886951,instagram_data
7595,0.09417437,-6.5829434,instagram_data
28657,-3.0062256,10.215093,instagram_data2
25799,-0.9020284,0.70824486,instagram_data2
21331,-9.118647,-2.952616,instagram_data2
30460,-1.2413135,5.835369,instagram_data2
791,0.52638704,12.169354,instagram_data
23444,-4.038436,2.5986533,instagram_data2
10227,-3.7352057,9.182206,instagram_data
28432,7.6958523,-9.33852,instagram_data2
19559,4.4878197,-13.483904,instagram_data
8036,-9.886175,1.9297231,instagram_data
29928,2.874836,1.8580455,instagram_data2
33833,5.8480377,5.809937,instagram_data2
28752,-3.5266612,-1.4738632,instagram_data2
21052,-6.024354,-4.026414,instagram_data2
22348,-10.708983,-0.58254886,instagram_data2
31288,-2.11554,3.2755792,instagram_data2
23944,-1.826111,-3.4336913,instagram_data2
518,-3.5254748,9.379134,instagram_data
19299,-6.8013377,-6.3725753,instagram_data
785,-13.947238,-0.25751498,instagram_data
34557,-0.013737277,-6.1179156,instagram_data2
4065,7.55829,-2.3830879,instagram_data
12657,-6.0805244,1.8077499,instagram_data
15665,-3.7046332,-12.909588,instagram_data
11939,7.439928,10.99071,instagram_data
29023,3.7870789,0.9409952,instagram_data2
26365,-0.30296835,-3.5689456,instagram_data2
608,-3.6902897,7.633353,instagram_data
14322,7.3028636,-10.718305,instagram_data
28404,-4.888605,-7.592044,instagram_data2
10092,-10.022738,1.1739064,instagram_data
28851,-7.297485,5.6064444,instagram_data2
32572,-8.402582,3.0522466,instagram_data2
26025,3.7995427,-11.411665,instagram_data2
14467,7.687904,5.710486,instagram_data
34291,6.4931755,-6.7594047,instagram_data2
27243,-3.1104505,-1.32064,instagram_data2
17996,-3.2931361,0.22255719,instagram_data
14374,-1.1047778,5.0816183,instagram_data
2809,-9.999984,3.7687216,instagram_data
32430,3.5984514,8.098291,instagram_data2
29795,-3.0304923,0.01139294,instagram_data2
1792,2.3755083,1.0671175,instagram_data
12506,-1.5650742,-13.678977,instagram_data
14484,1.0745957,-3.3180764,instagram_data
15097,11.696761,-8.035135,instagram_data
20209,4.6458936,-8.959866,instagram_data
14401,-0.36819544,5.022253,instagram_data
6065,-3.186591,3.6099977,instagram_data
29263,-6.8997808,-1.4889885,instagram_data2
24938,1.4760193,4.3827477,instagram_data2
31787,-4.2475834,-6.3060827,instagram_data2
12169,-8.956053,4.7904825,instagram_data
3679,-16.203917,-1.9330361,instagram_data
5198,1.4424484,-4.828224,instagram_data
16509,-2.210016,3.4580677,instagram_data
16968,13.921287,2.2557287,instagram_data
13856,-2.46223,-1.8521103,instagram_data
7766,-0.7848085,2.13535,instagram_data
21338,5.3298025,6.60712,instagram_data2
34231,3.6560585,3.4966943,instagram_data2
20781,12.328366,-8.549504,instagram_data2
17588,-6.5900645,-0.47416255,instagram_data
32773,-1.3207352,-2.8671496,instagram_data2
15747,-3.9478877,-1.157828,instagram_data
7956,-6.016151,0.39913654,instagram_data
11953,-14.093497,-0.7415607,instagram_data
14365,15.384207,-0.9912378,instagram_data
10238,-5.3603206,-2.5290377,instagram_data
13115,19.505735,-7.424715,instagram_data
17504,-7.4321303,-5.90868,instagram_data
8390,19.905584,-2.980199,instagram_data
9610,-2.7762475,-0.60245484,instagram_data
13458,5.5882697,1.0359817,instagram_data
12437,-13.428939,0.020797636,instagram_data
1448,31.5133,-24.931551,instagram_data
21696,8.04432,2.32294,instagram_data2
34146,0.42321923,15.838229,instagram_data2
17848,3.5098355,-15.412337,instagram_data
9871,-4.4787955,2.9506981,instagram_data
32080,0.41907787,9.783444,instagram_data2
7331,-7.6262527,-4.59595,instagram_data
5042,-0.53122985,0.8620691,instagram_data
15102,25.116163,-12.244304,instagram_data
10511,-7.630395,-4.304799,instagram_data
31554,-5.5607615,-2.4602602,instagram_data2
5609,-5.2220635,-5.073146,instagram_data
25223,5.6866403,19.817728,instagram_data2
5868,3.3864202,-4.5363564,instagram_data
19442,12.412401,11.403647,instagram_data
1931,8.165254,-13.210635,instagram_data
17690,-6.101592,-5.146041,instagram_data
20977,-2.9989388,10.615857,instagram_data2
34091,-4.770241,-0.2962319,instagram_data2
19133,4.42937,-10.839363,instagram_data
24485,7.37092,6.9298296,instagram_data2
19121,-3.1586788,3.0650783,instagram_data
1959,5.019271,6.869296,instagram_data
9563,-7.1921906,6.9966702,instagram_data
19096,29.378075,-23.305084,instagram_data
28439,7.5530367,13.40289,instagram_data2
18775,-7.932751,-5.1412406,instagram_data
4188,0.19890642,1.7726868,instagram_data
26859,-6.8397017,6.5467076,instagram_data2
19449,-7.899351,8.760962,instagram_data
17025,-1.0533751,9.322854,instagram_data
14684,9.633438,-12.153672,instagram_data
31098,-9.726826,-1.411061,instagram_data2
7853,1.0568353,11.009048,instagram_data
28093,-0.82582164,1.4440509,instagram_data2
34138,-7.1347446,-4.129415,instagram_data2
22288,0.935559,3.519261,instagram_data2
5541,-8.69631,2.3226948,instagram_data
33672,-4.019808,-1.8391511,instagram_data2
28931,-5.3002305,-5.3036504,instagram_data2
28213,-6.9569683,-2.5875528,instagram_data2
7999,0.48653445,-1.7065041,instagram_data
20865,1.0501177,-2.620944,instagram_data2
34796,-11.288101,-2.1692097,instagram_data2
5261,-10.777491,-3.824549,instagram_data
8562,9.018044,-8.538768,instagram_data
14660,10.66781,-13.801876,instagram_data
13864,4.4889717,-2.947461,instagram_data
19353,-6.918325,-4.0132265,instagram_data
11017,-8.750294,6.4292645,instagram_data
6108,-0.15968148,-7.5294127,instagram_data
5252,2.006841,13.714001,instagram_data
7617,-4.8168364,-11.650345,instagram_data
8388,-1.9428893,3.2109427,instagram_data
4490,-4.870742,7.972887,instagram_data
26587,8.591016,-4.047757,instagram_data2
33161,-15.332871,-4.3350334,instagram_data2
30824,-1.2633287,0.9523812,instagram_data2
19575,3.8977392,-4.797067,instagram_data
6625,3.573393,4.279495,instagram_data
26736,6.79361,13.228873,instagram_data2
31218,-2.897391,-1.6589413,instagram_data2
12808,-5.810931,0.1283592,instagram_data
6907,-10.444548,-2.5567155,instagram_data
8242,-2.8041883,3.1999447,instagram_data
21436,-5.253099,-10.548726,instagram_data2
10768,5.7038527,9.648113,instagram_data
18293,0.7635172,5.0107727,instagram_data
27240,-6.0948772,-9.47012,instagram_data2
1618,10.249822,6.228395,instagram_data
2368,8.709248,-12.96945,instagram_data
29690,14.273715,7.5546327,instagram_data2
29643,20.166737,-0.20868751,instagram_data2
259,-9.603995,-2.77914,instagram_data
3838,6.40593,-10.300684,instagram_data
890,-12.124756,-2.4702857,instagram_data
18007,27.98373,-19.749846,instagram_data
20642,-2.6262064,-0.56035125,instagram_data2
25471,-2.7527943,0.5930289,instagram_data2
11232,-10.597284,0.5181615,instagram_data
14968,-1.3253578,1.011719,instagram_data
15165,14.375939,-21.88297,instagram_data
27507,11.327697,-0.89603883,instagram_data2
21245,0.98039615,3.296671,instagram_data2
11378,-0.9014859,-4.029968,instagram_data
22147,7.93676,11.371885,instagram_data2
11275,6.832118,-0.92300636,instagram_data
21956,-3.1227381,2.3869069,instagram_data2
16317,-9.22136,4.3735313,instagram_data
30664,-3.9501934,-2.2165985,instagram_data2
18663,-4.6818366,2.5958297,instagram_data
29299,-6.068217,-5.4907804,instagram_data2
12987,3.6133578,2.6817195,instagram_data
32075,2.0060685,-3.259903,instagram_data2
20783,-4.401381,12.396272,instagram_data2
15261,-5.3356905,8.291555,instagram_data
33455,-0.70032233,1.4379878,instagram_data2
20963,6.1667256,1.236694,instagram_data2
17102,-3.5536513,15.463419,instagram_data
16981,5.4854975,-15.348274,instagram_data
27377,21.828197,22.338753,instagram_data2
17674,-10.07354,-3.6211038,instagram_data
29899,13.879266,-1.7338358,instagram_data2
10163,-7.5709786,1.9905666,instagram_data
2241,3.3005254,-14.156297,instagram_data
6873,-2.5602288,-1.9775147,instagram_data
26347,-3.706888,4.799029,instagram_data2
25344,-0.72782075,9.561608,instagram_data2
33767,-1.6825018,-0.6835349,instagram_data2
7132,-11.520608,-1.5494722,instagram_data
2692,-0.3097144,7.7367215,instagram_data
18560,-2.7827218,8.187788,instagram_data
21364,-13.592663,-2.7939644,instagram_data2
8200,-1.2282789,0.1686695,instagram_data
7079,0.9567674,14.29476,instagram_data
14061,15.702068,-9.544781,instagram_data
28406,15.7383585,7.4520802,instagram_data2
24501,-4.375269,7.1109467,instagram_data2
29355,9.63176,8.581484,instagram_data2
22719,-4.632563,5.3729305,instagram_data2
23991,-5.049097,-1.4948682,instagram_data2
27023,7.80011,-8.099651,instagram_data2
22827,-4.700434,4.29778,instagram_data2
15348,-6.1705546,-1.9354208,instagram_data
22825,-4.528979,-7.6789193,instagram_data2
1531,15.9604435,-10.061346,instagram_data
32775,2.0529904,-9.56116,instagram_data2
5818,11.947483,7.0715537,instagram_data
22309,0.2047865,-8.325865,instagram_data2
26779,0.22532517,4.3170166,instagram_data2
9129,-5.80768,-1.1471364,instagram_data
23151,-8.199509,2.9507189,instagram_data2
18172,5.0014853,2.057611,instagram_data
7618,10.464438,5.9690676,instagram_data
11829,-6.849443,-0.8123632,instagram_data
